Rk,Player,Nation,Pos,Squad,Age,Born,90s,Tkl,TklW,Def 3rd,Mid 3rd,Att 3rd,Drib_Tkl,Drib_Att,Drib_Tkl%,Drib_Past,Press,Press_Succ,Press_%,Press_Def 3rd,Press_Mid 3rd,Press_Att 3rd,Blocks,Sh,ShSv,Pass,Int,Tkl+Int,Clr,Err,Matches
1,Patrick van Aanholt\Patrick-van-Aanholt,nl NED,DF,Crystal Palace,28,1990,27.9,1.83,1.15,1.18,0.57,0.07,0.79,1.94,40.7,1.15,9.57,2.65,27.7,5.70,2.54,1.33,2.04,0.47,0.04,1.58,0.82,2.65,2.40,0.11,Matches
2,Max Aarons\Max-Aarons,eng ENG,DF,Norwich City,19,2000,36.0,1.78,1.00,1.11,0.47,0.19,0.58,1.25,46.7,0.67,13.5,3.67,27.1,7.86,3.94,1.72,2.78,0.83,0.06,1.94,0.56,2.33,2.39,0.00,Matches
3,Tammy Abraham\Tammy-Abraham,eng ENG,FW,Chelsea,21,1997,24.6,0.57,0.41,0.16,0.20,0.20,0.16,0.65,25.0,0.49,17.5,5.28,30.2,0.77,6.91,9.80,0.93,0.20,0.00,0.73,0.20,0.77,1.06,0.00,Matches
4,Che Adams\Che-Adams,eng ENG,FW,Southampton,23,1996,12.3,0.65,0.49,0.16,0.33,0.16,0.00,0.41,0.0,0.41,18.8,4.72,25.1,0.73,7.89,10.2,0.81,0.08,0.00,0.73,0.24,0.89,0.81,0.00,Matches
5,Adrián\Adrian,es ESP,GK,Liverpool,32,1987,9.7,0.00,0.00,0.00,0.00,0.00,0.00,0.10,0.0,0.10,0.21,0.00,0.0,0.21,0.00,0.00,0.00,0.00,0.00,0.00,0.00,0.00,0.00,0.21,Matches
6,Sergio Agüero\Sergio-Aguero,ar ARG,FW,Manchester City,31,1988,16.1,0.43,0.31,0.00,0.25,0.19,0.06,0.37,16.7,0.31,13.8,3.48,25.2,0.81,4.60,8.39,0.93,0.12,0.00,0.81,0.12,0.56,0.19,0.00,Matches
7,Albian Ajeti\Albian-Ajeti,ch SUI,MFFW,West Ham,22,1997,1.5,0.67,0.00,0.00,0.00,0.67,0.00,0.00,,0.00,14.0,0.67,4.8,2.00,4.00,8.00,0.00,0.00,0.00,0.00,0.67,1.33,0.00,0.00,Matches
8,Nathan Aké\Nathan-Ake,nl NED,DF,Bournemouth,24,1995,27.8,0.90,0.40,0.72,0.18,0.00,0.25,0.86,29.2,0.61,7.99,2.37,29.7,5.25,2.37,0.36,2.12,1.08,0.00,1.04,0.97,1.87,6.33,0.04,Matches
9,Marc Albrighton\Marc-Albrighton,eng ENG,MFDF,Leicester City,29,1989,9.6,2.40,1.15,1.15,1.15,0.10,0.73,3.02,24.1,2.29,19.9,6.77,34.0,4.79,9.79,5.31,1.88,0.10,0.00,1.77,0.94,3.33,0.73,0.00,Matches
10,Toby Alderweireld\Toby-Alderweireld,be BEL,DF,Tottenham,30,1989,32.9,1.34,0.73,0.73,0.52,0.09,0.43,1.09,38.9,0.67,7.84,2.52,32.2,5.14,2.40,0.30,2.10,1.03,0.03,1.06,0.33,1.67,6.96,0.09,Matches
11,Trent Alexander-Arnold\Trent-Alexander-Arnold,eng ENG,DF,Liverpool,20,1998,35.3,1.64,0.71,1.08,0.40,0.17,0.96,2.41,40.0,1.44,11.6,3.71,32.0,5.47,3.48,2.63,1.50,0.25,0.00,1.25,0.96,2.61,2.78,0.06,Matches
12,Alisson\Alisson,br BRA,GK,Liverpool,26,1992,28.3,0.00,0.00,0.00,0.00,0.00,0.00,0.11,0.0,0.11,0.18,0.04,20.0,0.18,0.00,0.00,0.00,0.00,0.00,0.00,0.04,0.04,0.07,0.04,Matches
13,Dele Alli\Dele-Alli,eng ENG,MFFW,Tottenham,23,1996,20.5,2.00,1.41,0.49,1.17,0.34,0.39,1.56,25.0,1.17,23.4,6.59,28.2,5.27,11.4,6.68,2.59,0.34,0.00,2.24,0.34,2.34,0.83,0.00,Matches
14,Miguel Almirón\Miguel-Almiron,py PAR,MFFW,Newcastle Utd,25,1994,33.6,1.85,1.07,1.01,0.51,0.33,0.39,1.37,28.3,0.98,21.8,5.21,23.9,7.08,8.24,6.46,1.31,0.03,0.00,1.28,0.60,2.44,0.48,0.00,Matches
15,Marcos Alonso\Marcos-Alonso,es ESP,DF,Chelsea,28,1990,15.9,1.70,1.19,1.07,0.38,0.25,0.31,1.76,17.9,1.45,13.5,5.53,40.9,5.60,5.28,2.64,1.89,0.06,0.00,1.82,0.88,2.58,3.02,0.00,Matches
16,Steven Alzate\Steven-Alzate,co COL,MFDF,Brighton,20,1998,13.2,2.12,1.74,1.74,0.23,0.15,0.76,1.67,45.5,0.91,17.8,5.83,32.8,7.50,7.12,3.18,1.97,0.23,0.00,1.74,0.76,2.88,1.06,0.00,Matches
17,Ibrahim Amadou\Ibrahim-Amadou,fr FRA,DFMF,Norwich City,26,1993,8.4,2.50,0.83,1.43,0.95,0.12,0.36,1.31,27.3,0.95,12.7,3.10,24.3,7.62,4.76,0.36,0.95,0.71,0.00,0.24,1.31,3.81,6.90,0.12,Matches
18,Felipe Anderson\Felipe-Anderson,br BRA,MFFW,West Ham,26,1993,16.6,2.71,1.81,1.20,1.08,0.42,0.66,2.89,22.9,2.23,22.3,6.27,28.1,5.54,11.4,5.36,1.27,0.06,0.00,1.20,0.84,3.55,0.84,0.00,Matches
19,Florin Andone\Florin-Andone,ro ROU,MFFW,Brighton,26,1993,0.8,2.50,2.50,0.00,1.25,1.25,0.00,0.00,,0.00,8.75,1.25,14.3,1.25,3.75,3.75,1.25,1.25,0.00,0.00,0.00,2.50,1.25,0.00,Matches
20,Angeli?o\Angelino,es ESP,DF,Manchester City,22,1997,4.7,1.70,1.06,0.85,0.64,0.21,1.06,1.28,83.3,0.21,10.0,3.83,38.3,2.98,5.32,1.70,0.85,0.00,0.00,0.85,1.06,2.77,3.83,0.00,Matches
21,Faustino Anjorin\Faustino-Anjorin,eng ENG,FW,Chelsea,17,2001,0.2,5.00,0.00,5.00,0.00,0.00,0.00,0.00,,0.00,10.0,5.00,50.0,0.00,10.0,0.00,5.00,0.00,0.00,5.00,0.00,5.00,0.00,0.00,Matches
22,Michail Antonio\Michail-Antonio,eng ENG,FW,West Ham,29,1990,19.6,0.71,0.51,0.26,0.20,0.26,0.10,0.71,14.3,0.61,17.2,3.98,23.1,1.58,7.70,7.91,1.33,0.26,0.00,1.07,0.41,1.12,0.46,0.00,Matches
23,Stuart Armstrong\Stuart-Armstrong,sco SCO,MF,Southampton,27,1992,19.1,2.57,1.31,1.41,0.73,0.42,0.68,2.41,28.3,1.73,21.4,6.75,31.6,6.02,9.79,5.55,1.26,0.26,0.00,0.99,0.47,3.04,1.15,0.05,Matches
24,Kepa Arrizabalaga\Kepa-Arrizabalaga,es ESP,GK,Chelsea,24,1994,33.0,0.00,0.00,0.00,0.00,0.00,0.00,0.06,0.0,0.06,0.09,0.03,33.3,0.09,0.00,0.00,0.00,0.00,0.00,0.00,0.00,0.00,0.03,0.06,Matches
25,Christian Atsu\Christian-Atsu,gh GHA,FWMF,Newcastle Utd,27,1992,8.3,1.45,1.08,0.48,0.72,0.24,0.48,1.81,26.7,1.33,29.3,5.66,19.3,11.9,12.5,4.82,3.37,0.12,0.00,3.25,0.84,2.29,0.72,0.00,Matches
26,Pierre-Emerick Aubameyang\Pierre-Emerick-Aubameyang,ga GAB,FW,Arsenal,30,1989,34.8,1.12,0.69,0.43,0.40,0.29,0.34,1.44,24.0,1.09,16.5,3.74,22.7,3.25,7.36,5.86,1.70,0.06,0.00,1.64,0.26,1.38,0.46,0.00,Matches
27,Serge Aurier\Serge-Aurier,ci CIV,DF,Tottenham,26,1992,30.0,3.27,1.83,2.20,0.87,0.20,1.07,2.03,52.5,0.97,17.4,5.10,29.4,8.80,6.17,2.40,1.93,0.23,0.00,1.70,0.97,4.23,3.50,0.03,Matches
28,Jordan Ayew\Jordan-Ayew,gh GHA,FWMF,Crystal Palace,27,1991,35.0,1.54,0.83,0.46,0.60,0.49,0.43,1.29,33.3,0.86,29.1,6.26,21.5,5.11,14.7,9.29,1.00,0.17,0.00,0.83,0.40,1.94,0.57,0.00,Matches
29,César Azpilicueta\Cesar-Azpilicueta,es ESP,DF,Chelsea,29,1989,35.9,2.84,1.70,1.39,1.06,0.39,1.03,2.06,50.0,1.03,15.8,5.18,32.7,6.96,6.16,2.70,2.26,0.56,0.00,1.70,1.09,3.93,4.07,0.00,Matches
30,Eric Bailly\Eric-Bailly,ci CIV,DF,Manchester Utd,25,1994,1.7,0.00,0.00,0.00,0.00,0.00,0.00,0.59,0.0,0.59,10.0,2.35,23.5,5.88,4.12,0.00,1.76,1.76,0.00,0.00,1.18,1.18,4.12,0.00,Matches
31,Leighton Baines\Leighton-Baines,eng ENG,DF,Everton,34,1984,4.5,2.22,1.33,1.56,0.44,0.22,0.44,1.56,28.6,1.11,11.3,3.11,27.5,6.22,2.22,2.89,2.44,0.44,0.00,2.00,0.44,2.67,2.67,0.00,Matches
32,Fabián Balbuena\Fabian-Balbuena,py PAR,DF,West Ham,27,1991,13.1,1.37,0.84,1.07,0.23,0.08,0.46,1.98,23.1,1.53,8.85,3.05,34.5,6.95,1.68,0.23,2.06,0.53,0.00,1.53,1.15,2.52,7.10,0.08,Matches
33,George Baldock\George-Baldock,eng ENG,DF,Sheffield Utd,26,1993,38.0,1.92,1.18,1.13,0.45,0.34,0.63,1.26,50.0,0.63,14.8,4.13,27.9,6.42,5.47,2.92,1.66,0.13,0.00,1.53,0.79,2.71,2.29,0.08,Matches
34,Phil Bardsley\Phil-Bardsley,sco SCO,DF,Burnley,34,1985,21.0,2.62,1.57,1.00,1.19,0.43,0.86,1.57,54.5,0.71,11.1,3.10,27.8,4.81,5.29,1.05,2.05,0.57,0.05,1.48,0.71,3.33,4.19,0.00,Matches
35,Ross Barkley\Ross-Barkley,eng ENG,MF,Chelsea,25,1993,12.3,1.30,0.89,0.49,0.65,0.16,0.33,1.38,23.5,1.06,13.7,3.90,28.6,1.30,7.97,4.39,0.89,0.24,0.08,0.65,0.49,1.79,0.98,0.00,Matches
36,Ashley Barnes\Ashley-Barnes,eng ENG,FW,Burnley,29,1989,15.0,0.40,0.27,0.07,0.20,0.13,0.13,0.87,15.4,0.73,18.3,4.20,22.9,1.33,8.20,8.80,1.13,0.27,0.00,0.87,0.33,0.73,0.93,0.00,Matches
37,Harvey Barnes\Harvey-Barnes,eng ENG,MFFW,Leicester City,21,1997,23.1,0.95,0.52,0.43,0.39,0.13,0.30,1.13,26.9,0.82,14.2,3.72,26.2,2.99,6.67,4.55,1.00,0.17,0.00,0.82,0.26,1.21,0.30,0.04,Matches
38,Chris Basham\Chris-Basham,eng ENG,DF,Sheffield Utd,31,1988,36.0,2.33,1.39,1.58,0.64,0.11,0.89,2.19,40.5,1.31,11.4,3.69,32.4,7.22,3.25,0.92,1.58,0.53,0.03,1.06,1.11,3.44,7.33,0.06,Matches
39,Borja Bastón\Borja-Baston,es ESP,MFFW,Aston Villa,26,1992,0.2,0.00,0.00,0.00,0.00,0.00,0.00,10.0,0.0,10.0,50.0,5.00,10.0,0.00,45.0,5.00,5.00,0.00,0.00,5.00,0.00,0.00,5.00,5.00,Matches
40,Michy Batshuayi\Michy-Batshuayi,be BEL,FW,Chelsea,25,1993,2.7,0.74,0.37,0.74,0.00,0.00,0.00,0.74,0.0,0.74,26.7,6.30,23.6,1.85,12.6,12.2,1.48,0.74,0.00,0.74,0.00,0.74,0.37,0.00,Matches
41,Jan Bednarek\Jan-Bednarek,pl POL,DF,Southampton,23,1996,34.0,2.06,1.12,1.38,0.47,0.21,0.94,2.15,43.8,1.21,9.44,3.00,31.8,6.06,3.00,0.38,1.79,0.76,0.00,1.03,1.29,3.35,9.68,0.12,Matches
42,Héctor Bellerín\Hector-Bellerin,es ESP,DF,Arsenal,24,1995,12.9,1.78,1.24,0.93,0.54,0.31,0.70,2.40,29.0,1.71,14.2,3.57,25.1,5.50,6.74,1.94,2.17,0.31,0.00,1.86,0.78,2.56,2.64,0.00,Matches
43,Ryan Bennett\Ryan-Bennett,eng ENG,DF,Wolves,29,1990,6.7,0.60,0.45,0.60,0.00,0.00,0.30,1.04,28.6,0.75,9.10,2.24,24.6,6.12,2.84,0.15,2.24,1.04,0.00,1.19,0.90,1.49,6.72,0.15,Matches
44,Ryan Bennett\Ryan-Bennett,eng ENG,DF,Leicester City,29,1990,3.7,1.35,0.54,0.54,0.81,0.00,1.08,1.62,66.7,0.54,9.46,1.89,20.0,3.78,5.14,0.54,0.81,0.27,0.00,0.54,0.81,2.16,4.05,0.00,Matches
45,Nabil Bentaleb\Nabil-Bentaleb,dz ALG,MF,Newcastle Utd,24,1994,8.3,3.61,2.77,2.41,1.20,0.00,1.08,3.01,36.0,1.93,21.3,7.23,33.9,8.67,11.4,1.20,1.69,0.24,0.00,1.45,1.20,4.82,1.45,0.00,Matches
46,Christian Benteke\Christian-Benteke,be BEL,FW,Crystal Palace,28,1990,14.0,0.64,0.36,0.00,0.43,0.21,0.07,0.57,12.5,0.50,12.7,3.50,27.5,0.29,5.00,7.43,1.00,0.43,0.00,0.57,0.43,1.07,1.79,0.00,Matches
47,Jóhann Berg Gu?mundsson\Johann-Berg-Gudmundsson,is ISL,MF,Burnley,28,1990,6.9,1.01,0.43,0.29,0.14,0.58,0.29,1.30,22.2,1.01,15.2,2.75,18.1,4.93,5.07,5.22,1.45,0.14,0.00,1.30,0.58,1.59,1.16,0.00,Matches
48,Sander Berge\Sander-Berge,no NOR,MF,Sheffield Utd,21,1998,10.5,2.48,1.62,0.48,1.43,0.57,0.57,1.43,40.0,0.86,23.7,6.10,25.7,5.14,12.5,6.10,2.67,0.10,0.00,2.57,0.29,2.76,1.52,0.00,Matches
49,Steven Bergwijn\Steven-Bergwijn,nl NED,FWMF,Tottenham,21,1997,7.8,0.64,0.51,0.13,0.38,0.13,0.26,1.28,20.0,1.03,15.0,4.36,29.1,3.33,8.72,2.95,1.41,0.00,0.00,1.41,0.64,1.28,0.90,0.00,Matches
50,Bernard\Bernard,br BRA,MFFW,Everton,26,1992,14.2,1.76,0.99,0.63,0.70,0.42,0.42,2.82,15.0,2.39,19.1,4.86,25.5,4.58,10.0,4.51,2.11,0.14,0.00,1.97,1.06,2.82,0.56,0.00,Matches
51,Bernardo\Bernardo,br BRA,DF,Brighton,24,1995,7.5,3.73,2.13,1.87,0.67,1.20,1.60,2.53,63.2,0.93,17.2,5.87,34.1,7.47,6.40,3.33,2.13,0.40,0.00,1.73,0.67,4.40,3.33,0.00,Matches
52,Ryan Bertrand\Ryan-Bertrand,eng ENG,DF,Southampton,29,1989,30.5,1.57,0.92,0.66,0.62,0.30,0.62,1.80,34.5,1.18,12.6,4.66,36.9,4.56,5.31,2.75,1.70,0.43,0.00,1.28,0.85,2.43,2.49,0.03,Matches
53,Muhamed Bešiæ\Muhamed-Besic,ba BIH,MF,Sheffield Utd,26,1992,2.8,3.21,2.14,2.14,1.07,0.00,0.71,2.14,33.3,1.43,25.4,6.07,23.9,10.4,11.8,3.21,1.43,0.00,0.00,1.43,0.71,3.93,1.79,0.00,Matches
54,Philip Billing\Philip-Billing,dk DEN,MF,Bournemouth,23,1996,28.1,2.70,1.64,1.03,1.39,0.28,0.60,2.38,25.4,1.78,24.6,5.84,23.7,7.51,13.5,3.59,3.13,0.60,0.00,2.53,1.39,4.09,4.16,0.04,Matches
55,Yves Bissouma\Yves-Bissouma,ml MLI,MF,Brighton,22,1996,14.0,4.14,2.57,2.50,1.43,0.21,1.29,2.71,47.4,1.43,22.0,6.43,29.2,9.00,10.2,2.79,2.00,0.29,0.00,1.71,1.14,5.29,1.57,0.00,Matches
56,Willy Boly\Willy-Boly,ci CIV,DF,Wolves,28,1991,22.0,2.77,1.82,1.91,0.82,0.05,1.05,2.18,47.9,1.14,12.3,4.59,37.3,8.23,3.91,0.18,2.27,0.73,0.00,1.55,0.95,3.73,6.18,0.09,Matches
57,Gaëtan Bong\Gaetan-Bong,cm CMR,MFDF,Brighton,31,1988,0.7,0.00,0.00,0.00,0.00,0.00,0.00,0.00,,0.00,17.1,10.0,58.3,8.57,5.71,2.86,2.86,1.43,0.00,1.43,0.00,0.00,0.00,0.00,Matches
58,Sofiane Boufal\Sofiane-Boufal,ma MAR,MFFW,Southampton,25,1993,8.5,2.47,1.41,1.18,0.94,0.35,0.35,1.53,23.1,1.18,25.6,8.35,32.6,6.35,11.1,8.24,2.00,0.00,0.00,2.00,0.59,3.06,0.24,0.00,Matches
59,Jarrod Bowen\Jarrod-Bowen,eng ENG,FW,West Ham,22,1996,10.2,1.86,1.27,0.59,0.78,0.49,0.49,1.86,26.3,1.37,17.1,3.92,23.0,6.57,6.27,4.22,1.47,0.00,0.00,1.47,1.57,3.43,0.49,0.00,Matches
60,Robbie Brady\Robbie-Brady,ie IRL,MF,Burnley,27,1992,5.0,2.00,1.00,1.40,0.60,0.00,0.40,1.80,22.2,1.40,25.2,5.60,22.2,9.20,10.6,5.40,2.80,0.40,0.00,2.40,1.20,3.20,1.60,0.00,Matches
61,Jarrad Branthwaite\Jarrad-Branthwaite,eng ENG,DF,Everton,17,2002,3.3,2.12,2.12,1.52,0.61,0.00,0.30,1.21,25.0,0.91,11.2,5.45,48.6,7.27,3.33,0.61,1.82,0.91,0.00,0.91,0.30,2.42,5.15,0.00,Matches
62,Claudio Bravo\Claudio-Bravo,cl CHI,GK,Manchester City,36,1983,3.9,0.00,0.00,0.00,0.00,0.00,0.00,0.00,,0.00,0.00,0.00,,0.00,0.00,0.00,0.00,0.00,0.00,0.00,0.00,0.00,0.00,0.26,Matches
63,Armando Broja\Armando-Broja,al ALB,FW,Chelsea,17,2001,0.1,0.00,0.00,0.00,0.00,0.00,0.00,0.00,,0.00,30.0,0.00,0.0,0.00,20.0,10.0,0.00,0.00,0.00,0.00,0.00,0.00,0.00,0.00,Matches
64,David Brooks\David-Brooks,wal WAL,MF,Bournemouth,22,1997,5.6,0.71,0.54,0.18,0.18,0.36,0.00,2.68,0.0,2.68,18.2,3.57,19.6,5.00,8.57,4.64,1.25,0.18,0.00,1.07,0.18,0.89,0.54,0.00,Matches
65,Josh Brownhill\Josh-Brownhill,eng ENG,MF,Burnley,23,1995,8.9,1.69,0.90,0.67,0.79,0.22,0.11,0.79,14.3,0.67,12.5,3.48,27.9,4.04,6.07,2.36,1.12,0.34,0.00,0.79,0.56,2.25,1.80,0.00,Matches
66,Emi Buendía\Emi-Buendia,ar ARG,FWMF,Norwich City,22,1996,27.4,3.21,2.12,2.26,0.66,0.29,0.95,4.12,23.0,3.18,28.9,7.55,26.2,11.2,12.3,5.36,2.52,0.18,0.04,2.34,0.91,4.12,1.06,0.04,Matches
67,Dan Burn\Dan-Burn,eng ENG,DF,Brighton,27,1992,32.0,1.97,1.13,1.06,0.72,0.19,0.75,1.75,42.9,1.00,14.5,5.13,35.3,7.84,5.03,1.66,2.09,0.69,0.00,1.41,0.81,2.78,4.63,0.00,Matches
68,Sam Byram\Sam-Byram,eng ENG,DF,Norwich City,25,1993,14.4,3.19,1.60,1.94,0.76,0.49,1.67,3.40,49.0,1.74,16.4,5.14,31.4,8.75,5.76,1.88,3.47,0.69,0.00,2.78,1.39,4.58,5.21,0.00,Matches
69,Willy Caballero\Willy-Caballero,ar ARG,GK,Chelsea,37,1981,5.0,0.00,0.00,0.00,0.00,0.00,0.00,0.00,,0.00,0.00,0.00,,0.00,0.00,0.00,0.00,0.00,0.00,0.00,0.00,0.00,0.20,0.00,Matches
70,Gary Cahill\Gary-Cahill,eng ENG,DF,Crystal Palace,33,1985,24.1,0.75,0.50,0.54,0.21,0.00,0.25,0.62,40.0,0.37,4.40,1.45,33.0,3.11,0.95,0.33,1.87,1.00,0.00,0.87,0.54,1.29,5.56,0.00,Matches
71,Dominic Calvert-Lewin\Dominic-Calvert-Lewin,eng ENG,FW,Everton,22,1997,29.2,0.51,0.38,0.03,0.31,0.17,0.10,0.62,16.7,0.51,16.1,4.45,27.6,0.38,6.61,9.14,0.75,0.17,0.00,0.58,0.24,0.75,1.16,0.00,Matches
72,Víctor Camarasa\Victor-Camarasa,es ESP,MF,Crystal Palace,25,1994,0.1,0.00,0.00,0.00,0.00,0.00,0.00,0.00,,0.00,0.00,0.00,,0.00,0.00,0.00,0.00,0.00,0.00,0.00,0.00,0.00,0.00,0.00,Matches
73,Jo?o Cancelo\Joao-Cancelo,pt POR,DF,Manchester City,25,1994,13.4,3.28,1.94,1.72,0.97,0.60,1.34,3.28,40.9,1.94,13.0,4.40,33.9,5.00,5.30,2.69,0.90,0.15,0.00,0.75,1.19,4.48,2.01,0.07,Matches
74,Todd Cantwell\Todd-Cantwell,eng ENG,FWMF,Norwich City,21,1998,27.7,1.77,1.05,0.79,0.76,0.22,0.69,2.96,23.2,2.27,20.8,5.42,26.0,6.68,9.46,4.69,2.09,0.18,0.00,1.91,0.43,2.20,1.26,0.00,Matches
75,Étienne Capoue\Etienne-Capoue,fr FRA,MF,Watford,31,1988,29.2,2.77,1.88,1.47,1.10,0.21,1.20,3.08,38.9,1.88,22.7,5.89,26.0,9.90,10.0,2.74,1.82,0.34,0.00,1.47,1.47,4.25,2.40,0.00,Matches
76,Andy Carroll\Andy-Carroll,eng ENG,FW,Newcastle Utd,30,1989,7.0,1.00,0.14,0.43,0.14,0.43,0.29,1.14,25.0,0.86,11.7,3.71,31.7,2.00,5.43,4.29,1.00,0.43,0.00,0.57,0.43,1.43,3.00,0.00,Matches
77,Jonny Castro\Jonny-Castro,es ESP,DF,Wolves,25,1994,32.1,3.05,1.90,1.87,0.90,0.28,1.06,2.80,37.8,1.74,22.5,6.70,29.8,10.2,8.82,3.49,2.46,0.28,0.00,2.18,1.12,4.17,1.40,0.06,Matches
78,Craig Cathcart\Craig-Cathcart,nir NIR,DF,Watford,30,1989,27.6,1.34,0.94,0.76,0.54,0.04,0.36,1.09,33.3,0.72,7.07,2.46,34.9,4.09,2.68,0.29,1.27,0.58,0.04,0.69,0.58,1.92,7.07,0.07,Matches
79,Dani Ceballos\Dani-Ceballos,es ESP,MF,Arsenal,22,1996,18.8,2.61,1.49,1.33,0.90,0.37,0.90,3.30,27.4,2.39,23.7,6.38,27.0,10.5,10.2,3.03,1.54,0.21,0.00,1.33,1.06,3.67,1.17,0.05,Matches
80,Nathaniel Chalobah\Nathaniel-Chalobah,eng ENG,MF,Watford,24,1994,10.3,3.11,1.84,0.97,1.46,0.68,0.87,2.62,33.3,1.75,22.0,6.31,28.6,7.38,10.9,3.79,1.36,0.49,0.00,0.87,0.87,3.98,3.11,0.00,Matches
81,Calum Chambers\Calum-Chambers,eng ENG,DF,Arsenal,24,1995,12.2,2.05,1.48,1.15,0.66,0.25,0.74,0.98,75.0,0.25,11.7,4.18,35.7,6.31,3.36,2.05,1.72,0.57,0.00,1.15,1.07,3.11,5.00,0.00,Matches
82,Ben Chilwell\Ben-Chilwell,eng ENG,DF,Leicester City,22,1996,26.4,1.93,0.98,1.25,0.53,0.15,0.72,2.23,32.2,1.52,15.6,4.36,27.9,7.31,5.95,2.35,2.20,0.34,0.00,1.86,0.76,2.69,3.37,0.00,Matches
83,Tahith Chong\Tahith-Chong,nl NED,FWMF,Manchester Utd,19,1999,0.4,0.00,0.00,0.00,0.00,0.00,0.00,0.00,,0.00,37.5,10.0,26.7,10.0,7.50,20.0,0.00,0.00,0.00,0.00,2.50,2.50,0.00,0.00,Matches
84,Hamza Choudhury\Hamza-Choudhury,eng ENG,MF,Leicester City,21,1997,9.9,2.02,1.31,0.81,1.01,0.20,0.51,2.83,17.9,2.32,19.4,6.26,32.3,8.08,8.89,2.42,2.02,0.71,0.00,1.31,1.82,3.84,1.82,0.00,Matches
85,Andreas Christensen\Andreas-Christensen,dk DEN,DF,Chelsea,23,1996,19.5,2.10,1.03,1.28,0.67,0.15,0.56,1.23,45.8,0.67,8.00,2.92,36.5,4.62,3.18,0.21,1.13,0.46,0.00,0.67,0.77,2.87,5.33,0.00,Matches
86,Ciaran Clark\Ciaran-Clark,ie IRL,DF,Newcastle Utd,29,1989,13.2,1.67,0.91,1.52,0.15,0.00,0.23,0.53,42.9,0.30,9.24,3.33,36.1,6.67,2.12,0.45,1.89,0.98,0.00,0.91,1.06,2.73,7.42,0.00,Matches
87,Leon Clarke\Leon-Clarke,eng ENG,FWMF,Sheffield Utd,34,1985,0.4,0.00,0.00,0.00,0.00,0.00,0.00,0.00,,0.00,42.5,12.5,29.4,5.00,17.5,20.0,0.00,0.00,0.00,0.00,0.00,0.00,5.00,0.00,Matches
88,Tom Cleverley\Tom-Cleverley,eng ENG,MF,Watford,29,1989,10.8,2.50,1.57,1.02,1.30,0.19,1.02,4.07,25.0,3.06,27.1,7.87,29.0,9.26,13.4,4.44,1.85,0.37,0.00,1.48,0.83,3.33,1.48,0.00,Matches
89,Conor Coady\Conor-Coady,eng ENG,DF,Wolves,26,1993,38.0,1.08,0.58,0.89,0.18,0.00,0.50,1.00,50.0,0.50,5.39,1.82,33.7,4.00,1.39,0.00,0.97,0.47,0.00,0.50,0.63,1.71,4.32,0.00,Matches
90,Séamus Coleman\Seamus-Coleman,ie IRL,DF,Everton,30,1988,20.4,2.45,1.52,1.47,0.83,0.15,1.03,1.72,60.0,0.69,10.6,3.82,36.1,5.54,3.97,1.08,2.11,0.49,0.00,1.62,0.59,3.04,2.75,0.05,Matches
91,Aaron Connolly\Aaron-Connolly,ie IRL,FW,Brighton,19,2000,14.0,0.86,0.57,0.07,0.36,0.43,0.21,0.86,25.0,0.64,16.7,4.93,29.5,1.00,6.71,9.00,0.57,0.07,0.00,0.50,0.36,1.21,0.07,0.00,Matches
92,Lewis Cook\Lewis-Cook,eng ENG,MF,Bournemouth,22,1997,15.0,1.80,1.07,1.00,0.67,0.13,0.53,2.67,20.0,2.13,25.0,4.73,18.9,8.33,13.1,3.53,1.33,0.40,0.00,0.93,0.87,2.67,1.00,0.00,Matches
93,Steve Cook\Steve-Cook,eng ENG,DF,Bournemouth,28,1991,27.0,0.81,0.48,0.56,0.26,0.00,0.33,0.85,39.1,0.52,6.07,2.04,33.5,4.11,1.63,0.33,1.74,1.04,0.00,0.70,0.70,1.52,8.22,0.04,Matches
94,Jack Cork\Jack-Cork,eng ENG,MF,Burnley,30,1989,29.0,1.34,0.93,0.34,0.72,0.28,0.38,2.24,16.9,1.86,20.9,5.93,28.4,5.03,12.0,3.86,1.83,0.41,0.00,1.41,0.86,2.21,1.97,0.00,Matches
95,Aaron Cresswell\Aaron-Cresswell,eng ENG,DF,West Ham,29,1989,30.3,1.58,0.96,0.83,0.59,0.17,0.79,1.95,40.7,1.16,11.7,3.89,33.2,6.14,4.29,1.29,2.11,0.33,0.00,1.78,0.50,2.08,3.04,0.07,Matches
96,Patrick Cutrone\Patrick-Cutrone,it ITA,FW,Wolves,21,1998,3.3,1.82,1.21,0.91,0.30,0.61,0.30,1.52,20.0,1.21,28.8,7.88,27.4,2.73,13.0,13.0,0.30,0.30,0.00,0.00,0.00,1.82,0.30,0.00,Matches
97,Diogo Dalot\Diogo-Dalot,pt POR,DF,Manchester Utd,20,1999,0.7,4.29,2.86,4.29,0.00,0.00,2.86,5.71,50.0,2.86,11.4,5.71,50.0,4.29,2.86,4.29,1.43,0.00,0.00,1.43,0.00,4.29,5.71,0.00,Matches
98,Charlie Daniels\Charlie-Daniels,eng ENG,DF,Bournemouth,32,1986,1.4,0.71,0.00,0.00,0.71,0.00,0.71,1.43,50.0,0.71,18.6,3.57,19.2,14.3,4.29,0.00,3.57,0.71,0.00,2.86,2.86,3.57,2.86,0.71,Matches
99,Scott Dann\Scott-Dann,eng ENG,DF,Crystal Palace,32,1987,14.1,0.85,0.35,0.71,0.14,0.00,0.50,0.99,50.0,0.50,2.91,1.13,39.0,2.06,0.85,0.00,1.21,0.43,0.00,0.78,0.78,1.63,5.67,0.00,Matches
100,Kevin Danso\Kevin-Danso,at AUT,DF,Southampton,20,1998,3.1,2.58,1.29,1.29,1.29,0.00,1.61,2.58,62.5,0.97,13.2,3.23,24.4,8.39,4.19,0.65,2.90,1.29,0.00,1.61,0.65,3.23,4.84,0.00,Matches
101,Ben Davies\Ben-Davies,wal WAL,DF,Tottenham,26,1993,15.9,1.89,0.82,0.82,0.88,0.19,0.31,1.51,20.8,1.19,13.5,3.96,29.4,6.16,5.72,1.57,2.70,0.82,0.00,1.89,0.75,2.64,4.21,0.06,Matches
102,Tom Davies\Tom-Davies,eng ENG,MF,Everton,21,1998,22.5,1.60,0.80,0.58,0.71,0.31,0.36,2.27,15.7,1.91,18.9,4.40,23.3,6.98,9.33,2.58,1.51,0.18,0.00,1.33,1.24,2.84,1.56,0.04,Matches
103,Keinan Davis\Keinan-Davis,eng ENG,FW,Aston Villa,21,1998,6.1,0.33,0.33,0.00,0.33,0.00,0.00,0.49,0.0,0.49,14.4,3.11,21.6,0.49,8.20,5.74,0.82,0.16,0.00,0.66,0.00,0.33,0.49,0.00,Matches
104,Craig Dawson\Craig-Dawson,eng ENG,DF,Watford,29,1990,26.2,1.15,0.73,0.57,0.50,0.08,0.53,1.18,45.2,0.65,7.06,2.79,39.5,4.08,2.52,0.46,2.14,1.34,0.04,0.80,0.80,1.95,6.30,0.04,Matches
105,Kevin De Bruyne\Kevin-De-Bruyne,be BEL,MF,Manchester City,28,1991,31.0,1.42,0.90,0.35,0.58,0.48,0.35,1.87,19.0,1.52,17.9,5.71,31.9,2.68,7.42,7.77,1.00,0.06,0.00,0.94,0.35,1.77,0.61,0.03,Matches
106,Troy Deeney\Troy-Deeney,eng ENG,FW,Watford,31,1988,24.7,0.97,0.69,0.08,0.57,0.32,0.36,1.21,30.0,0.85,18.5,4.33,23.4,2.15,9.23,7.17,0.81,0.08,0.00,0.73,0.24,1.21,0.89,0.00,Matches
107,Fabian Delph\Fabian-Delph,eng ENG,MF,Everton,29,1989,13.2,2.20,0.83,0.83,0.83,0.53,0.83,2.42,34.4,1.59,14.3,4.17,29.1,5.76,6.59,1.97,1.67,0.45,0.00,1.21,0.98,3.18,1.44,0.08,Matches
108,Leander Dendoncker\Leander-Dendoncker,be BEL,MFDF,Wolves,24,1995,31.1,2.19,1.29,1.32,0.61,0.26,0.74,1.99,37.1,1.25,18.4,5.27,28.6,8.17,8.20,2.06,1.70,0.42,0.00,1.29,0.74,2.93,3.05,0.10,Matches
109,Gerard Deulofeu\Gerard-Deulofeu,es ESP,FW,Watford,25,1994,23.3,1.24,0.90,0.64,0.34,0.26,0.56,2.83,19.7,2.27,21.9,5.71,26.0,4.89,8.93,8.11,0.69,0.00,0.00,0.69,1.12,2.36,0.26,0.00,Matches
110,Eric Dier\Eric-Dier,eng ENG,DFMF,Tottenham,25,1994,14.9,1.68,0.94,0.87,0.67,0.13,0.40,1.48,27.3,1.07,13.7,3.62,26.5,6.17,6.24,1.28,1.74,0.74,0.00,1.01,0.40,2.08,5.23,0.00,Matches
111,Lucas Digne\Lucas-Digne,fr FRA,DF,Everton,26,1993,33.7,2.58,1.16,1.72,0.65,0.21,0.89,1.99,44.8,1.10,14.8,3.98,26.9,7.39,4.69,2.70,2.05,0.30,0.00,1.75,0.71,3.29,4.30,0.03,Matches
112,Virgil van Dijk\Virgil-van-Dijk,nl NED,DF,Liverpool,28,1991,38.0,0.79,0.53,0.53,0.24,0.03,0.16,0.39,40.0,0.24,3.50,1.21,34.6,2.21,0.97,0.32,0.84,0.42,0.03,0.42,0.63,1.42,6.82,0.05,Matches
113,Issa Diop\Issa-Diop,fr FRA,DF,West Ham,22,1997,30.7,1.04,0.52,0.72,0.33,0.00,0.49,1.04,46.9,0.55,7.92,2.74,34.6,5.08,2.57,0.26,1.53,0.68,0.00,0.85,1.04,2.08,6.19,0.10,Matches
114,Moussa Djenepo\Moussa-Djenepo,ml MLI,MFDF,Southampton,21,1998,10.3,2.82,1.75,1.75,0.58,0.49,0.78,2.23,34.8,1.46,25.7,7.67,29.8,6.50,11.7,7.57,2.33,0.19,0.00,2.14,0.68,3.50,1.17,0.00,Matches
115,Matt Doherty\Matt-Doherty,ie IRL,DF,Wolves,27,1992,31.5,2.06,1.05,1.14,0.79,0.13,0.83,1.59,52.0,0.76,12.0,3.40,28.2,5.75,4.51,1.78,2.03,0.16,0.00,1.87,0.60,2.67,2.48,0.03,Matches
116,Abdoulaye Doucouré\Abdoulaye-Doucoure,fr FRA,MF,Watford,26,1993,35.1,1.99,1.40,0.83,0.85,0.31,0.46,1.71,26.7,1.25,27.0,6.78,25.1,7.64,13.2,6.15,1.68,0.26,0.00,1.42,0.63,2.62,1.28,0.00,Matches
117,Thomas Doyle\Thomas-Doyle,eng ENG,MFFW,Manchester City,17,2001,0.2,0.00,0.00,0.00,0.00,0.00,0.00,0.00,,0.00,25.0,5.00,20.0,5.00,15.0,5.00,0.00,0.00,0.00,0.00,0.00,0.00,0.00,0.00,Matches
118,Danny Drinkwater\Danny-Drinkwater,eng ENG,MF,Burnley,29,1990,0.6,3.33,3.33,1.67,1.67,0.00,0.00,1.67,0.0,1.67,38.3,8.33,21.7,16.7,16.7,5.00,1.67,0.00,0.00,1.67,3.33,6.67,0.00,0.00,Matches
119,Danny Drinkwater\Danny-Drinkwater,eng ENG,MF,Aston Villa,29,1990,2.9,3.10,1.72,2.07,0.69,0.34,0.34,4.48,7.7,4.14,36.6,7.59,20.8,12.4,20.0,4.14,1.03,0.00,0.00,1.03,2.41,5.52,1.38,0.34,Matches
120,Josip Drmiæ\Josip-Drmic,ch SUI,FWMF,Norwich City,26,1992,7.2,0.56,0.42,0.28,0.14,0.14,0.14,1.53,9.1,1.39,19.2,4.86,25.4,3.47,7.78,7.92,1.11,0.00,0.00,1.11,0.42,0.97,0.69,0.14,Matches
121,Martin Dúbravka\Martin-Dubravka,sk SVK,GK,Newcastle Utd,30,1989,38.0,0.00,0.00,0.00,0.00,0.00,0.00,0.03,0.0,0.03,0.24,0.00,0.0,0.24,0.00,0.00,0.05,0.00,0.00,0.05,0.00,0.00,0.03,0.08,Matches
122,Ondrej Duda\Ondrej-Duda,sk SVK,MF,Norwich City,24,1994,8.0,2.38,1.88,1.25,0.75,0.38,0.88,2.50,35.0,1.63,24.6,6.75,27.4,6.50,13.1,5.00,2.25,0.25,0.00,2.00,0.63,3.00,0.88,0.00,Matches
123,Shane Duffy\Shane-Duffy,ie IRL,DF,Brighton,27,1992,13.8,1.16,0.65,0.72,0.36,0.07,0.29,1.30,22.2,1.01,7.25,2.46,34.0,5.14,1.96,0.14,1.52,0.58,0.00,0.94,0.94,2.10,8.41,0.00,Matches
124,Paul Dummett\Paul-Dummett,wal WAL,DF,Newcastle Utd,27,1991,13.6,2.06,0.44,1.32,0.44,0.29,0.88,1.47,60.0,0.59,12.0,2.94,24.5,7.28,4.12,0.59,3.09,0.74,0.00,2.35,1.10,3.16,5.29,0.00,Matches
125,Lewis Dunk\Lewis-Dunk,eng ENG,DF,Brighton,27,1991,35.9,1.20,0.78,0.86,0.33,0.00,0.36,1.14,31.7,0.78,6.91,2.98,43.1,4.57,2.01,0.33,1.98,1.03,0.08,0.95,1.00,2.20,4.51,0.03,Matches
126,Ederson\Ederson,br BRA,GK,Manchester City,25,1993,34.1,0.03,0.03,0.03,0.00,0.00,0.03,0.06,50.0,0.03,0.21,0.06,28.6,0.21,0.00,0.00,0.00,0.00,0.00,0.00,0.00,0.03,0.06,0.12,Matches
127,John Egan\John-Egan,ie IRL,DF,Sheffield Utd,26,1992,35.4,1.27,0.76,0.93,0.34,0.00,0.59,1.27,46.7,0.68,8.36,2.85,34.1,5.93,2.23,0.20,2.06,0.93,0.00,1.13,0.73,2.01,7.60,0.11,Matches
128,Harvey Elliot\Harvey-Elliot,eng ENG,DF,Liverpool,16,2003,0.1,0.00,0.00,0.00,0.00,0.00,0.00,0.00,,0.00,0.00,0.00,,0.00,0.00,0.00,0.00,0.00,0.00,0.00,0.00,0.00,0.00,0.00,Matches
129,Ahmed Elmohamady\Ahmed-Elmohamady,eg EGY,DF,Aston Villa,31,1987,11.5,2.17,1.48,1.48,0.52,0.17,0.87,1.91,45.5,1.04,9.48,2.43,25.7,4.87,3.48,1.13,0.96,0.43,0.00,0.52,0.52,2.70,2.52,0.00,Matches
130,Björn Engels\Bjorn-Engels,be BEL,DF,Aston Villa,24,1994,16.1,0.56,0.25,0.43,0.12,0.00,0.31,0.68,45.5,0.37,5.03,1.80,35.8,3.35,1.61,0.06,1.61,1.18,0.00,0.43,0.75,1.30,6.89,0.12,Matches
131,Christian Eriksen\Christian-Eriksen,dk DEN,MFFW,Tottenham,27,1992,12.2,1.56,0.98,0.98,0.49,0.08,0.41,1.89,21.7,1.48,21.3,4.51,21.2,6.80,10.4,4.10,1.56,0.08,0.00,1.48,0.66,2.21,0.90,0.00,Matches
132,Jonny Evans\Jonny-Evans,nir NIR,DF,Leicester City,31,1988,37.6,1.28,0.82,0.82,0.43,0.03,0.72,1.12,64.3,0.40,7.39,2.95,39.9,4.73,2.13,0.53,1.44,0.56,0.00,0.88,1.04,2.31,7.21,0.11,Matches
133,£ukasz Fabiañski\Lukasz-Fabianski,pl POL,GK,West Ham,34,1985,23.5,0.00,0.00,0.00,0.00,0.00,0.00,0.13,0.0,0.13,0.43,0.09,20.0,0.43,0.00,0.00,0.00,0.00,0.00,0.00,0.00,0.00,0.09,0.09,Matches
134,Fabinho\Fabinho,br BRA,MF,Liverpool,25,1993,23.1,3.33,2.29,1.17,1.60,0.56,1.13,2.81,40.0,1.69,18.5,6.02,32.5,6.45,9.48,2.60,1.56,0.09,0.00,1.47,1.08,4.42,1.47,0.00,Matches
135,Ralf Fährmann\Ralf-Fahrmann,de GER,GK,Norwich City,30,1988,0.2,0.00,0.00,0.00,0.00,0.00,0.00,0.00,,0.00,0.00,0.00,,0.00,0.00,0.00,0.00,0.00,0.00,0.00,5.00,5.00,0.00,0.00,Matches
136,Akin Famewo\Akin-Famewo,eng ENG,MF,Norwich City,20,1998,0.0,0,0,0,0,0,0,0,,0,0,0,,0,0,0,0,0,0,0,0,0,0,0,Matches
137,Kiko Femenía\Kiko-Femenia,es ESP,DF,Watford,28,1991,24.9,2.49,1.29,1.77,0.60,0.12,1.04,2.85,36.6,1.81,15.5,3.90,25.2,8.47,5.54,1.45,1.41,0.08,0.00,1.33,1.12,3.61,2.49,0.04,Matches
138,Bruno Fernandes\Bruno-Fernandes,pt POR,MF,Manchester Utd,24,1994,13.2,1.44,1.06,0.53,0.61,0.30,0.38,2.58,14.7,2.20,19.7,4.92,25.0,4.47,9.39,5.83,1.06,0.00,0.00,1.06,0.53,1.97,0.91,0.00,Matches
139,Gedson Fernandes\Gedson-Fernandes,pt POR,MFDF,Tottenham,20,1999,0.8,1.25,1.25,1.25,0.00,0.00,0.00,1.25,0.0,1.25,22.5,6.25,27.8,8.75,8.75,5.00,1.25,0.00,0.00,1.25,0.00,1.25,0.00,0.00,Matches
140,Federico Fernández\Federico-Fernandez,ar ARG,DF,Newcastle Utd,30,1989,29.1,1.72,1.10,1.41,0.27,0.03,0.93,1.75,52.9,0.82,7.94,2.51,31.6,5.84,1.65,0.45,2.10,1.07,0.00,1.03,0.27,1.99,7.35,0.03,Matches
141,Fernandinho\Fernandinho,br BRA,DF,Manchester City,34,1985,26.6,1.65,0.94,1.09,0.56,0.00,0.68,1.73,39.1,1.05,8.16,3.35,41.0,3.98,3.38,0.79,1.50,0.64,0.04,0.86,0.60,2.26,3.98,0.04,Matches
142,Roberto Firmino\Roberto-Firmino,br BRA,FW,Liverpool,27,1991,33.2,1.11,0.78,0.21,0.51,0.39,0.30,1.02,29.4,0.72,20.9,6.51,31.1,1.75,9.22,9.94,1.42,0.15,0.00,1.27,0.33,1.45,0.48,0.00,Matches
143,John Fleck\John-Fleck,sco SCO,MF,Sheffield Utd,27,1991,28.0,1.36,0.86,0.61,0.54,0.21,0.64,2.64,24.3,2.00,19.7,5.21,26.5,5.39,10.3,3.96,1.57,0.11,0.00,1.46,0.71,2.07,0.86,0.00,Matches
144,Phil Foden\Phil-Foden,eng ENG,FWMF,Manchester City,19,2000,10.0,1.60,0.90,0.50,0.80,0.30,0.70,1.70,41.2,1.00,25.3,7.40,29.2,4.30,10.5,10.5,0.90,0.00,0.00,0.90,0.30,1.90,0.30,0.00,Matches
145,Pablo Fornals\Pablo-Fornals,es ESP,MFFW,West Ham,23,1996,24.1,1.74,1.20,0.71,0.75,0.29,0.66,2.90,22.9,2.24,24.8,6.47,26.1,6.35,11.4,7.01,2.12,0.04,0.00,2.07,0.62,2.37,0.41,0.00,Matches
146,Ben Foster\Ben-Foster,eng ENG,GK,Watford,36,1983,38.0,0.00,0.00,0.00,0.00,0.00,0.00,0.08,0.0,0.08,0.24,0.00,0.0,0.24,0.00,0.00,0.03,0.00,0.00,0.03,0.00,0.00,0.03,0.05,Matches
147,Timothy Fosu-Mensah\Timothy-Fosu-Mensah,nl NED,DF,Manchester Utd,21,1998,1.5,0.67,0.67,0.67,0.00,0.00,0.67,2.67,25.0,2.00,12.7,3.33,26.3,6.00,6.00,0.67,0.00,0.00,0.00,0.00,2.67,3.33,1.33,0.00,Matches
148,Dimitri Foulquier\Dimitri-Foulquier,fr FRA,MFDF,Watford,26,1993,0.7,1.43,1.43,1.43,0.00,0.00,0.00,1.43,0.0,1.43,25.7,8.57,33.3,10.0,11.4,4.29,2.86,0.00,0.00,2.86,1.43,2.86,1.43,0.00,Matches
149,Juan Foyth\Juan-Foyth,ar ARG,DF,Tottenham,21,1998,0.8,8.75,5.00,6.25,1.25,1.25,2.50,3.75,66.7,1.25,17.5,6.25,35.7,12.5,5.00,0.00,2.50,0.00,0.00,2.50,3.75,12.5,5.00,0.00,Matches
150,Simon Francis\Simon-Francis,eng ENG,DF,Bournemouth,34,1985,10.8,1.57,1.11,1.20,0.37,0.00,1.02,2.31,44.0,1.30,9.91,2.69,27.1,6.57,2.22,1.11,2.69,1.30,0.00,1.39,0.65,2.22,8.43,0.19,Matches
151,Ryan Fraser\Ryan-Fraser,sco SCO,MFFW,Bournemouth,25,1994,23.0,0.39,0.35,0.13,0.13,0.13,0.17,0.74,23.5,0.57,13.0,2.83,21.8,3.43,5.35,4.17,1.22,0.13,0.09,1.09,0.43,0.83,0.78,0.00,Matches
152,Fred\Fred,br BRA,MF,Manchester Utd,26,1993,24.0,3.29,2.13,1.71,1.38,0.21,1.21,4.08,29.6,2.88,29.5,8.08,27.4,12.0,13.7,3.75,2.67,0.33,0.00,2.33,1.17,4.46,1.08,0.00,Matches
153,Ryan Fredericks\Ryan-Fredericks,eng ENG,DF,West Ham,26,1992,24.9,3.45,1.93,2.53,0.60,0.32,1.33,2.61,50.8,1.29,13.1,3.90,29.8,7.87,3.41,1.77,1.69,0.36,0.04,1.33,0.80,4.26,3.65,0.00,Matches
154,Kieron Freeman\Kieron-Freeman,wal WAL,FW,Sheffield Utd,27,1992,0.1,0.00,0.00,0.00,0.00,0.00,0.00,0.00,,0.00,20.0,0.00,0.0,0.00,10.0,10.0,0.00,0.00,0.00,0.00,0.00,0.00,0.00,0.00,Matches
155,Luke Freeman\Luke-Freeman,eng ENG,MF,Sheffield Utd,27,1992,4.1,1.22,0.98,0.24,0.73,0.24,0.49,2.20,22.2,1.71,23.4,5.85,25.0,7.80,10.0,5.61,2.20,0.00,0.00,2.20,1.71,2.93,1.46,0.00,Matches
156,Christian Fuchs\Christian-Fuchs,at AUT,DF,Leicester City,33,1986,8.6,1.74,1.05,0.93,0.81,0.00,0.93,2.67,34.8,1.74,16.7,5.23,31.3,10.2,5.93,0.58,3.37,0.35,0.00,3.02,1.63,3.37,4.53,0.12,Matches
157,Eric García\Eric-Garcia,es ESP,DF,Manchester City,18,2001,8.8,1.36,0.45,0.91,0.34,0.11,0.68,1.25,54.5,0.57,8.41,2.27,27.0,5.00,2.84,0.57,0.91,0.00,0.00,0.91,1.14,2.50,5.23,0.11,Matches
158,James Garner\James-Garner,eng ENG,MF,Manchester Utd,18,2001,0.1,0.00,0.00,0.00,0.00,0.00,0.00,10.0,0.0,10.0,20.0,0.00,0.0,0.00,20.0,0.00,0.00,0.00,0.00,0.00,0.00,0.00,10.0,0.00,Matches
159,Dwight Gayle\Dwight-Gayle,eng ENG,FW,Newcastle Utd,28,1990,9.4,1.38,1.06,0.53,0.74,0.11,0.21,0.53,40.0,0.32,12.7,3.51,27.7,2.02,5.85,4.79,1.06,0.53,0.00,0.53,0.11,1.49,0.85,0.00,Matches
160,Paulo Gazzaniga\Paulo-Gazzaniga,ar ARG,GK,Tottenham,27,1992,17.9,0.00,0.00,0.00,0.00,0.00,0.00,0.00,,0.00,0.06,0.00,0.0,0.06,0.00,0.00,0.00,0.00,0.00,0.00,0.00,0.00,0.00,0.00,Matches
161,Jean-Philippe Gbamin\Jean-Philippe-Gbamin,ci CIV,MF,Everton,23,1995,1.5,3.33,2.67,1.33,0.67,1.33,0.67,2.67,25.0,2.00,19.3,8.67,44.8,8.67,7.33,3.33,1.33,0.00,0.00,1.33,0.00,3.33,4.00,0.00,Matches
162,David de Gea\David-de-Gea,es ESP,GK,Manchester Utd,28,1990,38.0,0.00,0.00,0.00,0.00,0.00,0.00,0.00,,0.00,0.03,0.00,0.0,0.03,0.00,0.00,0.00,0.00,0.00,0.00,0.00,0.00,0.03,0.05,Matches
163,Anwar El Ghazi\Anwar-El-Ghazi,nl NED,FWMF,Aston Villa,24,1995,22.8,0.75,0.44,0.44,0.22,0.09,0.22,1.05,20.8,0.83,15.4,3.25,21.1,3.07,7.15,5.13,0.79,0.04,0.00,0.75,0.48,1.23,0.53,0.00,Matches
164,Morgan Gibbs-White\Morgan-Gibbs-White,eng ENG,MFFW,Wolves,19,2000,1.4,0.71,0.71,0.00,0.71,0.00,0.00,0.00,,0.00,19.3,7.14,37.0,3.57,10.7,5.00,1.43,0.00,0.00,1.43,0.00,0.71,0.00,0.00,Matches
165,Billy Gilmour\Billy-Gilmour,sco SCO,MF,Chelsea,18,2001,2.2,2.73,1.82,1.82,0.91,0.00,1.36,2.73,50.0,1.36,16.4,6.36,38.9,6.82,9.09,0.45,2.73,0.00,0.00,2.73,0.91,3.64,0.45,0.00,Matches
166,Olivier Giroud\Olivier-Giroud,fr FRA,FW,Chelsea,32,1986,11.0,0.36,0.27,0.09,0.27,0.00,0.00,0.91,0.0,0.91,18.4,5.27,28.7,0.91,8.91,8.55,1.82,0.55,0.00,1.27,0.09,0.45,1.18,0.00,Matches
167,Ben Godfrey\Ben-Godfrey,eng ENG,DF,Norwich City,21,1998,29.4,1.16,0.75,0.88,0.24,0.03,0.41,0.82,50.0,0.41,7.96,2.62,32.9,5.51,2.21,0.24,1.60,1.09,0.00,0.51,0.58,1.73,5.88,0.14,Matches
168,André Gomes\Andre-Gomes,pt POR,MF,Everton,26,1993,16.2,1.98,1.48,0.80,0.86,0.31,0.43,3.89,11.1,3.46,22.7,5.68,25.1,7.84,12.0,2.78,1.73,0.19,0.00,1.54,0.31,2.28,0.62,0.00,Matches
169,Angel Gomes\Angel-Gomes,eng ENG,MF,Manchester Utd,18,2000,0.2,0.00,0.00,0.00,0.00,0.00,0.00,0.00,,0.00,55.0,5.00,9.1,30.0,20.0,5.00,5.00,0.00,0.00,5.00,0.00,0.00,0.00,0.00,Matches
170,Joe Gomez\Joe-Gomez,eng ENG,DF,Liverpool,22,1997,22.3,1.17,0.67,0.76,0.40,0.00,0.45,0.99,45.5,0.54,6.77,2.69,39.7,4.13,2.47,0.18,1.12,0.36,0.00,0.76,0.85,2.02,4.04,0.04,Matches
171,Anthony Gordon\Anthony-Gordon,eng ENG,MFFW,Everton,18,2001,4.9,1.63,1.22,0.82,0.82,0.00,0.20,2.86,7.1,2.65,24.7,5.31,21.5,7.96,12.7,4.08,2.45,0.41,0.00,2.04,0.20,1.84,0.61,0.00,Matches
172,Dan Gosling\Dan-Gosling,eng ENG,MF,Bournemouth,29,1990,14.0,2.00,1.43,1.14,0.57,0.29,0.50,2.14,23.3,1.64,25.4,6.57,25.8,9.50,10.6,5.29,2.71,0.79,0.00,1.93,0.86,2.86,1.93,0.00,Matches
173,Andre Gray\Andre-Gray,eng ENG,FW,Watford,28,1991,8.4,0.60,0.60,0.00,0.12,0.48,0.12,0.12,100.0,0.00,19.2,5.12,26.7,1.55,7.26,10.4,0.36,0.12,0.00,0.24,0.00,0.60,0.24,0.00,Matches
174,Demarai Gray\Demarai-Gray,eng ENG,MFFW,Leicester City,23,1996,6.9,1.16,0.72,0.87,0.14,0.14,0.43,2.03,21.4,1.59,18.7,5.65,30.2,4.64,9.13,4.93,1.45,0.00,0.00,1.45,0.72,1.88,0.29,0.00,Matches
175,Jack Grealish\Jack-Grealish,eng ENG,FWMF,Aston Villa,23,1995,35.9,1.00,0.78,0.36,0.39,0.25,0.22,0.86,25.8,0.64,16.0,4.29,26.8,4.54,6.41,5.04,1.53,0.33,0.00,1.20,0.42,1.42,0.36,0.03,Matches
176,Mason Greenwood\Mason-Greenwood,eng ENG,FW,Manchester Utd,17,2001,14.7,1.29,0.88,0.41,0.41,0.48,0.48,1.43,33.3,0.95,12.9,4.15,32.1,3.40,5.10,4.42,1.02,0.00,0.00,1.02,0.48,1.77,0.27,0.00,Matches
177,Arnaut Groeneveld\Arnaut-Groeneveld,nl NED,MF,Bournemouth,22,1997,7.0,0.86,0.71,0.43,0.29,0.14,0.29,1.00,28.6,0.71,11.1,4.57,41.0,4.00,3.86,3.29,0.43,0.00,0.00,0.43,0.71,1.57,1.14,0.14,Matches
178,Pascal Groß\Pascal-Gross,de GER,FWMF,Brighton,28,1991,20.0,1.65,1.05,0.30,0.95,0.40,0.40,1.60,25.0,1.20,19.8,5.15,26.1,4.10,9.70,5.95,1.35,0.10,0.00,1.25,0.45,2.10,0.55,0.00,Matches
179,Vicente Guaita\Vicente-Guaita,es ESP,GK,Crystal Palace,32,1987,35.0,0.00,0.00,0.00,0.00,0.00,0.00,0.06,0.0,0.06,0.09,0.03,33.3,0.09,0.00,0.00,0.00,0.00,0.00,0.00,0.00,0.00,0.00,0.06,Matches
180,Mattéo Guendouzi\Matteo-Guendouzi,fr FRA,MF,Arsenal,20,1999,19.4,1.24,0.67,0.57,0.46,0.21,0.52,1.86,27.8,1.34,19.8,5.62,28.4,8.20,8.97,2.63,2.06,0.36,0.00,1.70,1.13,2.37,2.47,0.00,Matches
181,Frederic Guilbert\Frederic-Guilbert,fr FRA,DF,Aston Villa,24,1994,22.7,3.61,1.67,2.20,0.97,0.44,1.50,3.26,45.9,1.76,18.3,5.07,27.6,10.0,5.86,2.42,2.86,0.57,0.00,2.29,1.32,4.93,3.83,0.04,Matches
182,?lkay Gündo?an\Ilkay-Gundogan,de GER,MF,Manchester City,28,1990,22.4,1.25,0.85,0.27,0.67,0.31,0.45,2.10,21.3,1.65,11.4,3.26,28.6,2.90,6.03,2.46,1.12,0.22,0.00,0.89,1.21,2.46,0.94,0.00,Matches
183,Angus Gunn\Angus-Gunn,eng ENG,GK,Southampton,23,1996,10.0,0.00,0.00,0.00,0.00,0.00,0.00,0.10,0.0,0.10,0.30,0.10,33.3,0.30,0.00,0.00,0.00,0.00,0.00,0.00,0.00,0.00,0.00,0.00,Matches
184,Sébastien Haller\Sebastien-Haller,ci CIV,FW,West Ham,25,1994,25.2,0.83,0.67,0.40,0.36,0.08,0.12,1.11,10.7,0.99,22.7,5.00,22.1,1.75,12.0,8.89,1.35,0.28,0.00,1.07,0.24,1.07,0.95,0.04,Matches
185,Grant Hanley\Grant-Hanley,sco SCO,DF,Norwich City,27,1991,14.0,1.93,1.21,1.14,0.79,0.00,0.79,1.36,57.9,0.57,10.2,3.57,35.0,6.93,3.07,0.21,2.43,1.43,0.00,1.00,1.21,3.14,7.36,0.07,Matches
186,Kortney Hause\Kortney-Hause,eng ENG,DF,Aston Villa,24,1995,17.2,1.57,1.28,1.34,0.12,0.12,0.64,1.34,47.8,0.70,10.6,4.24,40.1,6.51,3.43,0.64,2.67,1.28,0.06,1.40,0.64,2.21,6.63,0.29,Matches
187,Isaac Hayden\Isaac-Hayden,eng ENG,MF,Newcastle Utd,24,1995,24.7,2.55,1.50,1.42,0.81,0.32,0.49,1.82,26.7,1.34,19.3,5.10,26.5,8.66,8.18,2.43,1.54,0.32,0.00,1.21,1.17,3.72,1.38,0.04,Matches
188,Tom Heaton\Tom-Heaton,eng ENG,GK,Aston Villa,33,1986,19.9,0.00,0.00,0.00,0.00,0.00,0.00,0.10,0.0,0.10,0.15,0.00,0.0,0.15,0.00,0.00,0.00,0.00,0.00,0.00,0.00,0.00,0.05,0.00,Matches
189,Dean Henderson\Dean-Henderson,eng ENG,GK,Sheffield Utd,22,1997,36.0,0.00,0.00,0.00,0.00,0.00,0.00,0.00,,0.00,0.03,0.00,0.0,0.03,0.00,0.00,0.03,0.00,0.00,0.03,0.00,0.00,0.08,0.00,Matches
190,Jordan Henderson\Jordan-Henderson,eng ENG,MF,Liverpool,29,1990,24.9,2.61,1.45,0.92,1.20,0.48,0.92,2.53,36.5,1.61,21.4,6.79,31.8,5.42,11.5,4.46,1.49,0.20,0.00,1.29,0.48,3.09,1.08,0.00,Matches
191,Jeff Hendrick\Jeff-Hendrick,ie IRL,MF,Burnley,27,1992,21.5,0.84,0.47,0.33,0.33,0.19,0.09,1.40,6.7,1.30,16.6,3.21,19.4,3.86,8.14,4.56,1.63,0.33,0.00,1.30,0.65,1.49,0.88,0.00,Matches
192,Wayne Hennessey\Wayne-Hennessey,wal WAL,GK,Crystal Palace,32,1987,3.0,0.00,0.00,0.00,0.00,0.00,0.00,0.00,,0.00,0.00,0.00,,0.00,0.00,0.00,0.00,0.00,0.00,0.00,0.00,0.00,0.00,0.00,Matches
193,Javier Hernández\Javier-Hernandez,mx MEX,FW,West Ham,31,1988,1.2,0.00,0.00,0.00,0.00,0.00,0.00,0.83,0.0,0.83,21.7,5.00,23.1,0.00,5.83,15.8,0.00,0.00,0.00,0.00,0.83,0.83,0.00,0.00,Matches
194,Onel Hernández\Onel-Hernandez,cu CUB,FWMF,Norwich City,26,1993,15.4,2.40,1.75,1.10,0.65,0.65,0.84,2.08,40.6,1.23,15.9,5.39,33.9,6.23,5.65,4.03,1.36,0.13,0.06,1.23,0.91,3.31,0.65,0.00,Matches
195,Son Heung-min\Son-Heung-min,kr KOR,FWMF,Tottenham,27,1992,27.5,1.20,0.76,0.55,0.55,0.11,0.40,2.40,16.7,2.00,19.8,4.84,24.4,4.73,9.05,6.00,1.02,0.00,0.00,1.02,0.47,1.67,0.69,0.00,Matches
196,George Hirst\George-Hirst,eng ENG,FW,Leicester City,20,1999,0.1,0.00,0.00,0.00,0.00,0.00,0.00,0.00,,0.00,30.0,0.00,0.0,0.00,20.0,10.0,0.00,0.00,0.00,0.00,0.00,0.00,0.00,0.00,Matches
197,Rob Holding\Rob-Holding,eng ENG,DF,Arsenal,23,1995,6.5,0.92,0.46,0.77,0.15,0.00,0.31,0.46,66.7,0.15,7.23,2.15,29.8,4.92,1.54,0.77,2.92,0.92,0.00,2.00,0.46,1.38,6.92,0.31,Matches
198,José Holebas\Jose-Holebas,gr GRE,DF,Watford,35,1984,11.4,2.19,1.05,1.75,0.44,0.00,0.53,2.19,24.0,1.67,15.7,5.18,33.0,8.33,5.53,1.84,2.02,0.26,0.00,1.75,0.44,2.63,3.51,0.00,Matches
199,Mason Holgate\Mason-Holgate,eng ENG,DF,Everton,22,1996,22.8,2.19,1.23,1.49,0.66,0.04,0.92,1.62,56.8,0.70,10.6,3.38,31.8,6.40,3.64,0.57,1.40,0.70,0.04,0.70,1.23,3.42,6.36,0.04,Matches
200,Nathan Holland\Nathan-Holland,eng ENG,MF,West Ham,21,1998,0.4,2.50,0.00,2.50,0.00,0.00,0.00,0.00,,0.00,32.5,10.0,30.8,12.5,10.0,10.0,2.50,0.00,0.00,2.50,0.00,2.50,0.00,0.00,Matches
201,Conor Hourihane\Conor-Hourihane,ie IRL,MF,Aston Villa,28,1991,17.0,1.24,0.82,0.29,0.71,0.24,0.47,1.41,33.3,0.94,13.2,2.24,17.0,4.00,6.06,3.12,1.59,0.35,0.00,1.24,0.18,1.41,1.41,0.00,Matches
202,Callum Hudson-Odoi\Callum-Hudson-Odoi,eng ENG,FW,Chelsea,18,2000,9.6,0.83,0.52,0.52,0.21,0.10,0.10,1.15,9.1,1.04,12.6,3.02,24.0,2.29,6.15,4.17,1.88,0.00,0.00,1.88,0.00,0.83,0.63,0.00,Matches
203,Will Hughes\Will-Hughes,eng ENG,MFFW,Watford,24,1995,25.0,3.20,1.96,1.20,1.52,0.48,1.08,3.44,31.4,2.36,27.0,7.24,26.8,7.96,13.4,5.68,2.64,0.36,0.00,2.28,1.24,4.44,1.20,0.00,Matches
204,Pierre H?jbjerg\Pierre-Hojbjerg,dk DEN,MF,Southampton,23,1995,30.6,2.94,1.86,1.41,1.31,0.23,1.18,3.37,35.0,2.19,20.7,6.93,33.5,6.80,11.0,2.88,2.06,0.20,0.00,1.86,1.37,4.31,2.55,0.07,Matches
205,Jordon Ibe\Jordon-Ibe,eng ENG,DF,Bournemouth,23,1995,0.6,5.00,5.00,5.00,0.00,0.00,0.00,0.00,,0.00,18.3,5.00,27.3,8.33,8.33,1.67,0.00,0.00,0.00,0.00,1.67,6.67,0.00,0.00,Matches
206,Adam Idah\Adam-Idah,ie IRL,FWMF,Norwich City,18,2001,2.5,1.60,1.60,0.80,0.40,0.40,0.40,1.20,33.3,0.80,14.4,3.60,25.0,3.60,5.60,5.20,2.40,0.00,0.00,2.40,0.00,1.60,0.40,0.00,Matches
207,Odion Ighalo\Odion-Ighalo,ng NGA,FW,Manchester Utd,30,1989,1.1,1.82,1.82,0.00,1.82,0.00,0.91,1.82,50.0,0.91,20.9,4.55,21.7,3.64,5.45,11.8,1.82,0.91,0.00,0.91,0.00,1.82,0.00,0.00,Matches
208,Kelechi Iheanacho\Kelechi-Iheanacho,ng NGA,FW,Leicester City,22,1996,10.7,0.56,0.47,0.00,0.37,0.19,0.28,0.93,30.0,0.65,18.0,5.23,29.0,1.96,8.32,7.76,0.84,0.09,0.00,0.75,0.09,0.65,0.47,0.00,Matches
209,Danny Ings\Danny-Ings,eng ENG,FW,Southampton,27,1992,31.2,1.63,1.03,0.54,0.77,0.32,0.48,2.21,21.7,1.73,27.5,7.28,26.4,4.74,11.7,11.1,2.05,0.16,0.00,1.89,0.22,1.86,0.77,0.00,Matches
210,Alex Iwobi\Alex-Iwobi,ng NGA,MFFW,Everton,23,1996,17.7,1.53,0.79,0.62,0.79,0.11,0.56,1.86,30.3,1.30,20.8,5.42,26.0,5.59,10.2,5.03,1.13,0.17,0.00,0.96,0.56,2.09,0.73,0.06,Matches
211,Phil Jagielka\Phil-Jagielka,eng ENG,DF,Sheffield Utd,36,1982,2.7,2.22,1.48,1.48,0.74,0.00,0.37,2.22,16.7,1.85,9.63,3.33,34.6,7.04,2.59,0.00,3.33,1.85,0.00,1.48,0.74,2.96,10.0,0.00,Matches
212,Alireza Jahanbakhsh\Alireza-Jahanbakhsh,ir IRN,FWMF,Brighton,25,1993,3.5,2.00,0.86,0.57,0.57,0.86,0.86,1.71,50.0,0.86,14.6,5.71,39.2,4.29,4.57,5.71,1.43,0.00,0.00,1.43,0.00,2.00,1.14,0.00,Matches
213,Daniel James\Daniel-James,wal WAL,FW,Manchester Utd,21,1997,25.4,0.98,0.59,0.24,0.47,0.28,0.24,1.77,13.3,1.54,22.4,5.63,25.1,4.92,10.3,7.17,1.46,0.16,0.00,1.30,0.16,1.14,0.39,0.00,Matches
214,Matty James\Matty-James,eng ENG,MF,Leicester City,28,1991,0.1,0.00,0.00,0.00,0.00,0.00,0.00,0.00,,0.00,20.0,20.0,100.0,0.00,10.0,10.0,0.00,0.00,0.00,0.00,0.00,0.00,0.00,0.00,Matches
215,Reece James\Reece-James,eng ENG,DF,Chelsea,19,1999,16.8,2.50,1.37,1.19,1.01,0.30,0.83,1.85,45.2,1.01,16.1,4.35,26.9,7.38,6.73,2.02,2.74,0.48,0.00,2.26,0.83,3.33,2.32,0.00,Matches
216,Daryl Janmaat\Daryl-Janmaat,nl NED,DF,Watford,30,1989,6.7,2.39,0.90,1.04,0.75,0.60,0.90,2.54,35.3,1.64,20.4,4.63,22.6,8.21,7.91,4.33,2.09,0.30,0.00,1.79,1.04,3.43,3.73,0.00,Matches
217,Gabriel Jesus\Gabriel-Jesus,br BRA,FW,Manchester City,22,1997,22.6,1.11,0.84,0.18,0.40,0.53,0.22,1.11,20.0,0.88,18.5,5.62,30.3,1.11,6.86,10.6,1.37,0.18,0.00,1.19,0.53,1.64,0.31,0.00,Matches
218,Raúl Jiménez\Raul-Jimenez,mx MEX,FW,Wolves,28,1991,36.0,0.81,0.64,0.19,0.42,0.19,0.06,0.72,7.7,0.67,16.3,3.92,24.0,0.92,8.14,7.28,0.89,0.11,0.00,0.78,0.44,1.25,0.86,0.00,Matches
219,Joelinton\Joelinton,br BRA,FW,Newcastle Utd,22,1996,29.8,1.01,0.64,0.17,0.57,0.27,0.37,1.17,31.4,0.81,20.0,4.53,22.7,2.45,10.5,7.05,1.11,0.23,0.03,0.87,0.37,1.38,0.94,0.00,Matches
220,Ben Johnson\Ben-Johnson,eng ENG,DF,West Ham,19,2000,3.0,2.67,1.33,1.67,0.67,0.33,1.33,2.00,66.7,0.67,12.0,2.00,16.7,6.33,3.33,2.33,2.67,1.00,0.00,1.67,1.33,4.00,5.33,0.00,Matches
221,Curtis Jones\Curtis-Jones,eng ENG,MF,Liverpool,18,2001,1.4,2.14,1.43,0.00,0.71,1.43,1.43,2.14,66.7,0.71,19.3,5.00,25.9,3.57,5.71,10.0,2.14,0.00,0.00,2.14,2.14,4.29,0.71,0.00,Matches
222,Phil Jones\Phil-Jones,eng ENG,DF,Manchester Utd,27,1992,1.5,2.67,1.33,1.33,1.33,0.00,1.33,1.33,100.0,0.00,12.0,6.00,50.0,8.00,3.33,0.67,0.67,0.00,0.00,0.67,1.33,4.00,12.7,0.67,Matches
223,Bruno Jord?o\Bruno-Jordao,pt POR,FW,Wolves,20,1998,0.1,0.00,0.00,0.00,0.00,0.00,0.00,0.00,,0.00,0.00,0.00,,0.00,0.00,0.00,10.0,0.00,0.00,10.0,0.00,0.00,0.00,0.00,Matches
224,Jorginho\Jorginho,it ITA,MF,Chelsea,27,1991,26.4,2.61,1.67,0.83,1.40,0.38,1.02,3.22,31.8,2.20,21.0,6.14,29.2,7.20,11.2,2.58,1.55,0.19,0.04,1.36,1.59,4.20,1.29,0.00,Matches
225,Jota\Jota,es ESP,FWMF,Aston Villa,28,1991,3.7,0.81,0.54,0.27,0.27,0.27,0.54,2.43,22.2,1.89,32.2,4.59,14.3,11.9,13.8,6.49,0.81,0.00,0.00,0.81,0.54,1.35,1.62,0.00,Matches
226,Diogo Jota\Diogo-Jota,pt POR,FWMF,Wolves,22,1996,25.4,1.34,0.83,0.51,0.71,0.12,0.47,1.73,27.3,1.26,22.5,5.00,22.2,4.92,11.5,6.06,0.67,0.00,0.00,0.67,0.24,1.57,0.35,0.00,Matches
227,James Justin\James-Justin,eng ENG,DF,Leicester City,21,1998,11.2,3.21,1.79,1.96,1.16,0.09,1.16,2.05,56.5,0.89,14.2,5.18,36.5,6.79,5.27,2.14,2.23,0.63,0.00,1.61,0.71,3.93,2.77,0.00,Matches
228,Christian Kabasele\Christian-Kabasele,be BEL,DF,Watford,28,1991,25.0,1.60,0.96,1.28,0.32,0.00,0.64,1.44,44.4,0.80,9.88,3.40,34.4,5.64,3.52,0.72,2.20,1.12,0.00,1.08,0.96,2.56,6.84,0.08,Matches
229,Harry Kane\Harry-Kane,eng ENG,FW,Tottenham,26,1993,28.7,0.70,0.49,0.17,0.45,0.07,0.21,0.66,31.6,0.45,15.6,3.48,22.3,0.80,7.63,7.18,1.08,0.42,0.00,0.66,0.14,0.84,1.05,0.00,Matches
230,N'Golo Kanté\NGolo-Kante,fr FRA,MF,Chelsea,28,1991,19.2,3.02,2.24,1.56,1.09,0.36,0.63,1.72,36.4,1.09,22.8,7.34,32.2,7.97,9.95,4.90,2.24,0.16,0.00,2.08,1.46,4.48,1.82,0.00,Matches
231,Moise Kean\Moise-Kean,it ITA,FW,Everton,19,2000,9.5,0.74,0.63,0.21,0.21,0.32,0.00,0.32,0.0,0.32,12.5,3.79,30.3,1.26,5.26,6.00,0.42,0.11,0.00,0.32,0.63,1.37,0.32,0.00,Matches
232,Michael Keane\Michael-Keane,eng ENG,DF,Everton,26,1993,28.4,1.44,0.92,0.92,0.49,0.04,0.53,0.95,55.6,0.42,6.69,2.32,34.7,4.33,2.18,0.18,1.83,0.95,0.00,0.88,0.85,2.29,7.32,0.04,Matches
233,Naby Ke?ta\Naby-Keita,gn GUI,MF,Liverpool,24,1995,9.1,2.97,2.20,0.88,1.43,0.66,0.99,2.75,36.0,1.76,23.4,8.57,36.6,4.51,10.9,8.02,2.09,0.00,0.00,2.09,1.54,4.51,0.44,0.00,Matches
234,Lloyd Kelly\Lloyd-Kelly,eng ENG,DF,Bournemouth,20,1998,7.1,1.27,0.85,0.70,0.56,0.00,0.70,1.27,55.6,0.56,10.3,4.08,39.7,5.49,3.80,0.99,1.55,0.85,0.00,0.70,0.56,1.83,2.39,0.14,Matches
235,Martin Kelly\Martin-Kelly,eng ENG,DF,Crystal Palace,29,1990,17.2,1.40,1.05,1.05,0.35,0.00,0.70,1.69,41.4,0.99,10.5,3.66,34.8,7.50,2.44,0.58,2.91,0.87,0.00,2.03,0.58,1.98,5.93,0.17,Matches
236,Max Kilman\Max-Kilman,eng ENG,DF,Wolves,22,1997,2.1,1.90,1.43,1.43,0.48,0.00,0.95,1.90,50.0,0.95,8.10,2.38,29.4,5.24,2.38,0.48,0.95,0.48,0.00,0.48,1.43,3.33,8.10,0.00,Matches
237,Joshua King\Joshua-King,no NOR,FWMF,Bournemouth,27,1992,22.3,0.85,0.67,0.36,0.31,0.18,0.09,0.67,13.3,0.58,22.2,5.52,24.8,3.63,9.91,8.70,1.21,0.18,0.00,1.03,0.22,1.08,0.49,0.00,Matches
238,Timm Klose\Timm-Klose,ch SUI,DF,Norwich City,31,1988,6.5,1.38,0.62,0.62,0.77,0.00,0.77,1.69,45.5,0.92,8.15,3.69,45.3,5.54,2.62,0.00,1.69,0.92,0.00,0.77,0.31,1.69,4.62,0.31,Matches
239,Jonathan Kodjia\Jonathan-Kodjia,ci CIV,FWMF,Aston Villa,29,1989,1.3,0.00,0.00,0.00,0.00,0.00,0.00,0.77,0.0,0.77,25.4,6.92,27.3,4.62,11.5,9.23,1.54,1.54,0.00,0.00,0.00,0.00,1.54,0.00,Matches
240,Sead Kolašinac\Sead-Kolasinac,ba BIH,DF,Arsenal,26,1993,18.9,1.85,0.95,1.16,0.32,0.37,0.63,1.32,48.0,0.69,12.2,3.54,29.1,6.14,4.29,1.75,1.22,0.26,0.00,0.95,0.79,2.65,2.38,0.05,Matches
241,Ezri Konsa\Ezri-Konsa,eng ENG,DF,Aston Villa,21,1997,22.7,1.19,0.79,0.88,0.31,0.00,0.26,0.70,37.5,0.44,8.50,2.78,32.6,4.71,2.86,0.93,2.42,1.01,0.00,1.41,0.62,1.81,3.66,0.13,Matches
242,Cheikhou Kouyaté\Cheikhou-Kouyate,sn SEN,MFDF,Crystal Palace,29,1989,28.1,2.49,1.60,1.60,0.82,0.07,0.82,1.78,46.0,0.96,14.9,4.38,29.4,6.80,6.30,1.78,2.14,0.46,0.00,1.67,0.64,3.13,2.81,0.04,Matches
243,Mateo Kovaèiæ\Mateo-Kovacic,hr CRO,MF,Chelsea,25,1994,23.0,3.48,2.39,1.35,1.83,0.30,1.30,3.39,38.5,2.09,23.2,7.52,32.5,6.70,12.1,4.35,1.22,0.09,0.00,1.13,0.52,4.00,0.74,0.00,Matches
244,Emil Krafth\Emil-Krafth,se SWE,DF,Newcastle Utd,24,1994,11.3,1.77,1.06,1.42,0.18,0.18,0.53,1.86,28.6,1.33,11.9,3.54,29.9,7.52,3.19,1.15,1.77,0.80,0.00,0.97,0.53,2.30,3.54,0.00,Matches
245,Tim Krul\Tim-Krul,nl NED,GK,Norwich City,31,1988,36.0,0.00,0.00,0.00,0.00,0.00,0.00,0.03,0.0,0.03,0.19,0.03,14.3,0.19,0.00,0.00,0.00,0.00,0.00,0.00,0.00,0.00,0.03,0.03,Matches
246,Alexandre Lacazette\Alexandre-Lacazette,fr FRA,FW,Arsenal,28,1991,20.8,1.11,0.91,0.29,0.58,0.24,0.19,0.82,23.5,0.63,22.3,5.48,24.6,2.64,10.6,9.09,0.63,0.00,0.00,0.63,0.48,1.59,0.67,0.00,Matches
247,Adam Lallana\Adam-Lallana,eng ENG,MFFW,Liverpool,31,1988,4.2,4.76,2.86,2.14,2.14,0.48,2.14,6.43,33.3,4.29,31.4,9.76,31.1,10.7,13.1,7.62,3.10,0.00,0.00,3.10,1.43,6.19,0.71,0.00,Matches
248,Érik Lamela\Erik-Lamela,ar ARG,MFFW,Tottenham,27,1992,13.5,2.00,1.56,0.59,1.11,0.30,0.37,1.63,22.7,1.26,23.3,6.52,27.9,6.07,11.2,6.07,1.41,0.22,0.00,1.19,0.67,2.67,0.59,0.00,Matches
249,Tariq Lamptey\Tariq-Lamptey,eng ENG,DF,Chelsea,18,2000,0.4,5.00,0.00,2.50,2.50,0.00,5.00,5.00,100.0,0.00,7.50,7.50,100.0,2.50,2.50,2.50,0.00,0.00,0.00,0.00,0.00,5.00,0.00,0.00,Matches
250,Tariq Lamptey\Tariq-Lamptey,eng ENG,DF,Brighton,18,2000,6.5,1.38,0.46,1.23,0.15,0.00,0.00,1.38,0.0,1.38,14.0,2.62,18.7,6.00,4.92,3.08,2.00,0.15,0.00,1.85,1.38,2.77,2.31,0.15,Matches
251,Henri Lansbury\Henri-Lansbury,eng ENG,MF,Aston Villa,28,1990,2.2,2.27,0.91,1.36,0.45,0.45,0.00,1.82,0.0,1.82,27.7,8.18,29.5,10.9,8.18,8.64,2.73,0.00,0.00,2.73,0.00,2.27,0.45,0.00,Matches
252,Manuel Lanzini\Manuel-Lanzini,ar ARG,MFFW,West Ham,26,1993,15.3,0.72,0.59,0.39,0.20,0.13,0.33,2.42,13.5,2.09,22.5,4.97,22.1,5.03,12.9,4.51,0.78,0.07,0.00,0.72,0.59,1.31,0.26,0.00,Matches
253,Aymeric Laporte\Aymeric-Laporte,fr FRA,DF,Manchester City,25,1994,12.2,0.98,0.66,0.66,0.33,0.00,0.57,1.07,53.8,0.49,5.08,2.13,41.9,2.62,2.21,0.25,0.49,0.41,0.00,0.08,1.15,2.13,3.20,0.16,Matches
254,Jamaal Lascelles\Jamaal-Lascelles,eng ENG,DF,Newcastle Utd,25,1993,23.1,0.78,0.43,0.61,0.17,0.00,0.22,0.61,35.7,0.39,7.01,2.55,36.4,4.72,2.03,0.26,1.60,1.00,0.00,0.61,0.95,1.73,7.19,0.04,Matches
255,Valentino Lazaro\Valentino-Lazaro,at AUT,DFMF,Newcastle Utd,23,1996,5.3,2.08,0.38,1.70,0.38,0.00,1.13,2.64,42.9,1.51,18.5,4.15,22.4,8.68,7.55,2.26,1.13,0.00,0.00,1.13,0.19,2.26,0.75,0.00,Matches
256,Moritz Leitner\Moritz-Leitner,de GER,MF,Norwich City,26,1992,7.6,2.37,1.18,1.32,0.79,0.26,0.66,2.63,25.0,1.97,21.1,4.34,20.6,11.2,6.45,3.42,2.37,0.66,0.00,1.71,0.66,3.03,0.79,0.00,Matches
257,Florian Lejeune\Florian-Lejeune,fr FRA,DF,Newcastle Utd,28,1991,4.9,1.63,1.22,1.22,0.41,0.00,1.02,1.84,55.6,0.82,11.8,3.88,32.8,7.96,3.67,0.20,2.65,0.41,0.00,2.24,1.22,2.86,5.51,0.20,Matches
258,Aaron Lennon\Aaron-Lennon,eng ENG,MF,Burnley,32,1987,5.5,2.73,1.64,1.27,0.73,0.73,1.64,2.55,64.3,0.91,26.0,4.91,18.9,6.73,12.2,7.09,1.45,0.36,0.00,1.09,1.45,4.18,1.09,0.00,Matches
259,Bernd Leno\Bernd-Leno,de GER,GK,Arsenal,27,1992,29.4,0.00,0.00,0.00,0.00,0.00,0.00,0.10,0.0,0.10,0.03,0.00,0.0,0.03,0.00,0.00,0.00,0.00,0.00,0.00,0.00,0.00,0.07,0.03,Matches
260,Jefferson Lerma\Jefferson-Lerma,co COL,MF,Bournemouth,24,1994,30.0,2.70,1.63,0.93,1.57,0.20,1.00,2.10,47.6,1.10,19.2,5.77,30.0,6.90,10.7,1.60,1.67,0.40,0.00,1.27,1.13,3.83,2.30,0.00,Matches
261,Jamal Lewis\Jamal-Lewis,nir NIR,DF,Norwich City,21,1998,25.6,2.19,1.21,1.76,0.23,0.20,0.70,1.72,40.9,1.02,14.5,4.38,30.3,9.06,3.79,1.60,2.15,0.47,0.00,1.68,0.78,2.97,2.66,0.04,Matches
262,Victor Lindelöf\Victor-Lindelof,se SWE,DF,Manchester Utd,25,1994,34.4,0.87,0.47,0.61,0.23,0.03,0.35,0.49,70.6,0.15,6.42,1.86,29.0,3.40,2.85,0.17,1.45,0.61,0.00,0.84,0.73,1.60,4.94,0.00,Matches
263,Jesse Lingard\Jesse-Lingard,eng ENG,MFFW,Manchester Utd,26,1992,10.4,1.25,0.87,0.48,0.19,0.58,0.38,1.44,26.7,1.06,32.3,7.69,23.8,5.96,16.6,9.71,0.87,0.10,0.00,0.77,0.58,1.83,0.10,0.00,Matches
264,Hugo Lloris\Hugo-Lloris,fr FRA,GK,Tottenham,32,1986,20.1,0.00,0.00,0.00,0.00,0.00,0.00,0.00,,0.00,0.05,0.00,0.0,0.05,0.00,0.00,0.00,0.00,0.00,0.00,0.00,0.00,0.05,0.10,Matches
265,Giovani Lo Celso\Giovani-Lo-Celso,ar ARG,MFFW,Tottenham,23,1996,16.6,3.07,1.99,0.78,1.87,0.42,0.54,3.19,17.0,2.65,25.3,8.07,31.9,8.49,12.7,4.10,1.81,0.36,0.00,1.45,0.84,3.92,1.20,0.06,Matches
266,Jürgen Locadia\Jurgen-Locadia,nl NED,MFFW,Brighton,25,1993,1.0,1.00,1.00,0.00,1.00,0.00,0.00,0.00,,0.00,12.0,6.00,50.0,0.00,6.00,6.00,0.00,0.00,0.00,0.00,0.00,1.00,0.00,0.00,Matches
267,Ruben Loftus-Cheek\Ruben-Loftus-Cheek,eng ENG,MFFW,Chelsea,23,1996,2.3,0.00,0.00,0.00,0.00,0.00,0.00,0.43,0.0,0.43,9.13,4.35,47.6,3.48,1.74,3.91,1.30,0.43,0.00,0.87,0.00,0.00,1.30,0.00,Matches
268,Kevin Long\Kevin-Long,ie IRL,DF,Burnley,28,1990,6.3,1.59,1.27,1.27,0.32,0.00,0.48,1.27,37.5,0.79,8.41,2.70,32.1,5.40,2.70,0.32,2.38,1.43,0.00,0.95,0.16,1.75,6.19,0.00,Matches
269,Shane Long\Shane-Long,ie IRL,FW,Southampton,32,1987,15.5,1.23,0.97,0.32,0.65,0.26,0.32,1.42,22.7,1.10,20.5,6.39,31.2,2.00,7.81,10.6,1.16,0.26,0.00,0.90,0.13,1.35,0.77,0.06,Matches
270,Matthew Longstaff\Matthew-Longstaff,eng ENG,MF,Newcastle Utd,19,2000,6.4,0.94,0.47,0.47,0.47,0.00,0.16,1.72,9.1,1.56,29.5,5.31,18.0,11.6,15.9,2.03,0.47,0.16,0.16,0.31,0.94,1.88,0.31,0.00,Matches
271,Sean Longstaff\Sean-Longstaff,eng ENG,MF,Newcastle Utd,21,1997,15.3,2.81,1.37,1.24,1.31,0.26,1.31,3.53,37.0,2.22,33.5,7.32,21.8,13.7,16.1,3.79,2.03,0.20,0.00,1.83,1.24,4.05,1.96,0.13,Matches
272,Dejan Lovren\Dejan-Lovren,hr CRO,DF,Liverpool,30,1989,8.6,1.86,1.05,1.40,0.47,0.00,0.81,1.51,53.8,0.70,9.30,2.56,27.5,6.51,2.56,0.23,1.51,0.70,0.00,0.81,0.93,2.79,9.42,0.12,Matches
273,Matthew Lowton\Matthew-Lowton,eng ENG,DF,Burnley,30,1989,17.0,2.59,1.41,1.18,1.24,0.18,1.41,2.53,55.8,1.12,11.9,3.53,29.7,5.82,4.35,1.71,2.47,0.53,0.06,1.94,0.94,3.53,4.65,0.06,Matches
274,David Luiz\David-Luiz,br BRA,DF,Arsenal,32,1987,31.2,1.06,0.64,0.71,0.32,0.03,0.32,0.83,38.5,0.51,6.12,2.12,34.6,4.58,1.38,0.16,2.02,1.28,0.00,0.74,0.61,1.67,5.87,0.10,Matches
275,Douglas Luiz\Douglas-Luiz,br BRA,MF,Aston Villa,21,1998,29.0,1.79,1.14,1.17,0.48,0.14,0.66,2.28,28.8,1.62,20.4,5.34,26.2,9.07,9.07,2.28,2.21,0.62,0.03,1.59,0.72,2.52,1.52,0.07,Matches
276,John Lundstram\John-Lundstram,eng ENG,MF,Sheffield Utd,25,1994,27.3,1.83,1.21,0.81,0.66,0.37,0.70,2.49,27.9,1.79,22.1,6.30,28.5,6.34,11.1,4.65,1.06,0.15,0.00,0.92,0.66,2.49,1.87,0.00,Matches
277,Alexis Mac Allister\Alexis-Mac-Allister,ar ARG,MFFW,Brighton,20,1998,3.9,2.31,1.03,1.03,0.77,0.51,1.03,2.31,44.4,1.28,26.9,6.41,23.8,6.92,13.1,6.92,3.59,0.26,0.00,3.33,0.51,2.82,0.26,0.00,Matches
278,James Maddison\James-Maddison,eng ENG,MF,Leicester City,22,1996,29.2,1.92,1.34,0.65,0.82,0.45,0.75,2.36,31.9,1.61,21.5,6.78,31.5,5.55,11.6,4.38,0.72,0.03,0.00,0.68,0.41,2.33,0.27,0.03,Matches
279,Harry Maguire\Harry-Maguire,eng ENG,DF,Manchester Utd,26,1993,38.0,1.16,0.71,0.66,0.47,0.03,0.37,0.95,38.9,0.58,6.32,2.37,37.5,4.08,2.03,0.21,1.18,0.66,0.00,0.53,1.45,2.61,6.47,0.03,Matches
280,Riyad Mahrez\Riyad-Mahrez,dz ALG,FW,Manchester City,28,1991,21.6,1.48,0.97,0.42,0.60,0.46,0.60,2.22,27.1,1.62,18.2,5.14,28.2,3.33,7.18,7.73,1.76,0.05,0.00,1.71,0.69,2.18,0.32,0.00,Matches
281,Ainsley Maitland-Niles\Ainsley-Maitland-Niles,eng ENG,DF,Arsenal,21,1997,15.4,2.66,1.75,1.95,0.58,0.13,0.91,2.73,33.3,1.82,19.3,5.45,28.3,11.6,5.58,2.08,1.88,0.32,0.00,1.56,1.10,3.77,2.66,0.00,Matches
282,Sadio Mané\Sadio-Mane,sn SEN,FW,Liverpool,27,1992,30.5,1.64,1.15,0.43,0.75,0.46,0.49,1.51,32.6,1.02,16.5,5.02,30.4,3.54,5.51,7.48,0.98,0.03,0.00,0.95,0.36,2.00,0.16,0.00,Matches
283,Javier Manquillo\Javier-Manquillo,es ESP,DF,Newcastle Utd,25,1994,17.8,2.64,1.80,1.80,0.62,0.22,1.35,2.25,60.0,0.90,12.4,3.99,32.3,6.74,4.33,1.29,1.97,0.28,0.00,1.69,0.73,3.37,3.37,0.00,Matches
284,Solly March\Solly-March,eng ENG,DFFW,Brighton,25,1994,12.7,2.05,1.34,1.26,0.63,0.16,0.71,1.65,42.9,0.94,12.4,3.46,27.8,4.25,4.49,3.70,1.73,0.24,0.00,1.50,0.94,2.99,1.50,0.08,Matches
285,Pablo Marí\Pablo-Mari,es ESP,DF,Arsenal,25,1993,1.3,2.31,0.77,1.54,0.77,0.00,0.77,1.54,50.0,0.77,8.46,2.31,27.3,4.62,3.08,0.77,0.77,0.00,0.00,0.77,1.54,3.85,10.8,0.00,Matches
286,Adrian Mariappa\Adrian-Mariappa,jm JAM,DF,Watford,32,1986,16.8,1.49,0.71,1.07,0.30,0.12,0.65,2.26,28.9,1.61,11.7,3.39,28.9,6.79,3.81,1.13,2.08,0.54,0.00,1.55,0.42,1.90,5.54,0.06,Matches
287,Anthony Martial\Anthony-Martial,fr FRA,FW,Manchester Utd,23,1995,29.2,0.51,0.41,0.03,0.14,0.34,0.03,0.45,7.7,0.41,13.0,3.70,28.5,0.82,4.35,7.81,0.65,0.03,0.00,0.62,0.17,0.68,0.55,0.00,Matches
288,David Martin\David-Martin,eng ENG,GK,West Ham,33,1986,4.8,0.00,0.00,0.00,0.00,0.00,0.00,0.00,,0.00,0.21,0.21,100.0,0.21,0.00,0.00,0.21,0.00,0.00,0.21,0.00,0.00,0.00,0.21,Matches
289,Josh Martin\Josh-Martin,eng ENG,FW,Norwich City,17,2001,0.4,0.00,0.00,0.00,0.00,0.00,0.00,0.00,,0.00,32.5,5.00,15.4,15.0,7.50,10.0,2.50,0.00,0.00,2.50,2.50,2.50,0.00,0.00,Matches
290,Martinelli\Martinelli,br BRA,FW,Arsenal,18,2001,7.4,3.11,1.76,1.62,1.22,0.27,0.68,2.16,31.3,1.49,33.4,9.32,27.9,11.9,13.6,7.84,2.70,0.14,0.00,2.57,0.27,3.38,0.95,0.00,Matches
291,Emiliano Martínez\Emiliano-Martinez,ar ARG,GK,Arsenal,26,1992,8.6,0.00,0.00,0.00,0.00,0.00,0.00,0.00,,0.00,0.12,0.00,0.0,0.12,0.00,0.00,0.00,0.00,0.00,0.00,0.00,0.00,0.00,0.23,Matches
292,Adam Masina\Adam-Masina,it ITA,DF,Watford,25,1994,20.2,1.98,1.24,1.29,0.54,0.15,0.69,2.23,31.1,1.53,13.0,3.81,29.3,5.94,5.20,1.88,2.03,0.64,0.10,1.39,1.14,3.12,4.90,0.10,Matches
293,Arthur Masuaku\Arthur-Masuaku,cd COD,DF,West Ham,25,1993,10.4,4.13,2.60,2.69,1.15,0.29,1.06,2.88,36.7,1.83,21.4,6.25,29.1,12.3,7.79,1.35,2.79,0.29,0.00,2.50,1.15,5.29,2.79,0.10,Matches
294,Juan Mata\Juan-Mata,es ESP,MFFW,Manchester Utd,31,1988,8.4,0.95,0.83,0.24,0.48,0.24,0.24,1.55,15.4,1.31,14.0,4.17,29.7,2.14,6.55,5.36,0.83,0.12,0.00,0.71,0.12,1.07,0.12,0.00,Matches
295,Nemanja Matiæ\Nemanja-Matic,rs SRB,MF,Manchester Utd,30,1988,17.6,2.33,1.19,1.02,1.25,0.06,0.51,1.87,27.3,1.36,15.7,4.49,28.6,5.85,8.58,1.25,1.87,0.51,0.00,1.36,1.02,3.35,1.99,0.06,Matches
296,Joël Matip\Joel-Matip,cm CMR,DF,Liverpool,27,1991,7.8,1.67,1.15,0.64,0.77,0.26,0.64,1.54,41.7,0.90,8.21,3.46,42.2,4.49,3.46,0.26,0.90,0.38,0.00,0.51,0.64,2.31,9.74,0.00,Matches
297,Neal Maupay\Neal-Maupay,fr FRA,FW,Brighton,22,1996,30.7,0.91,0.55,0.26,0.42,0.23,0.26,1.17,22.2,0.91,22.9,6.03,26.3,2.28,9.12,11.5,1.01,0.13,0.00,0.88,0.10,1.01,0.23,0.00,Matches
298,James McArthur\James-McArthur,sco SCO,MF,Crystal Palace,31,1987,34.3,3.21,2.04,1.46,1.34,0.41,1.05,3.09,34.0,2.04,27.2,7.67,28.2,10.8,12.7,3.67,2.83,0.70,0.03,2.13,1.17,4.37,1.66,0.00,Matches
299,Oliver McBurnie\Oliver-McBurnie,sco SCO,FW,Sheffield Utd,23,1996,23.5,1.49,0.89,0.38,0.85,0.26,0.30,1.66,17.9,1.36,26.2,6.34,24.2,2.43,12.4,11.3,1.40,0.13,0.00,1.28,0.30,1.79,1.83,0.00,Matches
300,Alex McCarthy\Alex-McCarthy,eng ENG,GK,Southampton,29,1989,28.0,0.00,0.00,0.00,0.00,0.00,0.00,0.00,,0.00,0.04,0.04,100.0,0.04,0.00,0.00,0.00,0.00,0.00,0.00,0.00,0.00,0.00,0.07,Matches
301,James McCarthy\James-McCarthy,ie IRL,MF,Crystal Palace,28,1990,18.7,4.12,2.25,1.76,1.98,0.37,1.60,3.69,43.5,2.09,22.4,6.68,29.8,8.72,11.1,2.57,1.87,0.27,0.00,1.60,0.75,4.87,1.02,0.05,Matches
302,John McGinn\John-McGinn,sco SCO,MF,Aston Villa,24,1994,25.7,2.26,1.56,0.93,0.82,0.51,0.78,2.57,30.3,1.79,19.8,5.60,28.3,5.33,9.88,4.55,1.25,0.08,0.00,1.17,0.78,3.04,0.78,0.04,Matches
303,David McGoldrick\David-McGoldrick,ie IRL,FW,Sheffield Utd,31,1987,20.2,2.08,1.29,0.50,1.14,0.45,0.25,0.84,29.4,0.59,22.6,5.79,25.7,2.33,11.7,8.51,0.99,0.15,0.05,0.84,0.15,2.23,1.19,0.00,Matches
304,Michael McGovern\Michael-McGovern,nir NIR,GK,Norwich City,35,1984,1.8,0.00,0.00,0.00,0.00,0.00,0.00,0.00,,0.00,0.00,0.00,,0.00,0.00,0.00,0.00,0.00,0.00,0.00,0.00,0.00,0.00,0.00,Matches
305,Kenny McLean\Kenny-McLean,sco SCO,MF,Norwich City,27,1992,33.0,1.45,0.94,0.79,0.55,0.12,0.48,1.58,30.8,1.09,17.9,4.85,27.1,6.88,8.42,2.58,1.42,0.24,0.03,1.18,0.73,2.18,2.09,0.03,Matches
306,Dwight McNeil\Dwight-McNeil,eng ENG,MF,Burnley,19,1999,37.1,1.48,0.75,0.54,0.59,0.35,0.46,1.83,25.0,1.37,19.8,4.80,24.3,5.61,9.03,5.15,1.91,0.16,0.03,1.75,0.65,2.13,0.92,0.00,Matches
307,Scott McTominay\Scott-McTominay,sco SCO,MF,Manchester Utd,22,1996,19.7,2.54,1.57,1.02,1.32,0.20,0.86,1.93,44.7,1.07,13.3,4.26,32.1,4.77,7.01,1.52,1.98,0.30,0.00,1.68,1.17,3.71,2.64,0.00,Matches
308,Ben Mee\Ben-Mee,eng ENG,DF,Burnley,29,1989,32.0,1.09,0.50,0.72,0.38,0.00,0.59,1.13,52.8,0.53,5.50,1.75,31.8,3.38,1.94,0.19,2.00,1.06,0.00,0.94,0.69,1.78,8.72,0.00,Matches
309,Benjamin Mendy\Benjamin-Mendy,fr FRA,DF,Manchester City,25,1994,16.6,1.33,1.02,0.54,0.48,0.30,0.60,1.75,34.5,1.14,8.55,2.47,28.9,3.55,3.13,1.87,1.27,0.12,0.00,1.14,0.42,1.75,2.59,0.18,Matches
310,Nampalys Mendy\Nampalys-Mendy,fr FRA,MF,Leicester City,27,1992,3.2,2.19,1.25,1.25,0.63,0.31,0.31,0.63,50.0,0.31,13.1,4.38,33.3,6.88,5.63,0.63,1.56,0.31,0.00,1.25,1.25,3.44,2.19,0.00,Matches
311,Chris Mepham\Chris-Mepham,wal WAL,DF,Bournemouth,21,1997,10.1,2.28,1.39,1.39,0.89,0.00,0.89,1.58,56.3,0.69,13.1,4.85,37.1,8.22,4.16,0.69,1.98,1.19,0.00,0.79,1.19,3.47,7.43,0.10,Matches
312,Max Meyer\Max-Meyer,de GER,MFFW,Crystal Palace,23,1995,7.3,2.33,1.10,1.23,1.10,0.00,0.55,2.33,23.5,1.78,19.7,5.34,27.1,8.77,8.63,2.33,1.78,0.14,0.00,1.64,0.55,2.88,0.41,0.00,Matches
313,Luka Milivojeviæ\Luka-Milivojevic,rs SRB,MF,Crystal Palace,28,1991,27.9,2.15,1.33,1.22,0.86,0.07,1.00,2.72,36.8,1.72,18.6,4.84,26.0,9.00,8.14,1.47,1.68,0.29,0.00,1.40,0.97,3.12,2.37,0.04,Matches
314,James Milner\James-Milner,eng ENG,MFDF,Liverpool,33,1986,10.4,1.63,0.96,0.29,1.25,0.10,0.38,2.12,18.2,1.73,16.3,3.94,24.3,4.81,8.94,2.50,1.44,0.29,0.10,1.15,0.67,2.31,2.40,0.00,Matches
315,Yerry Mina\Yerry-Mina,co COL,DF,Everton,24,1994,25.4,1.69,0.79,1.18,0.43,0.08,0.59,1.06,55.6,0.47,9.02,2.60,28.8,6.10,2.36,0.55,1.46,0.71,0.00,0.75,0.59,2.28,7.01,0.04,Matches
316,Takumi Minamino\Takumi-Minamino,jp JPN,FWMF,Liverpool,24,1995,2.8,1.43,1.07,0.36,1.07,0.00,0.36,2.50,14.3,2.14,22.5,7.14,31.7,3.93,9.64,8.93,1.07,0.00,0.00,1.07,0.00,1.43,0.71,0.00,Matches
317,Tyrone Mings\Tyrone-Mings,eng ENG,DF,Aston Villa,26,1993,32.2,0.78,0.53,0.56,0.19,0.03,0.31,0.56,55.6,0.25,4.97,2.05,41.3,3.29,1.34,0.34,2.24,1.71,0.06,0.53,0.62,1.40,6.93,0.22,Matches
318,Tyrick Mitchell\Tyrick-Mitchell,eng ENG,DF,Crystal Palace,19,1999,2.2,2.73,0.91,1.82,0.00,0.91,0.45,4.09,11.1,3.64,21.8,5.91,27.1,10.9,6.82,4.09,2.73,0.00,0.00,2.73,0.45,3.18,0.45,0.00,Matches
319,Henrikh Mkhitaryan\Henrikh-Mkhitaryan,am ARM,FW,Arsenal,30,1989,1.2,0.00,0.00,0.00,0.00,0.00,0.00,2.50,0.0,2.50,26.7,6.67,25.0,3.33,13.3,10.0,1.67,0.00,0.00,1.67,0.83,0.83,0.83,0.00,Matches
320,Nacho Monreal\Nacho-Monreal,es ESP,DF,Arsenal,33,1986,3.0,1.33,1.33,1.00,0.33,0.00,0.33,1.00,33.3,0.67,11.3,3.33,29.4,6.33,4.33,0.67,1.00,0.33,0.00,0.67,1.33,2.67,5.67,0.00,Matches
321,Martín Montoya\Martin-Montoya,es ESP,DF,Brighton,28,1991,21.1,2.32,1.33,1.42,0.66,0.24,1.04,2.37,44.0,1.33,17.8,4.36,24.5,7.77,7.49,2.51,1.94,0.28,0.00,1.66,0.81,3.13,2.61,0.05,Matches
322,Simon Moore\Simon-Moore,eng ENG,GK,Sheffield Utd,29,1990,2.0,0.00,0.00,0.00,0.00,0.00,0.00,0.50,0.0,0.50,1.50,0.00,0.0,1.50,0.00,0.00,0.00,0.00,0.00,0.00,0.00,0.00,0.00,0.00,Matches
323,Aaron Mooy\Aaron-Mooy,au AUS,MFFW,Brighton,28,1990,23.2,1.85,1.34,0.56,0.82,0.47,0.34,1.94,17.8,1.59,18.1,5.39,29.7,4.78,8.53,4.83,2.07,0.30,0.04,1.77,0.78,2.63,1.25,0.00,Matches
324,Wesley Moraes\Wesley-Moraes,br BRA,FW,Aston Villa,22,1996,19.8,0.71,0.51,0.10,0.30,0.30,0.00,0.25,0.0,0.25,15.8,3.94,24.9,0.86,7.42,7.53,0.91,0.30,0.00,0.61,0.25,0.96,1.31,0.00,Matches
325,Wes Morgan\Wes-Morgan,jm JAM,DF,Leicester City,35,1984,4.8,1.04,0.83,0.63,0.42,0.00,0.21,0.63,33.3,0.42,6.25,3.33,53.3,3.33,2.71,0.21,1.25,0.83,0.00,0.42,0.42,1.46,6.25,0.00,Matches
326,Ravel Morrison\Ravel-Morrison,jm JAM,MF,Sheffield Utd,26,1993,0.1,0.00,0.00,0.00,0.00,0.00,0.00,0.00,,0.00,30.0,10.0,33.3,0.00,10.0,20.0,0.00,0.00,0.00,0.00,0.00,0.00,0.00,0.00,Matches
327,Mason Mount\Mason-Mount,eng ENG,MFFW,Chelsea,20,1999,31.9,1.50,0.97,0.44,0.66,0.41,0.41,1.47,27.7,1.07,22.8,6.39,28.1,3.76,10.6,8.40,0.82,0.03,0.00,0.78,0.44,1.94,0.50,0.00,Matches
328,Lucas Moura\Lucas-Moura,br BRA,FWMF,Tottenham,26,1992,24.9,2.13,1.33,0.76,0.84,0.52,0.48,2.41,20.0,1.93,21.4,5.78,27.1,4.46,11.4,5.46,1.61,0.08,0.00,1.53,0.56,2.69,0.84,0.00,Matches
329,Lys Mousset\Lys-Mousset,fr FRA,FW,Sheffield Utd,23,1996,13.8,0.80,0.29,0.14,0.36,0.29,0.14,0.51,28.6,0.36,21.4,6.01,28.0,0.87,8.70,11.9,0.72,0.22,0.00,0.51,0.29,1.09,0.14,0.00,Matches
330,Jo?o Moutinho\Joao-Moutinho,pt POR,MF,Wolves,32,1986,34.5,2.67,1.57,1.22,1.16,0.29,1.25,4.09,30.5,2.84,25.6,6.17,24.1,8.90,13.8,2.84,1.86,0.41,0.00,1.45,0.81,3.48,0.87,0.06,Matches
331,Glenn Murray\Glenn-Murray,eng ENG,FW,Brighton,35,1983,8.9,0.34,0.22,0.00,0.34,0.00,0.00,0.67,0.0,0.67,16.2,3.93,24.3,1.12,8.31,6.74,0.67,0.11,0.00,0.56,0.00,0.34,1.01,0.00,Matches
332,Shkodran Mustafi\Shkodran-Mustafi,de GER,DF,Arsenal,27,1992,13.4,1.04,0.67,0.67,0.30,0.07,0.15,0.97,15.4,0.82,8.06,2.69,33.3,3.88,3.73,0.45,1.12,0.52,0.00,0.60,0.60,1.64,8.28,0.15,Matches
333,Yoshinori Mut?\Yoshinori-Muto,jp JPN,FWMF,Newcastle Utd,27,1992,2.4,1.25,0.83,0.00,1.25,0.00,0.00,1.25,0.0,1.25,21.7,5.42,25.0,2.92,10.0,8.75,0.42,0.00,0.00,0.42,0.00,1.25,0.00,0.00,Matches
334,Georges-Kévin N'Koudou\Georges-Kevin-NKoudou,fr FRA,FW,Tottenham,24,1995,0.0,0,0,0,0,0,0,1,0.0,1,7,3,42.9,0,2,5,0,0,0,0,0,0,0,0,Matches
335,Marvelous Nakamba\Marvelous-Nakamba,zw ZIM,MF,Aston Villa,25,1994,20.4,3.19,2.30,1.57,1.42,0.20,0.74,3.33,22.1,2.60,24.1,8.24,34.2,10.4,11.7,1.91,2.99,0.54,0.00,2.45,1.37,4.56,1.67,0.05,Matches
336,Wilfred Ndidi\Wilfred-Ndidi,ng NGA,MF,Leicester City,22,1996,29.7,4.21,2.56,2.05,1.75,0.40,1.25,3.54,35.2,2.29,25.0,8.18,32.7,9.26,13.3,2.42,2.39,0.17,0.00,2.22,1.65,5.86,2.79,0.03,Matches
337,Tanguy Ndombele\Tanguy-Ndombele,fr FRA,MF,Tottenham,22,1996,11.2,2.41,1.70,1.07,1.25,0.09,0.89,2.41,37.0,1.52,20.2,5.00,24.8,7.05,9.55,3.57,2.41,0.36,0.00,2.05,0.80,3.21,0.71,0.00,Matches
338,Reiss Nelson\Reiss-Nelson,eng ENG,FW,Arsenal,19,1999,7.0,1.71,0.86,1.14,0.43,0.14,1.14,2.00,57.1,0.86,23.4,4.43,18.9,7.43,9.86,6.14,1.86,0.14,0.00,1.71,0.57,2.29,0.29,0.00,Matches
339,Pedro Neto\Pedro-Neto,pt POR,FWMF,Wolves,19,2000,10.4,1.06,0.48,0.29,0.77,0.00,0.19,1.44,13.3,1.25,23.0,6.35,27.6,5.00,11.8,6.15,0.48,0.00,0.00,0.48,0.48,1.54,0.58,0.00,Matches
340,Rúben Neves\Ruben-Neves,pt POR,MF,Wolves,22,1997,34.0,1.88,1.24,0.76,0.97,0.15,0.94,3.06,30.8,2.12,20.2,5.00,24.7,8.88,10.1,1.26,2.06,0.32,0.03,1.74,0.91,2.79,1.56,0.00,Matches
341,Jeremy Ngakia\Jeremy-Ngakia,eng ENG,DF,West Ham,18,2000,4.9,3.88,2.45,3.27,0.61,0.00,1.43,4.69,30.4,3.27,22.9,6.94,30.4,16.1,5.92,0.82,2.24,0.20,0.00,2.04,0.41,4.29,3.47,0.00,Matches
342,Oumar Niasse\Oumar-Niasse,sn SEN,FW,Everton,29,1990,0.2,20.0,5.00,0.00,10.0,10.0,10.0,10.0,100.0,0.00,45.0,5.00,11.1,5.00,25.0,15.0,10.0,0.00,0.00,10.0,0.00,20.0,0.00,0.00,Matches
343,Eddie Nketiah\Eddie-Nketiah,eng ENG,FW,Arsenal,20,1999,7.0,1.43,1.00,0.57,0.71,0.14,0.29,1.00,28.6,0.71,23.3,5.57,23.9,1.57,11.1,10.6,0.71,0.00,0.00,0.71,0.71,2.14,0.57,0.00,Matches
344,Mark Noble\Mark-Noble,eng ENG,MF,West Ham,32,1987,29.7,1.68,1.21,0.64,0.84,0.20,0.54,2.32,23.2,1.78,16.9,4.58,27.1,5.42,8.55,2.93,0.98,0.20,0.00,0.77,0.64,2.32,0.47,0.00,Matches
345,Oliver Norwood\Oliver-Norwood,nir NIR,MF,Sheffield Utd,28,1991,34.3,2.19,1.28,1.22,0.79,0.17,0.67,2.65,25.3,1.98,17.0,4.72,27.7,7.84,7.38,1.81,1.34,0.38,0.00,0.96,0.87,3.06,1.87,0.00,Matches
346,?rjan Nyland\Orjan-Nyland,no NOR,GK,Aston Villa,28,1990,6.0,0.00,0.00,0.00,0.00,0.00,0.00,0.00,,0.00,0.00,0.00,,0.00,0.00,0.00,0.00,0.00,0.00,0.00,0.00,0.00,0.17,0.17,Matches
347,Jack O'Connell\Jack-OConnell,eng ENG,DF,Sheffield Utd,25,1994,32.4,1.08,0.62,0.68,0.31,0.09,0.43,0.90,48.3,0.46,8.21,2.81,34.2,4.72,2.72,0.77,2.31,0.65,0.00,1.67,1.08,2.16,6.60,0.03,Matches
348,Michael Obafemi\Michael-Obafemi,ie IRL,FW,Southampton,19,2000,7.4,0.81,0.27,0.14,0.14,0.54,0.41,1.62,25.0,1.22,24.2,7.57,31.3,2.70,8.24,13.2,0.54,0.14,0.00,0.41,0.81,1.62,0.00,0.00,Matches
349,Angelo Ogbonna\Angelo-Ogbonna,it ITA,DF,West Ham,31,1988,31.0,1.45,1.10,0.94,0.39,0.13,0.45,1.16,38.9,0.71,10.1,3.77,37.4,7.23,2.35,0.52,2.52,1.10,0.00,1.42,0.74,2.19,5.52,0.00,Matches
350,Divock Origi\Divock-Origi,be BEL,FW,Liverpool,24,1995,8.0,1.88,1.25,0.25,0.88,0.75,0.50,0.88,57.1,0.38,19.0,6.63,34.9,1.88,7.63,9.50,0.75,0.00,0.00,0.75,0.25,2.13,0.88,0.00,Matches
351,Ben Osborn\Ben-Osborn,eng ENG,MFDF,Sheffield Utd,24,1994,6.6,2.73,1.52,2.12,0.45,0.15,0.61,2.27,26.7,1.67,24.7,6.06,24.5,8.79,10.6,5.30,2.58,0.15,0.00,2.42,0.45,3.18,1.52,0.00,Matches
352,Nicolás Otamendi\Nicolas-Otamendi,ar ARG,DF,Manchester City,31,1988,19.1,1.15,0.63,0.99,0.10,0.05,0.68,1.62,41.9,0.94,5.71,1.88,33.0,3.40,1.99,0.31,1.47,0.58,0.05,0.89,0.47,1.62,4.66,0.10,Matches
353,Alex Oxlade-Chamberlain\Alex-Oxlade-Chamberlain,eng ENG,MFFW,Liverpool,25,1993,16.5,1.39,0.85,0.24,0.73,0.42,0.30,1.45,20.8,1.15,22.7,6.73,29.7,4.79,10.4,7.52,1.64,0.12,0.00,1.52,0.79,2.18,0.42,0.00,Matches
354,Mesut Özil\Mesut-Ozil,de GER,MF,Arsenal,30,1988,16.0,0.81,0.63,0.56,0.25,0.00,0.13,1.19,10.5,1.06,19.1,3.94,20.7,4.19,11.1,3.75,0.56,0.00,0.00,0.56,0.19,1.00,0.19,0.00,Matches
355,Emerson Palmieri\Emerson-Palmieri,it ITA,DF,Chelsea,24,1994,11.4,1.93,0.61,0.79,0.88,0.26,0.53,1.14,46.2,0.61,11.1,3.86,34.9,3.25,5.35,2.46,2.72,0.18,0.00,2.54,0.88,2.81,1.93,0.00,Matches
356,Sokratis Papastathopoulos\Sokratis-Papastathopoulos,gr GRE,DF,Arsenal,31,1988,18.8,1.22,0.69,0.90,0.27,0.05,0.59,1.33,44.0,0.74,9.63,2.71,28.2,6.44,2.93,0.27,2.18,1.17,0.00,1.01,0.16,1.38,5.74,0.00,Matches
357,Troy Parrott\Troy-Parrott,ie IRL,MF,Tottenham,17,2002,0.1,0.00,0.00,0.00,0.00,0.00,0.00,0.00,,0.00,40.0,20.0,50.0,20.0,0.00,20.0,0.00,0.00,0.00,0.00,0.00,0.00,0.00,0.00,Matches
358,Rui Patrício\Rui-Patricio,pt POR,GK,Wolves,31,1988,38.0,0.00,0.00,0.00,0.00,0.00,0.00,0.05,0.0,0.05,0.13,0.00,0.0,0.13,0.00,0.00,0.03,0.00,0.00,0.03,0.00,0.00,0.03,0.03,Matches
359,Pedro\Pedro,es ESP,FW,Chelsea,32,1987,7.3,2.33,1.37,0.96,0.96,0.41,0.41,2.47,16.7,2.05,20.8,6.71,32.2,4.66,10.1,6.03,0.96,0.00,0.00,0.96,0.55,2.88,0.14,0.00,Matches
360,Jo?o Pedro\Joao-Pedro,br BRA,FWMF,Watford,17,2001,0.3,0.00,0.00,0.00,0.00,0.00,0.00,0.00,,0.00,20.0,3.33,16.7,3.33,13.3,3.33,0.00,0.00,0.00,0.00,0.00,0.00,3.33,0.00,Matches
361,Nicolas Pépé\Nicolas-Pepe,ci CIV,FW,Arsenal,24,1995,22.3,1.35,0.85,0.63,0.58,0.13,0.49,1.03,47.8,0.54,15.9,3.99,25.1,4.26,7.04,4.57,0.90,0.09,0.00,0.81,0.45,1.79,0.13,0.00,Matches
362,Andreas Pereira\Andreas-Pereira,br BRA,MFFW,Manchester Utd,23,1996,16.5,1.33,0.73,0.30,0.67,0.36,0.61,2.55,23.8,1.94,26.0,6.91,26.6,4.85,14.2,6.97,1.45,0.00,0.00,1.45,0.67,2.00,0.36,0.00,Matches
363,Ricardo Pereira\Ricardo-Pereira,pt POR,DF,Leicester City,25,1993,28.0,4.36,2.43,2.54,1.25,0.57,2.00,4.32,46.3,2.32,20.1,6.29,31.3,9.79,6.71,3.61,2.11,0.29,0.00,1.82,1.46,5.82,3.46,0.07,Matches
364,Roberto Pereyra\Roberto-Pereyra,ar ARG,FWMF,Watford,28,1991,18.3,0.87,0.55,0.49,0.22,0.16,0.27,1.58,17.2,1.31,18.6,4.92,26.5,4.04,8.47,6.07,2.13,0.05,0.00,2.08,0.60,1.48,0.27,0.05,Matches
365,Ayoze Pérez\Ayoze-Perez,es ESP,MFFW,Leicester City,26,1993,22.3,2.29,1.52,0.67,1.17,0.45,0.63,2.60,24.1,1.97,25.8,7.80,30.3,4.75,13.2,7.80,1.43,0.09,0.00,1.35,0.76,3.05,0.54,0.00,Matches
366,Jordan Pickford\Jordan-Pickford,eng ENG,GK,Everton,25,1994,38.0,0.00,0.00,0.00,0.00,0.00,0.00,0.13,0.0,0.13,0.21,0.08,37.5,0.21,0.00,0.00,0.00,0.00,0.00,0.00,0.00,0.00,0.03,0.03,Matches
367,Brandon Pierrick\Brandon-Pierrick,eng ENG,DFFW,Crystal Palace,17,2001,0.2,0.00,0.00,0.00,0.00,0.00,0.00,0.00,,0.00,5.00,0.00,0.0,0.00,5.00,0.00,0.00,0.00,0.00,0.00,0.00,0.00,5.00,0.00,Matches
368,Erik Pieters\Erik-Pieters,nl NED,DFMF,Burnley,30,1988,20.9,2.78,1.96,1.15,1.48,0.14,1.05,2.97,35.5,1.91,16.5,4.07,24.6,7.75,6.75,2.01,3.11,0.38,0.00,2.73,0.62,3.40,4.26,0.00,Matches
369,Daniel Podence\Daniel-Podence,pt POR,FWMF,Wolves,23,1995,3.2,0.63,0.63,0.31,0.00,0.31,0.00,0.94,0.0,0.94,13.4,4.06,30.2,2.50,6.25,4.69,1.56,0.31,0.00,1.25,0.00,0.63,0.94,0.00,Matches
370,Paul Pogba\Paul-Pogba,fr FRA,MF,Manchester Utd,26,1993,13.4,1.87,1.19,0.82,0.75,0.30,0.60,1.34,44.4,0.75,12.3,4.33,35.2,4.55,5.30,2.46,1.49,0.52,0.00,0.97,0.30,2.16,0.97,0.07,Matches
371,Nick Pope\Nick-Pope,eng ENG,GK,Burnley,27,1992,38.0,0.00,0.00,0.00,0.00,0.00,0.00,0.03,0.0,0.03,0.13,0.03,20.0,0.13,0.00,0.00,0.03,0.00,0.00,0.03,0.00,0.00,0.00,0.03,Matches
372,Dennis Praet\Dennis-Praet,be BEL,MF,Leicester City,25,1994,12.6,2.38,1.43,0.56,1.51,0.32,0.79,2.46,32.3,1.67,24.1,6.03,25.0,7.46,12.8,3.89,2.06,0.16,0.00,1.90,1.03,3.41,1.03,0.08,Matches
373,Sebastian Prödl\Sebastian-Prodl,at AUT,DF,Watford,32,1987,0.6,0.00,0.00,0.00,0.00,0.00,0.00,0.00,,0.00,5.00,0.00,0.0,3.33,1.67,0.00,0.00,0.00,0.00,0.00,0.00,0.00,6.67,0.00,Matches
374,Davy Pröpper\Davy-Propper,nl NED,MF,Brighton,27,1991,31.4,1.85,1.21,0.92,0.73,0.19,0.70,2.17,32.4,1.46,15.4,4.59,29.8,6.24,7.45,1.72,1.24,0.35,0.00,0.89,1.02,2.87,1.37,0.06,Matches
375,Teemu Pukki\Teemu-Pukki,fi FIN,FW,Norwich City,29,1990,32.1,0.53,0.37,0.12,0.16,0.25,0.06,1.15,5.4,1.09,18.8,4.98,26.6,1.50,7.69,9.56,0.69,0.09,0.00,0.59,0.25,0.78,0.28,0.00,Matches
376,Christian Pulisic\Christian-Pulisic,us USA,FW,Chelsea,20,1998,19.1,1.62,0.99,0.89,0.52,0.21,0.58,1.83,31.4,1.26,19.8,5.81,29.3,4.76,9.01,6.07,1.20,0.00,0.00,1.20,0.10,1.73,0.58,0.00,Matches
377,Ignacio Pussetto\Ignacio-Pussetto,ar ARG,FWDF,Watford,23,1995,0.8,7.50,3.75,3.75,2.50,1.25,3.75,11.3,33.3,7.50,47.5,10.0,21.1,23.8,21.3,2.50,3.75,1.25,1.25,2.50,3.75,11.3,5.00,0.00,Matches
378,Domingos Quina\Domingos-Quina,pt POR,MF,Watford,19,1999,0.2,5.00,0.00,5.00,0.00,0.00,5.00,15.0,33.3,10.0,80.0,15.0,18.8,25.0,35.0,20.0,10.0,0.00,0.00,10.0,0.00,5.00,0.00,0.00,Matches
379,Aaron Ramsdale\Aaron-Ramsdale,eng ENG,GK,Bournemouth,21,1998,37.0,0.00,0.00,0.00,0.00,0.00,0.00,0.05,0.0,0.05,0.22,0.03,12.5,0.22,0.00,0.00,0.03,0.00,0.00,0.03,0.00,0.00,0.00,0.05,Matches
380,Darren Randolph\Darren-Randolph,ie IRL,GK,West Ham,32,1987,2.0,0.00,0.00,0.00,0.00,0.00,0.00,0.00,,0.00,0.00,0.00,,0.00,0.00,0.00,0.00,0.00,0.00,0.00,0.00,0.00,0.00,0.00,Matches
381,Marcus Rashford\Marcus-Rashford,eng ENG,FW,Manchester Utd,21,1997,29.4,0.41,0.20,0.03,0.24,0.14,0.24,0.95,25.0,0.71,12.9,3.47,27.0,1.09,5.95,5.82,0.88,0.00,0.00,0.88,0.27,0.68,0.68,0.00,Matches
382,Nathan Redmond\Nathan-Redmond,eng ENG,MFFW,Southampton,25,1994,30.7,1.86,1.50,0.52,0.81,0.52,0.62,2.08,29.7,1.47,20.9,6.29,30.0,5.34,8.27,7.33,1.27,0.07,0.00,1.21,0.46,2.31,0.42,0.00,Matches
383,Pepe Reina\Pepe-Reina,es ESP,GK,Aston Villa,36,1982,12.0,0.00,0.00,0.00,0.00,0.00,0.00,0.08,0.0,0.08,0.33,0.08,25.0,0.33,0.00,0.00,0.00,0.00,0.00,0.00,0.00,0.00,0.08,0.17,Matches
384,Declan Rice\Declan-Rice,eng ENG,MF,West Ham,20,1999,38.0,3.21,2.34,1.74,1.37,0.11,0.84,2.50,33.7,1.66,21.6,6.24,28.9,10.2,10.1,1.26,1.79,0.24,0.00,1.55,1.32,4.53,1.63,0.00,Matches
385,Richarlison\Richarlison,br BRA,FW,Everton,22,1997,34.1,1.99,1.32,0.76,0.82,0.41,0.56,1.67,33.3,1.11,20.8,5.51,26.5,3.52,9.77,7.54,1.00,0.15,0.00,0.85,0.26,2.26,1.41,0.00,Matches
386,Diego Rico\Diego-Rico,es ESP,DF,Bournemouth,26,1993,25.9,2.51,1.62,1.58,0.81,0.12,0.69,2.16,32.1,1.47,15.7,4.86,31.0,8.07,5.33,2.28,3.17,0.23,0.00,2.93,1.24,3.75,3.78,0.00,Matches
387,Ja?ro Riedewald\Jairo-Riedewald,nl NED,DFMF,Crystal Palace,22,1996,8.5,1.76,1.41,0.59,0.94,0.24,0.94,1.53,61.5,0.59,13.9,4.71,33.9,5.88,6.12,1.88,1.53,0.24,0.00,1.29,1.29,3.06,2.00,0.00,Matches
388,Matt Ritchie\Matt-Ritchie,sco SCO,DFMF,Newcastle Utd,29,1989,14.6,1.64,1.16,0.75,0.68,0.21,0.27,1.16,23.5,0.89,14.2,3.36,23.6,6.10,4.86,3.29,1.85,0.27,0.00,1.58,1.16,2.81,2.47,0.00,Matches
389,Roberto\Roberto,es ESP,GK,West Ham,33,1986,7.6,0.00,0.00,0.00,0.00,0.00,0.00,0.00,,0.00,0.00,0.00,,0.00,0.00,0.00,0.00,0.00,0.00,0.00,0.00,0.00,0.00,0.00,Matches
390,Patrick Roberts\Patrick-Roberts,eng ENG,MFFW,Norwich City,22,1997,0.3,0.00,0.00,0.00,0.00,0.00,0.00,0.00,,0.00,13.3,3.33,25.0,6.67,6.67,0.00,0.00,0.00,0.00,0.00,0.00,0.00,0.00,0.00,Matches
391,Andrew Robertson\Andrew-Robertson,sco SCO,DF,Liverpool,25,1994,34.6,1.73,0.92,0.55,0.72,0.46,0.87,1.97,44.1,1.10,11.3,3.87,34.4,3.93,4.16,3.18,1.71,0.20,0.00,1.50,0.87,2.60,2.37,0.00,Matches
392,Callum Robinson\Callum-Robinson,ie IRL,FW,Sheffield Utd,24,1995,7.5,0.53,0.53,0.13,0.13,0.27,0.13,0.53,25.0,0.40,23.7,6.67,28.1,3.87,10.7,9.20,0.53,0.00,0.00,0.53,0.40,0.93,0.27,0.00,Matches
393,Jack Robinson\Jack-Robinson,eng ENG,DF,Sheffield Utd,25,1993,5.6,1.61,0.54,0.89,0.71,0.00,0.89,1.79,50.0,0.89,9.82,2.86,29.1,6.07,3.39,0.36,2.68,0.89,0.00,1.79,0.36,1.96,6.96,0.00,Matches
394,Rodri\Rodri,es ESP,MF,Manchester City,23,1996,27.6,2.32,1.59,0.83,1.20,0.29,1.01,2.46,41.2,1.45,16.7,4.96,29.7,5.14,9.28,2.32,1.01,0.22,0.00,0.80,0.54,2.86,2.21,0.00,Matches
395,Jay Rodriguez\Jay-Rodriguez,eng ENG,FW,Burnley,30,1989,22.4,1.47,0.76,0.31,0.71,0.45,0.27,1.61,16.7,1.34,25.6,6.70,26.2,3.44,10.8,11.3,1.92,0.49,0.00,1.43,0.18,1.65,0.31,0.00,Matches
396,Jack Rodwell\Jack-Rodwell,eng ENG,MF,Sheffield Utd,28,1991,0.2,0.00,0.00,0.00,0.00,0.00,0.00,0.00,,0.00,5.00,0.00,0.0,5.00,0.00,0.00,0.00,0.00,0.00,0.00,0.00,0.00,5.00,0.00,Matches
397,Marcos Rojo\Marcos-Rojo,ar ARG,DF,Manchester Utd,29,1990,1.4,1.43,0.71,0.71,0.71,0.00,0.00,2.14,0.0,2.14,11.4,2.86,25.0,4.29,6.43,0.71,0.71,0.71,0.00,0.00,0.71,2.14,6.43,0.00,Matches
398,Oriol Romeu\Oriol-Romeu,es ESP,MF,Southampton,27,1991,20.7,2.71,1.88,1.06,1.35,0.29,1.40,4.01,34.9,2.61,21.3,6.81,32.0,8.21,10.7,2.42,2.80,0.72,0.00,2.08,1.01,3.72,2.71,0.00,Matches
399,Danny Rose\Danny-Rose,eng ENG,DF,Tottenham,29,1990,9.9,1.62,1.31,0.51,0.81,0.30,0.71,1.72,41.2,1.01,10.4,3.43,33.0,4.95,3.43,2.02,2.32,0.71,0.00,1.62,0.61,2.22,3.43,0.00,Matches
400,Danny Rose\Danny-Rose,eng ENG,DF,Newcastle Utd,29,1990,9.6,2.71,1.56,1.56,1.04,0.10,0.94,2.08,45.0,1.15,9.58,3.02,31.5,5.94,3.13,0.52,1.15,0.10,0.00,1.04,0.83,3.54,2.19,0.00,Matches
401,Antonio Rüdiger\Antonio-Rudiger,de GER,DF,Chelsea,26,1993,19.0,2.26,1.26,1.47,0.68,0.11,0.68,1.11,61.9,0.42,8.74,3.37,38.6,5.21,3.37,0.16,1.42,0.42,0.00,1.00,0.16,2.42,5.68,0.11,Matches
402,Lukas Rupp\Lukas-Rupp,de GER,FWMF,Norwich City,28,1991,7.7,1.69,1.17,0.91,0.39,0.39,0.26,1.95,13.3,1.69,24.9,6.23,25.0,10.4,10.8,3.77,2.21,0.13,0.00,2.08,1.17,2.86,0.52,0.13,Matches
403,Mathew Ryan\Mathew-Ryan,au AUS,GK,Brighton,27,1992,38.0,0.00,0.00,0.00,0.00,0.00,0.00,0.13,0.0,0.13,0.26,0.11,40.0,0.26,0.00,0.00,0.00,0.00,0.00,0.00,0.00,0.00,0.05,0.11,Matches
404,Allan Saint-Maximin\Allan-Saint-Maximin,fr FRA,MFFW,Newcastle Utd,22,1997,20.7,0.82,0.53,0.53,0.10,0.19,0.24,1.21,20.0,0.97,12.1,3.00,24.7,3.62,5.46,3.04,1.01,0.14,0.00,0.87,0.29,1.11,0.29,0.00,Matches
405,Romain Sa?ss\Romain-Saiss,ma MAR,DF,Wolves,29,1990,30.1,2.19,1.00,1.53,0.66,0.00,0.76,1.50,51.1,0.73,11.4,3.85,33.8,7.57,3.52,0.30,1.93,0.63,0.00,1.30,0.90,3.09,6.68,0.03,Matches
406,Bukayo Saka\Bukayo-Saka,eng ENG,DFFW,Arsenal,17,2001,19.5,1.95,1.13,1.03,0.56,0.36,0.67,1.69,39.4,1.03,14.8,4.31,29.2,5.38,5.44,3.95,1.28,0.21,0.00,1.08,0.46,2.41,1.08,0.05,Matches
407,Mamadou Sakho\Mamadou-Sakho,fr FRA,DF,Crystal Palace,29,1990,10.3,1.17,0.68,0.97,0.10,0.10,0.00,0.49,0.0,0.49,5.15,1.46,28.3,3.30,1.84,0.00,1.46,0.49,0.00,0.97,0.68,1.84,5.15,0.10,Matches
408,Mohamed Salah\Mohamed-Salah,eg EGY,FW,Liverpool,27,1992,32.0,0.66,0.41,0.09,0.16,0.41,0.13,0.84,14.8,0.72,17.3,5.63,32.6,1.53,5.03,10.7,0.41,0.09,0.00,0.31,0.16,0.81,0.06,0.00,Matches
409,Mbwana Samatta\Mbwana-Samatta,tz TAN,FW,Aston Villa,26,1992,10.5,0.86,0.67,0.10,0.57,0.19,0.10,0.86,11.1,0.76,16.5,4.29,26.0,0.67,8.00,7.81,0.76,0.10,0.00,0.67,0.00,0.86,0.57,0.00,Matches
410,Carlos Sánchez\Carlos-Sanchez,co COL,MFDF,West Ham,33,1986,1.3,1.54,0.77,0.00,1.54,0.00,0.77,0.77,100.0,0.00,20.0,4.62,23.1,4.62,13.8,1.54,1.54,0.00,0.00,1.54,1.54,3.08,3.85,0.00,Matches
411,Davinson Sánchez\Davinson-Sanchez,co COL,DF,Tottenham,23,1996,27.0,1.81,1.33,1.37,0.44,0.00,0.63,1.93,32.7,1.30,10.3,3.89,37.8,7.00,3.07,0.22,2.07,1.07,0.00,1.00,0.85,2.67,5.93,0.07,Matches
412,Leroy Sané\Leroy-Sane,de GER,FW,Manchester City,23,1996,0.1,0.00,0.00,0.00,0.00,0.00,0.00,0.00,,0.00,0.00,0.00,,0.00,0.00,0.00,0.00,0.00,0.00,0.00,0.00,0.00,0.00,0.00,Matches
413,Ismaila Sarr\Ismaila-Sarr,sn SEN,FWMF,Watford,21,1998,22.5,1.07,0.80,0.53,0.22,0.31,0.18,0.93,19.0,0.76,18.7,4.53,24.3,4.71,8.00,5.96,0.89,0.13,0.00,0.76,0.71,1.78,0.27,0.00,Matches
414,Fabian Schär\Fabian-Schar,ch SUI,DFMF,Newcastle Utd,27,1991,18.6,2.63,1.45,1.88,0.65,0.11,1.18,2.58,45.8,1.40,12.2,3.23,26.5,8.01,3.71,0.43,2.37,1.13,0.05,1.24,1.72,4.35,5.59,0.11,Matches
415,Ezequiel Schelotto\Ezequiel-Schelotto,it ITA,DF,Brighton,30,1989,4.0,1.50,1.25,1.00,0.25,0.25,0.00,1.25,0.0,1.25,11.8,3.50,29.8,6.50,3.50,1.75,1.75,0.00,0.00,1.75,0.75,2.25,4.25,0.00,Matches
416,Jeffrey Schlupp\Jeffrey-Schlupp,gh GHA,MFDF,Crystal Palace,26,1992,11.5,1.74,0.52,1.04,0.70,0.00,0.26,1.13,23.1,0.87,13.0,3.13,24.2,4.78,6.17,2.00,2.17,0.26,0.00,1.91,0.61,2.35,1.30,0.00,Matches
417,Kasper Schmeichel\Kasper-Schmeichel,dk DEN,GK,Leicester City,32,1986,38.0,0.00,0.00,0.00,0.00,0.00,0.00,0.03,0.0,0.03,0.13,0.05,40.0,0.13,0.00,0.00,0.00,0.00,0.00,0.00,0.03,0.03,0.00,0.03,Matches
418,Morgan Schneiderlin\Morgan-Schneiderlin,fr FRA,MF,Everton,29,1989,11.1,2.88,1.71,1.26,1.44,0.18,0.81,3.06,26.5,2.25,20.7,5.23,25.2,8.02,11.0,1.71,1.98,0.27,0.00,1.71,1.08,3.96,2.16,0.00,Matches
419,Ryan Sessegnon\Ryan-Sessegnon,eng ENG,DF,Tottenham,19,2000,3.8,1.32,0.00,0.53,0.79,0.00,0.53,1.32,40.0,0.79,13.4,2.89,21.6,5.53,5.00,2.89,1.05,0.00,0.00,1.05,1.05,2.37,3.95,0.00,Matches
420,Xherdan Shaqiri\Xherdan-Shaqiri,ch SUI,FW,Liverpool,27,1991,2.1,0.48,0.00,0.00,0.48,0.00,0.00,0.00,,0.00,18.6,5.71,30.8,5.24,6.19,7.14,0.48,0.00,0.00,0.48,0.00,0.48,0.00,0.00,Matches
421,Billy Sharp\Billy-Sharp,eng ENG,FW,Sheffield Utd,33,1986,11.7,0.77,0.43,0.26,0.17,0.34,0.09,0.34,25.0,0.26,18.5,4.70,25.3,1.37,7.78,9.40,0.34,0.00,0.00,0.34,0.09,0.85,0.09,0.00,Matches
422,Luke Shaw\Luke-Shaw,eng ENG,DF,Manchester Utd,24,1995,19.3,1.76,1.24,0.93,0.52,0.31,0.78,1.81,42.9,1.04,14.2,4.04,28.5,6.22,6.11,1.87,2.75,0.36,0.00,2.38,0.78,2.54,3.01,0.00,Matches
423,Jonjo Shelvey\Jonjo-Shelvey,eng ENG,MF,Newcastle Utd,27,1992,23.5,1.28,0.68,0.64,0.60,0.04,0.34,1.74,19.5,1.40,16.7,3.74,22.4,7.53,7.87,1.28,1.11,0.21,0.00,0.89,0.43,1.70,2.30,0.00,Matches
424,Djibril Sidibé\Djibril-Sidibe,fr FRA,DF,Everton,27,1992,20.3,4.14,1.97,2.36,1.03,0.74,1.67,3.55,47.2,1.87,19.3,5.62,29.1,9.85,6.40,3.05,1.82,0.15,0.00,1.67,1.58,5.71,2.46,0.00,Matches
425,Gylfi Sigur?sson\Gylfi-Sigurdsson,is ISL,MF,Everton,29,1989,28.4,2.11,1.58,0.53,1.09,0.49,0.85,3.10,27.3,2.25,22.9,5.81,25.3,5.60,12.2,5.11,1.73,0.18,0.00,1.55,0.85,2.96,0.56,0.04,Matches
426,Bernardo Silva\Bernardo-Silva,pt POR,FWMF,Manchester City,24,1994,22.6,1.73,1.15,0.66,0.62,0.44,0.66,2.17,30.6,1.50,18.1,5.49,30.4,2.79,7.92,7.35,1.59,0.04,0.00,1.55,1.02,2.74,0.49,0.00,Matches
427,David Silva\David-Silva,es ESP,MF,Manchester City,33,1986,20.3,1.28,0.79,0.15,0.69,0.44,0.49,1.23,40.0,0.74,14.9,4.73,31.8,1.58,7.39,5.91,1.03,0.20,0.00,0.84,0.44,1.72,0.34,0.05,Matches
428,Jack Simpson\Jack-Simpson,eng ENG,DF,Bournemouth,22,1996,2.7,1.85,0.74,1.85,0.00,0.00,0.37,1.85,20.0,1.48,11.9,1.48,12.5,6.30,4.81,0.74,0.74,0.00,0.00,0.74,2.22,4.07,4.81,0.37,Matches
429,Moussa Sissoko\Moussa-Sissoko,fr FRA,MF,Tottenham,29,1989,27.2,2.06,1.29,1.32,0.70,0.04,0.74,1.84,40.0,1.10,16.1,4.63,28.8,8.05,6.14,1.88,1.40,0.18,0.00,1.21,0.81,2.87,1.76,0.00,Matches
430,Oliver Skipp\Oliver-Skipp,eng ENG,MFDF,Tottenham,18,2000,0.9,3.33,2.22,1.11,2.22,0.00,1.11,2.22,50.0,1.11,34.4,6.67,19.4,15.6,15.6,3.33,3.33,1.11,0.00,2.22,0.00,3.33,0.00,0.00,Matches
431,William Smallbone\William-Smallbone,ie IRL,MF,Southampton,19,2000,4.4,2.73,1.82,0.68,1.82,0.23,0.91,2.73,33.3,1.82,16.4,6.14,37.5,2.95,6.82,6.59,2.27,0.23,0.00,2.05,0.23,2.95,0.68,0.00,Matches
432,Adam Smith\Adam-Smith,eng ENG,DF,Bournemouth,28,1991,22.8,2.28,1.32,1.40,0.66,0.22,1.05,2.41,43.6,1.36,17.8,4.87,27.3,8.03,6.75,3.03,2.46,0.26,0.04,2.19,1.01,3.29,2.32,0.00,Matches
433,Emile Smith-Rowe\Emile-Smith-Rowe,eng ENG,MF,Arsenal,19,2000,1.1,0.91,0.91,0.91,0.00,0.00,0.91,2.73,33.3,1.82,20.0,6.36,31.8,5.45,9.09,5.45,0.91,0.00,0.00,0.91,0.91,1.82,2.73,0.00,Matches
434,Robert Snodgrass\Robert-Snodgrass,sco SCO,MFFW,West Ham,31,1987,16.8,1.61,0.60,1.01,0.54,0.06,0.60,2.38,25.0,1.79,21.8,5.36,24.5,7.02,11.0,3.81,1.25,0.12,0.00,1.13,0.06,1.67,0.95,0.00,Matches
435,Cédric Soares\Cedric-Soares,pt POR,DF,Arsenal,27,1991,2.8,2.14,1.79,0.71,1.43,0.00,0.71,1.79,40.0,1.07,19.6,5.36,27.3,8.21,9.29,2.14,3.57,0.00,0.00,3.57,1.07,3.21,0.71,0.00,Matches
436,Cédric Soares\Cedric-Soares,pt POR,DF,Southampton,27,1991,14.5,3.17,1.66,1.52,1.45,0.21,1.24,2.62,47.4,1.38,20.6,6.34,30.9,10.0,7.79,2.76,2.55,0.28,0.00,2.28,1.10,4.28,4.07,0.00,Matches
437,Dominic Solanke\Dominic-Solanke,eng ENG,FWMF,Bournemouth,21,1997,18.3,0.60,0.55,0.11,0.49,0.00,0.16,1.48,11.1,1.31,35.0,8.25,23.6,4.59,17.4,13.0,1.04,0.27,0.00,0.77,0.38,0.98,1.15,0.00,Matches
438,Tomáš Souèek\Tomas-Soucek,cz CZE,MF,West Ham,24,1995,11.6,3.02,2.16,1.29,1.47,0.26,0.43,1.64,26.3,1.21,20.7,6.64,32.1,8.28,8.79,3.62,1.38,0.26,0.00,1.12,1.29,4.31,3.28,0.00,Matches
439,Ça?lar Söyüncü\Caglar-Soyuncu,tr TUR,DF,Leicester City,23,1996,33.7,2.17,1.39,1.45,0.68,0.03,0.86,1.63,52.7,0.77,8.84,3.53,39.9,5.58,3.06,0.21,1.45,0.56,0.06,0.89,0.77,2.94,6.59,0.03,Matches
440,Dennis Srbeny\Dennis-Srbeny,de GER,MFFW,Norwich City,25,1994,0.5,10.0,8.00,6.00,4.00,0.00,2.00,6.00,33.3,4.00,40.0,18.0,45.0,8.00,18.0,14.0,0.00,0.00,0.00,0.00,0.00,10.0,2.00,0.00,Matches
441,Jack Stacey\Jack-Stacey,eng ENG,DF,Bournemouth,23,1996,17.2,1.22,0.76,0.76,0.29,0.17,0.29,1.22,23.8,0.93,14.0,3.60,25.7,6.74,4.65,2.62,2.38,0.52,0.00,1.86,0.81,2.03,3.08,0.06,Matches
442,Junior Stanislas\Junior-Stanislas,eng ENG,MFDF,Bournemouth,29,1989,7.9,1.27,0.76,0.25,0.25,0.76,0.51,1.14,44.4,0.63,13.5,4.30,31.8,4.05,5.19,4.30,1.14,0.00,0.00,1.14,0.13,1.39,0.25,0.00,Matches
443,Jed Steer\Jed-Steer,eng ENG,GK,Aston Villa,26,1992,0.1,0.00,0.00,0.00,0.00,0.00,0.00,0.00,,0.00,0.00,0.00,,0.00,0.00,0.00,0.00,0.00,0.00,0.00,0.00,0.00,0.00,0.00,Matches
444,Dale Stephens\Dale-Stephens,eng ENG,MF,Brighton,30,1989,28.1,2.70,1.42,1.17,1.21,0.32,0.75,2.53,29.6,1.78,16.5,5.34,32.3,7.40,7.90,1.25,1.53,0.46,0.04,1.07,1.39,4.09,1.64,0.11,Matches
445,Jack Stephens\Jack-Stephens,eng ENG,DF,Southampton,25,1994,27.2,2.06,1.29,1.51,0.51,0.04,0.77,1.80,42.9,1.03,8.20,2.87,35.0,5.33,2.57,0.29,2.21,0.96,0.00,1.25,0.66,2.72,6.73,0.07,Matches
446,Raheem Sterling\Raheem-Sterling,eng ENG,FW,Manchester City,24,1994,29.5,1.39,0.98,0.27,0.64,0.47,0.34,1.12,30.3,0.78,14.0,4.47,32.0,2.27,6.03,5.66,0.85,0.10,0.00,0.75,0.34,1.73,0.27,0.00,Matches
447,Enda Stevens\Enda-Stevens,ie IRL,DF,Sheffield Utd,29,1990,37.2,2.04,1.16,1.16,0.67,0.22,0.65,1.99,32.4,1.34,16.3,4.33,26.6,7.50,5.97,2.82,2.04,0.16,0.00,1.88,0.65,2.69,2.42,0.05,Matches
448,Marco Stiepermann\Marco-Stiepermann,de GER,MF,Norwich City,28,1991,13.1,1.37,0.53,0.69,0.53,0.15,0.46,1.68,27.3,1.22,19.6,4.05,20.6,3.59,10.2,5.88,1.15,0.31,0.00,0.84,0.23,1.60,1.22,0.00,Matches
449,John Stones\John-Stones,eng ENG,DF,Manchester City,25,1994,12.5,1.52,0.96,0.80,0.56,0.16,0.32,0.64,50.0,0.32,7.20,3.12,43.3,3.76,3.04,0.40,1.20,0.24,0.00,0.96,0.16,1.68,3.04,0.08,Matches
450,Isaac Success\Isaac-Success,ng NGA,FWMF,Watford,23,1996,0.8,0.00,0.00,0.00,0.00,0.00,0.00,0.00,,0.00,17.5,2.50,14.3,0.00,3.75,13.8,0.00,0.00,0.00,0.00,1.25,1.25,0.00,0.00,Matches
451,Ki Sung-yueng\Ki-Sung-yueng,kr KOR,MF,Newcastle Utd,30,1989,1.5,0.67,0.67,0.67,0.00,0.00,0.00,1.33,0.0,1.33,26.0,2.67,10.3,14.0,10.0,2.00,0.67,0.00,0.00,0.67,2.00,2.67,2.00,0.00,Matches
452,Andrew Surman\Andrew-Surman,eng ENG,MF,Bournemouth,32,1986,2.6,1.92,0.77,0.77,1.15,0.00,1.15,1.54,75.0,0.38,17.3,4.23,24.4,7.31,7.69,2.31,1.54,0.00,0.00,1.54,0.38,2.31,2.31,0.00,Matches
453,Sam Surridge\Sam-Surridge,eng ENG,FW,Bournemouth,21,1998,0.3,0.00,0.00,0.00,0.00,0.00,0.00,0.00,,0.00,53.3,10.0,18.8,0.00,23.3,30.0,3.33,0.00,0.00,3.33,3.33,3.33,0.00,0.00,Matches
454,Japhet Tanganga\Japhet-Tanganga,eng ENG,DF,Tottenham,20,1999,5.8,3.45,2.59,2.41,0.86,0.17,1.55,3.28,47.4,1.72,16.4,5.17,31.6,8.97,6.55,0.86,2.07,0.86,0.17,1.21,1.55,5.00,5.69,0.17,Matches
455,Matt Targett\Matt-Targett,eng ENG,DF,Aston Villa,23,1995,25.5,2.24,1.29,1.49,0.63,0.12,0.78,2.20,35.7,1.41,14.6,4.27,29.3,7.22,5.69,1.69,2.67,0.35,0.00,2.31,0.82,3.06,3.45,0.04,Matches
456,James Tarkowski\James-Tarkowski,eng ENG,DF,Burnley,26,1992,38.0,2.00,1.34,1.42,0.58,0.00,0.66,1.32,50.0,0.66,8.24,2.63,31.9,5.71,2.21,0.32,2.24,1.21,0.00,1.03,1.13,3.13,8.66,0.03,Matches
457,Charlie Taylor\Charlie-Taylor,eng ENG,DF,Burnley,25,1993,21.6,1.99,0.74,1.20,0.65,0.14,0.79,1.99,39.5,1.20,10.4,3.01,29.0,5.42,3.66,1.30,2.78,0.32,0.00,2.45,0.60,2.59,4.91,0.05,Matches
458,Neil Taylor\Neil-Taylor,wal WAL,DF,Aston Villa,30,1989,12.1,1.65,0.83,1.24,0.41,0.00,0.83,1.82,45.5,0.99,10.0,2.73,27.3,5.04,4.38,0.58,3.14,0.41,0.00,2.73,0.91,2.56,2.64,0.00,Matches
459,Nathan Tella\Nathan-Tella,eng ENG,FW,Southampton,20,1999,0.0,0,0,0,0,0,0,0,,0,2,0,0.0,0,1,1,0,0,0,0,0,0,0,0,Matches
460,Alexander Tettey\Alexander-Tettey,no NOR,MFDF,Norwich City,33,1986,26.0,1.19,0.77,0.42,0.69,0.08,0.46,1.65,27.9,1.19,14.8,3.77,25.5,7.12,6.81,0.85,1.54,0.58,0.00,0.96,1.00,2.19,3.27,0.00,Matches
461,Jordan Thomas\Jordan-Thomas,eng ENG,FW,Norwich City,,,0.0,0,0,0,0,0,0,0,,0,0,0,,0,0,0,0,0,0,0,0,0,0,0,Matches
462,Luke Thomas\Luke-Thomas,eng ENG,DF,Leicester City,,,3.0,1.33,1.00,0.67,0.67,0.00,0.33,1.33,25.0,1.00,12.0,2.67,22.2,4.33,5.67,2.00,1.00,0.00,0.00,1.00,0.33,1.67,3.33,0.00,Matches
463,Max Thompson\Max-Thompson,eng ENG,FW,Burnley,17,2002,0.0,0,0,0,0,0,0,0,,0,0,0,,0,0,0,0,0,0,0,0,0,0,0,Matches
464,Youri Tielemans\Youri-Tielemans,be BEL,MF,Leicester City,22,1997,31.4,1.82,1.27,0.57,0.89,0.35,0.48,2.26,21.1,1.78,19.2,5.29,27.5,4.94,10.4,3.95,1.62,0.19,0.00,1.43,0.57,2.39,0.76,0.00,Matches
465,Kieran Tierney\Kieran-Tierney,sco SCO,DF,Arsenal,22,1997,11.0,1.91,1.00,1.09,0.45,0.36,0.91,1.36,66.7,0.45,11.5,3.55,31.0,5.64,4.64,1.18,2.00,0.36,0.00,1.64,0.91,2.82,4.00,0.00,Matches
466,James Tomkins\James-Tomkins,eng ENG,DF,Crystal Palace,30,1989,17.6,1.70,0.80,1.31,0.40,0.00,0.68,1.02,66.7,0.34,7.84,2.56,32.6,5.57,1.99,0.28,1.87,0.85,0.00,1.02,0.68,2.39,7.84,0.00,Matches
467,Fikayo Tomori\Fikayo-Tomori,eng ENG,DF,Chelsea,21,1997,14.3,2.10,1.05,1.33,0.70,0.07,0.49,0.91,53.8,0.42,10.4,3.36,32.2,5.73,4.48,0.21,2.03,0.63,0.00,1.40,1.05,3.15,6.50,0.14,Matches
468,Lucas Torreira\Lucas-Torreira,uy URU,MF,Arsenal,23,1996,16.8,2.20,1.43,1.01,0.95,0.24,0.71,1.96,36.4,1.25,24.0,6.07,25.3,9.29,11.9,2.80,1.73,0.54,0.00,1.19,1.43,3.63,1.79,0.06,Matches
469,Cenk Tosun\Cenk-Tosun,tr TUR,FW,Crystal Palace,28,1991,2.0,1.00,1.00,1.00,0.00,0.00,0.00,0.00,,0.00,35.0,5.50,15.7,8.00,20.5,6.50,1.50,0.00,0.00,1.50,0.00,1.00,0.50,0.00,Matches
470,Cenk Tosun\Cenk-Tosun,tr TUR,FW,Everton,28,1991,3.2,0.63,0.00,0.00,0.00,0.63,0.00,0.63,0.0,0.63,16.9,5.00,29.6,0.31,6.56,10.0,0.63,0.31,0.00,0.31,0.00,0.63,0.31,0.00,Matches
471,Andros Townsend\Andros-Townsend,eng ENG,MF,Crystal Palace,28,1991,14.4,2.22,1.39,0.97,0.90,0.35,0.97,2.50,38.9,1.53,20.1,4.51,22.4,7.22,8.75,4.17,1.94,0.00,0.00,1.94,0.90,3.13,0.69,0.00,Matches
472,Adama Traoré\Adama-Traore,es ESP,FWMF,Wolves,23,1996,28.9,1.42,0.80,0.52,0.48,0.42,0.35,0.93,37.0,0.59,14.0,3.74,26.7,3.39,6.85,3.74,0.97,0.14,0.00,0.83,0.28,1.70,0.83,0.00,Matches
473,Mark Travers\Mark-Travers,ie IRL,GK,Bournemouth,20,1999,1.0,0.00,0.00,0.00,0.00,0.00,0.00,0.00,,0.00,0.00,0.00,,0.00,0.00,0.00,0.00,0.00,0.00,0.00,0.00,0.00,0.00,1.00,Matches
474,Trézéguet\Trezeguet,eg EGY,FWMF,Aston Villa,24,1994,21.7,1.94,1.29,0.92,0.65,0.37,0.32,1.94,16.7,1.61,24.4,5.94,24.3,7.56,10.6,6.27,1.89,0.09,0.00,1.80,0.78,2.72,0.78,0.00,Matches
475,Leandro Trossard\Leandro-Trossard,be BEL,FWMF,Brighton,24,1994,22.3,1.26,0.72,0.58,0.54,0.13,0.40,1.75,23.1,1.35,16.7,4.48,26.8,3.23,7.62,5.87,1.30,0.09,0.00,1.21,0.45,1.70,0.22,0.00,Matches
476,Tom Trybull\Tom-Trybull,de GER,MF,Norwich City,26,1993,12.6,3.89,2.38,2.06,1.43,0.40,1.43,5.24,27.3,3.81,31.3,8.89,28.4,14.0,15.9,1.35,1.67,0.56,0.00,1.11,1.19,5.08,3.02,0.00,Matches
477,Axel Tuanzebe\Axel-Tuanzebe,eng ENG,DF,Manchester Utd,21,1997,2.1,1.43,1.43,0.00,1.43,0.00,0.00,0.48,0.0,0.48,14.3,3.81,26.7,5.71,6.67,1.90,3.33,0.00,0.00,3.33,0.95,2.38,2.86,0.48,Matches
478,Yan Valery\Yan-Valery,fr FRA,DF,Southampton,20,1999,8.7,2.41,1.49,1.38,0.69,0.34,0.57,2.30,25.0,1.72,19.7,5.63,28.7,9.77,5.86,4.02,2.18,0.23,0.00,1.95,1.26,3.68,4.60,0.23,Matches
479,Jesús Vallejo\Jesus-Vallejo,es ESP,DF,Wolves,22,1997,1.8,2.22,1.67,2.22,0.00,0.00,0.56,1.67,33.3,1.11,11.1,3.33,30.0,4.44,5.56,1.11,2.22,1.67,0.00,0.56,0.00,2.22,7.22,0.00,Matches
480,Jamie Vardy\Jamie-Vardy,eng ENG,FW,Leicester City,32,1987,33.7,0.50,0.33,0.03,0.30,0.18,0.03,0.18,16.7,0.15,14.7,4.33,29.4,0.15,5.43,9.17,0.86,0.15,0.00,0.71,0.06,0.56,0.68,0.00,Matches
481,Indiana Vassilev\Indiana-Vassilev,us USA,FWMF,Aston Villa,18,2001,0.6,1.67,1.67,0.00,1.67,0.00,0.00,1.67,0.0,1.67,40.0,11.7,29.2,5.00,11.7,23.3,0.00,0.00,0.00,0.00,0.00,1.67,0.00,0.00,Matches
482,Jan Vertonghen\Jan-Vertonghen,be BEL,DF,Tottenham,32,1987,18.3,1.69,1.15,0.93,0.71,0.05,0.55,1.09,50.0,0.55,8.42,2.79,33.1,5.36,2.68,0.38,1.64,0.55,0.00,1.09,1.20,2.90,6.34,0.00,Matches
483,Jannik Vestergaard\Jannik-Vestergaard,dk DEN,DF,Southampton,26,1992,16.6,1.51,0.72,1.14,0.30,0.06,0.48,1.69,28.6,1.20,8.07,2.95,36.6,5.24,2.65,0.18,1.33,0.54,0.00,0.78,0.66,2.17,9.82,0.06,Matches
484,Rúben Vinagre\Ruben-Vinagre,pt POR,DF,Wolves,20,1999,7.2,3.47,1.81,2.50,0.69,0.28,1.53,2.22,68.8,0.69,16.3,5.28,32.5,8.33,6.39,1.53,2.78,0.28,0.00,2.50,1.39,4.86,2.78,0.00,Matches
485,Jake Vokins\Jake-Vokins,eng ENG,DF,Southampton,19,2000,1.0,2.00,0.00,1.00,1.00,0.00,1.00,1.00,100.0,0.00,13.0,6.00,46.2,4.00,5.00,4.00,1.00,0.00,0.00,1.00,0.00,2.00,1.00,0.00,Matches
486,Mario Vranèiæ\Mario-Vrancic,ba BIH,MF,Norwich City,30,1989,7.1,3.94,2.11,1.97,1.83,0.14,1.97,3.94,50.0,1.97,18.6,4.37,23.5,8.45,7.18,2.96,1.97,0.14,0.00,1.83,0.42,4.37,0.99,0.14,Matches
487,Matìj Vydra\Matej-Vydra,cz CZE,FW,Burnley,27,1992,9.1,0.44,0.22,0.11,0.22,0.11,0.22,0.66,33.3,0.44,20.2,5.16,25.5,1.65,7.25,11.3,1.32,0.33,0.00,0.99,0.00,0.44,0.77,0.00,Matches
488,Theo Walcott\Theo-Walcott,eng ENG,MFFW,Everton,30,1989,14.3,1.19,0.56,0.70,0.35,0.14,0.35,0.98,35.7,0.63,13.2,3.15,23.8,3.71,5.94,3.57,1.26,0.07,0.00,1.19,0.77,1.96,0.35,0.00,Matches
489,Kyle Walker\Kyle-Walker,eng ENG,DF,Manchester City,29,1990,26.6,1.24,0.86,0.53,0.64,0.08,0.71,1.24,57.6,0.53,9.62,3.80,39.5,3.53,4.44,1.65,1.17,0.23,0.04,0.94,0.56,1.80,2.41,0.00,Matches
490,Kyle Walker-Peters\Kyle-Walker-Peters,eng ENG,DF,Southampton,22,1997,7.8,1.79,1.03,1.03,0.51,0.26,0.90,2.69,33.3,1.79,12.6,3.72,29.6,5.26,5.90,1.41,3.08,0.38,0.00,2.69,1.15,2.95,3.59,0.13,Matches
491,Kyle Walker-Peters\Kyle-Walker-Peters,eng ENG,DF,Tottenham,22,1997,2.7,1.85,1.11,1.85,0.00,0.00,0.37,1.85,20.0,1.48,13.3,4.44,33.3,7.04,4.07,2.22,2.22,0.74,0.00,1.48,0.74,2.59,3.33,0.00,Matches
492,Aaron Wan-Bissaka\Aaron-Wan-Bissaka,eng ENG,DF,Manchester Utd,21,1997,34.1,4.05,1.91,2.40,1.41,0.23,1.32,2.14,61.6,0.82,17.9,5.16,28.8,8.97,6.69,2.26,2.96,0.41,0.00,2.55,1.44,5.48,3.17,0.00,Matches
493,Victor Wanyama\Victor-Wanyama,ke KEN,MF,Tottenham,28,1991,0.3,3.33,0.00,0.00,3.33,0.00,0.00,0.00,,0.00,20.0,0.00,0.0,6.67,10.0,3.33,0.00,0.00,0.00,0.00,0.00,3.33,3.33,0.00,Matches
494,Joel Ward\Joel-Ward,eng ENG,DF,Crystal Palace,29,1989,26.5,2.53,1.17,1.66,0.68,0.19,1.06,2.04,51.9,0.98,12.0,3.17,26.4,7.55,3.21,1.25,1.74,0.15,0.04,1.58,0.91,3.43,4.00,0.04,Matches
495,James Ward-Prowse\James-Ward-Prowse,eng ENG,MFDF,Southampton,24,1994,38.0,2.50,1.47,0.82,1.37,0.32,0.97,2.76,35.2,1.79,21.7,6.42,29.5,7.55,10.7,3.45,1.76,0.37,0.00,1.39,0.95,3.45,2.87,0.05,Matches
496,Kelland Watts\Kelland-Watts,eng ENG,DF,Newcastle Utd,19,1999,0.2,5.00,0.00,5.00,0.00,0.00,5.00,5.00,100.0,0.00,0.00,0.00,,0.00,0.00,0.00,0.00,0.00,0.00,0.00,0.00,5.00,0.00,0.00,Matches
497,Adam Webster\Adam-Webster,eng ENG,DF,Brighton,24,1995,29.6,1.25,0.84,0.84,0.34,0.07,0.54,1.22,44.4,0.68,7.50,2.91,38.7,4.93,2.26,0.30,2.23,1.05,0.00,1.18,1.15,2.40,6.15,0.10,Matches
498,Danny Welbeck\Danny-Welbeck,eng ENG,FWMF,Watford,28,1990,9.1,1.10,0.99,0.44,0.55,0.11,0.11,1.21,9.1,1.10,18.5,5.71,31.0,3.63,8.46,6.37,1.32,0.22,0.00,1.10,0.22,1.32,0.66,0.00,Matches
499,Ashley Westwood\Ashley-Westwood,eng ENG,MF,Burnley,29,1990,35.0,1.37,0.86,0.51,0.63,0.23,0.49,1.69,28.8,1.20,17.4,4.34,25.0,5.83,8.83,2.71,1.29,0.26,0.00,1.03,0.77,2.14,0.91,0.03,Matches
500,Connor Wickham\Connor-Wickham,eng ENG,FWMF,Crystal Palace,26,1993,1.1,1.82,1.82,0.91,0.91,0.00,0.00,0.00,,0.00,25.5,9.09,35.7,2.73,11.8,10.9,2.73,0.91,0.00,1.82,0.00,1.82,0.91,0.00,Matches
501,Georginio Wijnaldum\Georginio-Wijnaldum,nl NED,MF,Liverpool,28,1990,32.6,1.13,0.89,0.40,0.52,0.21,0.15,1.04,14.7,0.89,15.0,4.91,32.7,3.87,7.85,3.28,1.07,0.12,0.00,0.95,0.43,1.56,1.04,0.03,Matches
502,Jetro Willems\Jetro-Willems,nl NED,DF,Newcastle Utd,25,1994,16.6,1.93,1.14,1.63,0.24,0.06,0.60,1.93,31.3,1.33,13.9,3.92,28.3,8.43,3.98,1.45,1.93,0.42,0.00,1.51,1.08,3.01,2.95,0.00,Matches
503,Brandon Williams\Brandon-Williams,eng ENG,DF,Manchester Utd,18,2000,11.2,1.70,0.45,1.07,0.45,0.18,0.71,2.50,28.6,1.79,14.8,3.57,24.1,6.61,5.63,2.59,3.21,0.54,0.00,2.68,0.71,2.41,2.05,0.00,Matches
504,Neco Williams\Neco-Williams,wal WAL,DF,Liverpool,18,2001,2.6,2.31,0.77,0.38,1.15,0.77,1.15,1.54,75.0,0.38,13.8,4.62,33.3,4.23,5.77,3.85,2.69,0.38,0.00,2.31,0.77,3.08,3.08,0.00,Matches
505,Willian\Willian,br BRA,FW,Chelsea,30,1988,28.9,1.49,0.93,0.45,0.76,0.28,0.38,1.76,21.6,1.38,18.2,5.19,28.6,3.39,9.00,5.78,0.76,0.03,0.00,0.73,0.55,2.04,0.38,0.00,Matches
506,Joe Willock\Joe-Willock,eng ENG,MFFW,Arsenal,19,1999,9.5,2.32,1.58,0.63,1.05,0.63,0.42,2.11,20.0,1.68,25.5,7.05,27.7,8.11,13.4,4.00,2.00,0.53,0.11,1.47,0.63,2.95,1.26,0.00,Matches
507,Jack Wilshere\Jack-Wilshere,eng ENG,MF,West Ham,27,1992,2.4,0.42,0.00,0.00,0.42,0.00,0.42,2.50,16.7,2.08,26.3,8.75,33.3,6.25,14.2,5.83,2.50,0.00,0.00,2.50,0.00,0.42,0.42,0.00,Matches
508,Callum Wilson\Callum-Wilson,eng ENG,FW,Bournemouth,27,1992,32.3,0.46,0.37,0.06,0.19,0.22,0.03,0.43,7.1,0.40,23.8,6.38,26.8,1.67,10.0,12.2,0.56,0.06,0.00,0.50,0.09,0.56,0.46,0.00,Matches
509,Harry Wilson\Harry-Wilson,wal WAL,MFFW,Bournemouth,22,1997,18.3,1.37,0.60,0.38,0.66,0.33,0.71,1.97,36.1,1.26,22.4,5.19,23.2,7.38,10.5,4.54,2.08,0.16,0.00,1.91,0.38,1.75,1.15,0.00,Matches
510,Harry Winks\Harry-Winks,eng ENG,MF,Tottenham,23,1996,24.7,1.70,0.93,0.77,0.85,0.08,0.77,2.39,32.2,1.62,17.6,5.26,29.9,7.94,8.22,1.46,1.26,0.36,0.00,0.89,1.09,2.79,1.34,0.00,Matches
511,Chris Wood\Chris-Wood,nz NZL,FW,Burnley,27,1991,27.1,0.37,0.22,0.04,0.11,0.22,0.18,0.70,26.3,0.52,15.0,3.39,22.6,0.85,5.54,8.63,0.66,0.15,0.00,0.52,0.18,0.55,0.63,0.00,Matches
512,Granit Xhaka\Granit-Xhaka,ch SUI,MF,Arsenal,26,1992,28.7,1.60,0.94,0.94,0.52,0.14,0.63,1.92,32.7,1.29,15.1,4.39,29.1,5.47,8.08,1.53,1.92,0.59,0.03,1.32,0.38,1.99,2.96,0.00,Matches
513,Andriy Yarmolenko\Andriy-Yarmolenko,ua UKR,MFFW,West Ham,29,1989,11.0,1.36,0.91,0.64,0.64,0.09,0.45,1.91,23.8,1.45,15.2,4.18,27.5,3.73,6.91,4.55,0.73,0.09,0.00,0.64,0.27,1.64,0.55,0.00,Matches
514,DeAndre Yedlin\DeAndre-Yedlin,us USA,DF,Newcastle Utd,26,1993,10.4,1.83,1.35,1.25,0.48,0.10,0.38,1.15,33.3,0.77,17.4,3.65,21.0,9.52,4.52,3.37,2.50,0.77,0.19,1.73,0.77,2.60,2.02,0.00,Matches
515,Maya Yoshida\Maya-Yoshida,jp JPN,DF,Southampton,30,1988,6.2,1.13,0.81,0.65,0.00,0.48,0.32,0.97,33.3,0.65,6.94,1.94,27.9,4.35,2.58,0.00,1.77,0.65,0.00,1.13,0.81,1.94,6.61,0.16,Matches
516,Ashley Young\Ashley-Young,eng ENG,DF,Manchester Utd,34,1985,10.6,0.94,0.38,0.38,0.28,0.28,0.19,1.98,9.5,1.79,11.2,3.30,29.4,4.43,5.47,1.32,2.26,0.19,0.00,2.08,1.32,2.26,2.83,0.00,Matches
517,Pablo Zabaleta\Pablo-Zabaleta,ar ARG,DF,West Ham,34,1985,6.6,2.27,1.52,1.36,0.76,0.15,0.61,2.27,26.7,1.67,14.1,4.09,29.0,8.03,3.79,2.27,2.42,0.45,0.00,1.97,1.21,3.48,3.03,0.00,Matches
518,Wilfried Zaha\Wilfried-Zaha,ci CIV,MFFW,Crystal Palace,26,1992,36.4,1.24,0.85,0.47,0.38,0.38,0.27,1.24,22.2,0.96,22.3,6.51,29.2,6.32,9.42,6.59,0.91,0.05,0.00,0.85,0.60,1.84,0.11,0.00,Matches
519,Christoph Zimmermann\Christoph-Zimmermann,de GER,DF,Norwich City,26,1993,15.9,1.95,1.32,1.45,0.44,0.06,1.01,1.57,64.0,0.57,7.74,2.39,30.9,5.79,1.89,0.06,2.08,1.45,0.06,0.63,0.57,2.52,7.74,0.06,Matches
520,Oleksandr Zinchenko\Oleksandr-Zinchenko,ua UKR,DF,Manchester City,22,1996,14.2,1.97,1.13,1.06,0.77,0.14,1.20,2.75,43.6,1.55,9.79,3.17,32.4,3.24,3.94,2.61,1.41,0.00,0.00,1.41,0.42,2.39,2.54,0.07,Matches
521,Richairo Živkoviæ\Richairo-Zivkovic,nl NED,FW,Sheffield Utd,22,1996,1.2,1.67,1.67,0.00,1.67,0.00,0.00,0.83,0.0,0.83,32.5,10.8,33.3,1.67,14.2,16.7,0.83,0.00,0.00,0.83,0.00,1.67,0.00,0.00,Matches
522,Kurt Zouma\Kurt-Zouma,fr FRA,DF,Chelsea,24,1994,26.0,1.27,0.65,0.96,0.31,0.00,0.12,0.31,37.5,0.19,6.81,2.12,31.1,3.92,2.81,0.08,1.31,0.62,0.00,0.69,1.00,2.27,6.96,0.12,Matches
