Rk,Player,Nation,Pos,Squad,Age,Born,90s,Cmp,Att,Cmp%,TotDist,PrgDist,Short_Cmp,Short_Att,Short_Cmp%,Medium_Cmp,Medium_Att,Medium_Cmp%,Long_Cmp,Long_Att,Long_Cmp%,Ast,xA,A-xA,KP,1/3,PPA,CrsPA,Prog,Matches
1,Patrick van Aanholt\Patrick-van-Aanholt,nl NED,DF,Crystal Palace,28,1990,27.9,44.0,55.8,78.8,761.7,332.6,20.7,23.2,89.3,18.7,22.7,82.2,4.01,7.92,50.7,0.07,0.11,-0.04,1.15,3.08,0.90,0.18,4.62,Matches
2,Max Aarons\Max-Aarons,eng ENG,DF,Norwich City,19,2000,36.0,36.6,46.8,78.1,563.7,189.8,20.4,22.8,89.4,13.2,16.6,79.7,2.17,4.83,44.8,0.03,0.09,-0.07,0.67,1.19,0.89,0.36,2.14,Matches
3,Tammy Abraham\Tammy-Abraham,eng ENG,FW,Chelsea,21,1997,24.6,11.7,16.7,69.9,171.3,33.0,6.46,9.02,71.6,3.13,4.11,76.2,1.06,1.42,74.3,0.12,0.10,0.02,0.73,0.65,0.20,0.00,1.26,Matches
4,Che Adams\Che-Adams,eng ENG,FW,Southampton,23,1996,12.3,15.0,21.5,69.4,238.3,51.3,7.80,10.1,77.4,5.37,7.40,72.5,0.98,1.95,50.0,0.16,0.10,0.07,0.89,0.98,0.24,0.00,1.54,Matches
5,Adrián\Adrian,es ESP,GK,Liverpool,32,1987,9.7,23.4,32.4,72.3,703.0,393.3,3.09,3.09,100.0,10.7,10.9,98.1,9.38,17.9,52.3,0.00,0.00,0.00,0.00,0.31,0.00,0.00,0.00,Matches
6,Sergio Agüero\Sergio-Aguero,ar ARG,FW,Manchester City,31,1988,16.1,17.6,22.8,77.4,232.7,48.8,10.9,13.2,82.5,5.03,6.46,77.9,0.68,0.81,84.6,0.19,0.15,0.04,0.99,0.75,1.24,0.00,1.99,Matches
7,Albian Ajeti\Albian-Ajeti,ch SUI,MFFW,West Ham,22,1997,1.5,10.0,12.0,83.3,101.3,5.33,8.00,8.00,100.0,1.33,3.33,40.0,0.00,0.00,,0.00,0.07,-0.07,1.33,0.00,0.00,0.00,0.00,Matches
8,Nathan Aké\Nathan-Ake,nl NED,DF,Bournemouth,24,1995,27.8,37.5,42.6,88.1,780.2,252.8,10.9,11.9,91.8,20.3,21.9,92.6,5.97,8.06,74.1,0.07,0.02,0.05,0.14,2.37,0.36,0.00,2.05,Matches
9,Marc Albrighton\Marc-Albrighton,eng ENG,MFDF,Leicester City,29,1989,9.6,35.8,52.8,67.9,644.7,254.6,18.3,21.6,85.0,12.1,16.0,75.3,4.79,12.0,40.0,0.31,0.21,0.10,1.88,3.23,2.08,0.94,5.21,Matches
10,Toby Alderweireld\Toby-Alderweireld,be BEL,DF,Tottenham,30,1989,32.9,47.6,57.6,82.7,1133.9,296.8,10.2,10.9,93.3,26.4,28.5,92.6,10.8,17.4,61.8,0.06,0.03,0.03,0.33,3.95,0.49,0.03,2.64,Matches
11,Trent Alexander-Arnold\Trent-Alexander-Arnold,eng ENG,DF,Liverpool,20,1998,35.3,63.9,89.2,71.6,1411.8,566.4,21.6,24.1,89.5,28.7,36.1,79.5,12.6,25.6,49.4,0.37,0.28,0.09,2.41,5.67,2.55,0.85,7.76,Matches
12,Alisson\Alisson,br BRA,GK,Liverpool,26,1992,28.3,28.1,32.7,85.8,787.2,434.8,5.30,5.30,100.0,12.4,12.6,98.9,10.2,14.7,69.5,0.04,0.02,0.02,0.07,0.25,0.04,0.00,0.04,Matches
13,Dele Alli\Dele-Alli,eng ENG,MFFW,Tottenham,23,1996,20.5,30.3,39.3,77.1,501.9,116.3,15.3,18.3,83.7,11.8,13.8,85.2,2.49,4.29,58.0,0.20,0.10,0.10,1.07,2.00,1.17,0.00,3.17,Matches
14,Miguel Almirón\Miguel-Almiron,py PAR,MFFW,Newcastle Utd,25,1994,33.6,20.3,26.6,76.3,321.4,76.6,11.0,12.7,86.4,7.20,9.11,79.1,1.49,2.92,51.0,0.06,0.05,0.01,0.80,1.19,0.71,0.12,1.96,Matches
15,Marcos Alonso\Marcos-Alonso,es ESP,DF,Chelsea,28,1990,15.9,57.6,69.7,82.7,1020.1,312.7,24.8,27.8,89.1,26.8,31.1,86.1,5.28,8.36,63.2,0.13,0.14,-0.01,1.64,2.20,1.82,0.88,4.40,Matches
16,Steven Alzate\Steven-Alzate,co COL,MFDF,Brighton,20,1998,13.2,42.7,50.3,84.9,679.4,197.1,22.1,24.7,89.6,17.7,20.3,86.9,2.12,3.18,66.7,0.00,0.05,-0.05,0.98,2.42,1.21,0.15,4.24,Matches
17,Ibrahim Amadou\Ibrahim-Amadou,fr FRA,DFMF,Norwich City,26,1993,8.4,36.9,43.0,85.9,756.5,212.6,11.2,13.0,86.2,20.1,21.7,92.9,5.36,7.62,70.3,0.00,0.00,0.00,0.12,1.67,0.12,0.00,1.31,Matches
18,Felipe Anderson\Felipe-Anderson,br BRA,MFFW,West Ham,26,1993,16.6,43.7,56.3,77.6,726.2,211.1,23.9,28.3,84.6,14.2,18.0,78.6,4.34,6.20,69.9,0.24,0.19,0.05,1.57,2.95,1.99,0.36,5.12,Matches
19,Florin Andone\Florin-Andone,ro ROU,MFFW,Brighton,26,1993,0.8,10.0,15.0,66.7,96.3,25.0,7.50,10.0,75.0,2.50,3.75,66.7,0.00,0.00,,0.00,0.00,0.00,1.25,0.00,0.00,0.00,0.00,Matches
20,Angeli?o\Angelino,es ESP,DF,Manchester City,22,1997,4.7,71.3,90.6,78.6,1290.0,364.0,29.8,32.8,90.9,33.2,40.9,81.3,7.45,14.0,53.0,0.00,0.26,-0.26,1.91,7.02,2.98,1.49,8.30,Matches
21,Faustino Anjorin\Faustino-Anjorin,eng ENG,FW,Chelsea,17,2001,0.2,35.0,35.0,100.0,605.0,70.0,15.0,15.0,100.0,20.0,20.0,100.0,0.00,0.00,,0.00,0.00,0.00,0.00,5.00,0.00,0.00,0.00,Matches
22,Michail Antonio\Michail-Antonio,eng ENG,FW,West Ham,29,1990,19.6,16.6,25.9,64.1,261.6,66.1,9.34,11.8,78.9,4.90,7.86,62.3,1.58,3.37,47.0,0.15,0.14,0.02,1.07,1.07,0.71,0.41,1.63,Matches
23,Stuart Armstrong\Stuart-Armstrong,sco SCO,MF,Southampton,27,1992,19.1,24.4,32.0,76.1,380.9,124.3,13.4,15.8,84.7,8.22,10.4,78.9,1.94,3.30,58.7,0.16,0.06,0.10,0.84,1.73,1.26,0.21,3.14,Matches
24,Kepa Arrizabalaga\Kepa-Arrizabalaga,es ESP,GK,Chelsea,24,1994,33.0,26.6,32.9,80.8,717.4,372.1,3.30,3.33,99.1,15.3,15.5,98.8,7.97,14.1,56.6,0.00,0.00,0.00,0.00,0.03,0.00,0.00,0.00,Matches
25,Christian Atsu\Christian-Atsu,gh GHA,FWMF,Newcastle Utd,27,1992,8.3,19.6,25.1,78.4,312.2,67.8,10.4,11.3,91.5,6.99,8.43,82.9,1.57,3.61,43.3,0.36,0.11,0.25,1.57,0.24,1.20,0.48,1.57,Matches
26,Pierre-Emerick Aubameyang\Pierre-Emerick-Aubameyang,ga GAB,FW,Arsenal,30,1989,34.8,17.6,25.5,68.9,269.5,74.3,9.89,12.4,79.4,6.38,9.28,68.7,0.95,2.10,45.2,0.09,0.08,0.00,0.66,0.78,1.35,0.40,2.24,Matches
27,Serge Aurier\Serge-Aurier,ci CIV,DF,Tottenham,26,1992,30.0,42.1,55.1,76.3,699.1,246.7,21.3,23.8,89.5,16.9,21.8,77.3,3.30,6.83,48.3,0.17,0.09,0.07,1.00,2.10,1.33,0.53,3.70,Matches
28,Jordan Ayew\Jordan-Ayew,gh GHA,FWMF,Crystal Palace,27,1991,35.0,19.6,23.9,81.9,277.0,54.0,12.0,13.7,87.5,5.17,6.23,83.0,1.37,2.09,65.8,0.06,0.05,0.00,0.74,1.20,0.63,0.00,1.40,Matches
29,César Azpilicueta\Cesar-Azpilicueta,es ESP,DF,Chelsea,29,1989,35.9,63.1,79.1,79.9,1124.3,431.4,26.6,30.0,88.8,30.2,35.7,84.7,5.26,10.3,51.2,0.17,0.16,0.01,1.20,4.12,1.67,0.78,5.07,Matches
30,Eric Bailly\Eric-Bailly,ci CIV,DF,Manchester Utd,25,1994,1.7,37.6,42.4,88.9,744.7,254.7,12.4,14.1,87.5,20.0,21.2,94.4,5.29,6.47,81.8,0.00,0.00,0.00,0.00,1.18,0.00,0.00,2.35,Matches
31,Leighton Baines\Leighton-Baines,eng ENG,DF,Everton,34,1984,4.5,37.3,46.4,80.4,656.0,244.2,18.2,19.3,94.3,16.4,19.1,86.0,2.67,6.67,40.0,0.00,0.16,-0.16,1.33,1.33,1.56,1.11,2.89,Matches
32,Fabián Balbuena\Fabian-Balbuena,py PAR,DF,West Ham,27,1991,13.1,27.6,37.2,74.1,621.1,220.7,7.71,9.39,82.1,13.7,15.9,86.1,5.95,11.0,54.2,0.00,0.00,0.00,0.00,1.83,0.15,0.00,2.29,Matches
33,George Baldock\George-Baldock,eng ENG,DF,Sheffield Utd,26,1993,38.0,30.9,40.8,75.6,474.9,172.1,18.2,20.1,90.3,9.58,12.3,77.9,2.24,5.55,40.3,0.08,0.07,0.01,0.71,1.58,1.18,0.74,2.32,Matches
34,Phil Bardsley\Phil-Bardsley,sco SCO,DF,Burnley,34,1985,21.0,28.5,42.7,66.8,542.4,257.2,12.6,14.1,89.5,11.3,15.9,71.0,4.00,10.7,37.5,0.05,0.03,0.01,0.33,3.19,0.71,0.10,3.00,Matches
35,Ross Barkley\Ross-Barkley,eng ENG,MF,Chelsea,25,1993,12.3,43.9,50.1,87.7,840.7,158.7,19.1,22.0,86.7,16.9,18.3,92.4,6.99,8.13,86.0,0.33,0.23,0.10,2.03,4.31,1.54,0.08,3.90,Matches
36,Ashley Barnes\Ashley-Barnes,eng ENG,FW,Burnley,29,1989,15.0,10.3,16.9,61.3,141.1,36.8,6.27,8.20,76.4,3.20,5.40,59.3,0.40,1.80,22.2,0.00,0.03,-0.03,0.27,0.40,0.67,0.00,1.47,Matches
37,Harvey Barnes\Harvey-Barnes,eng ENG,MFFW,Leicester City,21,1997,23.1,24.2,31.6,76.7,358.8,88.7,14.0,16.8,83.5,8.23,10.4,79.2,1.21,2.21,54.9,0.35,0.15,0.19,1.34,1.47,1.69,0.13,3.77,Matches
38,Chris Basham\Chris-Basham,eng ENG,DF,Sheffield Utd,31,1988,36.0,30.1,40.6,74.2,567.2,184.3,12.9,14.6,88.2,12.3,16.8,73.1,4.08,7.42,55.1,0.03,0.03,0.00,0.33,1.78,0.33,0.22,1.67,Matches
39,Borja Bastón\Borja-Baston,es ESP,MFFW,Aston Villa,26,1992,0.2,20.0,25.0,80.0,405.0,140.0,10.0,15.0,66.7,0.00,0.00,,10.0,10.0,100.0,0.00,0.00,0.00,0.00,5.00,0.00,0.00,10.0,Matches
40,Michy Batshuayi\Michy-Batshuayi,be BEL,FW,Chelsea,25,1993,2.7,22.6,28.1,80.3,286.7,31.5,13.7,16.7,82.2,5.93,6.67,88.9,1.11,1.48,75.0,0.37,0.07,0.30,1.11,0.37,0.00,0.00,0.37,Matches
41,Jan Bednarek\Jan-Bednarek,pl POL,DF,Southampton,23,1996,34.0,33.6,42.2,79.7,682.2,224.3,11.3,12.7,89.1,17.1,20.4,84.0,4.82,8.21,58.8,0.03,0.00,0.03,0.06,1.94,0.06,0.00,1.82,Matches
42,Héctor Bellerín\Hector-Bellerin,es ESP,DF,Arsenal,24,1995,12.9,43.3,53.2,81.3,712.1,213.5,20.5,23.1,88.9,19.2,22.7,84.6,2.71,4.42,61.4,0.00,0.02,-0.02,0.16,2.48,0.62,0.16,2.95,Matches
43,Ryan Bennett\Ryan-Bennett,eng ENG,DF,Wolves,29,1990,6.7,27.6,35.7,77.4,620.9,237.5,8.36,9.55,87.5,12.1,14.8,81.8,6.72,10.7,62.5,0.00,0.01,-0.01,0.30,3.43,0.15,0.00,2.24,Matches
44,Ryan Bennett\Ryan-Bennett,eng ENG,DF,Leicester City,29,1990,3.7,47.0,59.7,78.7,963.5,406.5,15.1,17.0,88.9,23.5,28.4,82.9,7.30,12.4,58.7,0.00,0.00,0.00,0.00,6.49,0.27,0.27,2.16,Matches
45,Nabil Bentaleb\Nabil-Bentaleb,dz ALG,MF,Newcastle Utd,24,1994,8.3,41.8,48.7,85.9,820.0,141.9,14.3,15.9,90.2,20.1,22.7,88.8,6.14,7.95,77.3,0.00,0.02,-0.02,0.96,2.65,0.24,0.12,1.69,Matches
46,Christian Benteke\Christian-Benteke,be BEL,FW,Crystal Palace,28,1990,14.0,13.6,23.3,58.3,200.3,51.6,7.36,12.0,61.3,4.71,8.07,58.4,0.71,1.43,50.0,0.07,0.15,-0.08,1.21,1.00,0.79,0.14,2.21,Matches
47,Jóhann Berg Gu?mundsson\Johann-Berg-Gudmundsson,is ISL,MF,Burnley,28,1990,6.9,19.1,27.8,68.8,367.2,99.1,10.3,12.5,82.6,4.64,6.52,71.1,4.06,8.12,50.0,0.14,0.12,0.03,1.45,0.58,1.30,1.16,1.45,Matches
48,Sander Berge\Sander-Berge,no NOR,MF,Sheffield Utd,21,1998,10.5,28.4,36.8,77.2,500.1,109.0,13.0,15.6,83.5,11.5,13.9,82.9,3.33,5.05,66.0,0.10,0.04,0.06,0.19,2.86,0.86,0.19,2.76,Matches
49,Steven Bergwijn\Steven-Bergwijn,nl NED,FWMF,Tottenham,21,1997,7.8,28.8,33.2,86.9,403.8,69.9,17.9,19.9,90.3,8.59,9.74,88.2,1.03,1.67,61.5,0.13,0.13,0.00,1.67,1.28,1.41,0.51,1.54,Matches
50,Bernard\Bernard,br BRA,MFFW,Everton,26,1992,14.2,30.0,40.4,74.3,492.8,139.4,14.9,18.0,82.4,12.1,14.8,81.9,2.39,4.65,51.5,0.14,0.13,0.01,1.55,2.68,1.83,0.42,4.15,Matches
51,Bernardo\Bernardo,br BRA,DF,Brighton,24,1995,7.5,38.1,51.1,74.7,629.5,277.2,18.9,22.8,83.0,16.3,20.8,78.2,2.40,5.47,43.9,0.00,0.03,-0.03,0.40,3.47,1.07,0.40,5.20,Matches
52,Ryan Bertrand\Ryan-Bertrand,eng ENG,DF,Southampton,29,1989,30.5,40.8,54.3,75.1,685.6,295.0,21.5,24.7,87.1,14.9,18.8,79.1,3.48,7.87,44.2,0.03,0.12,-0.09,1.11,3.48,1.11,0.52,4.16,Matches
53,Muhamed Bešiæ\Muhamed-Besic,ba BIH,MF,Sheffield Utd,26,1992,2.8,30.7,37.9,81.1,541.4,117.1,17.5,19.3,90.7,9.29,11.1,83.9,3.57,5.71,62.5,0.00,0.04,-0.04,0.36,2.14,0.71,0.00,3.21,Matches
54,Philip Billing\Philip-Billing,dk DEN,MF,Bournemouth,23,1996,28.1,31.2,42.0,74.5,567.0,140.8,13.9,17.9,77.9,12.6,15.7,80.5,4.02,6.65,60.4,0.04,0.04,0.00,0.57,2.74,0.57,0.07,2.70,Matches
55,Yves Bissouma\Yves-Bissouma,ml MLI,MF,Brighton,22,1996,14.0,37.5,44.4,84.4,731.0,140.4,16.0,18.2,87.8,14.9,17.0,87.8,6.00,7.93,75.7,0.00,0.01,-0.01,0.29,3.43,0.43,0.00,2.86,Matches
56,Willy Boly\Willy-Boly,ci CIV,DF,Wolves,28,1991,22.0,36.0,43.6,82.7,697.5,273.8,13.9,15.3,90.8,17.8,20.0,88.9,3.95,7.32,54.0,0.05,0.01,0.03,0.18,1.55,0.09,0.00,1.68,Matches
57,Gaëtan Bong\Gaetan-Bong,cm CMR,MFDF,Brighton,31,1988,0.7,34.3,50.0,68.6,611.4,250.0,17.1,22.9,75.0,12.9,17.1,75.0,4.29,8.57,50.0,0.00,0.14,-0.14,2.86,4.29,1.43,1.43,4.29,Matches
58,Sofiane Boufal\Sofiane-Boufal,ma MAR,MFFW,Southampton,25,1993,8.5,29.1,38.2,76.0,442.8,125.6,18.4,21.5,85.2,7.76,10.6,73.3,2.35,4.35,54.1,0.24,0.32,-0.08,1.76,2.12,1.65,0.35,2.94,Matches
59,Jarrod Bowen\Jarrod-Bowen,eng ENG,FW,West Ham,22,1996,10.2,18.4,27.1,68.1,363.1,119.1,7.75,9.22,84.0,6.96,8.63,80.7,3.04,6.67,45.6,0.39,0.22,0.18,1.37,1.18,0.88,0.39,1.76,Matches
60,Robbie Brady\Robbie-Brady,ie IRL,MF,Burnley,27,1992,5.0,21.6,33.4,64.7,340.4,134.6,12.0,14.6,82.2,7.00,11.8,59.3,2.00,5.40,37.0,0.40,0.06,0.34,1.60,1.20,1.40,0.20,3.80,Matches
61,Jarrad Branthwaite\Jarrad-Branthwaite,eng ENG,DF,Everton,17,2002,3.3,56.7,64.2,88.2,1318.5,394.8,10.0,10.6,94.3,35.2,37.9,92.8,10.9,14.8,73.5,0.00,0.00,0.00,0.00,2.73,0.30,0.00,1.21,Matches
62,Claudio Bravo\Claudio-Bravo,cl CHI,GK,Manchester City,36,1983,3.9,25.9,33.8,76.5,691.8,398.5,5.38,5.64,95.5,12.3,12.3,100.0,8.21,15.9,51.6,0.00,0.00,0.00,0.00,0.00,0.00,0.00,0.00,Matches
63,Armando Broja\Armando-Broja,al ALB,FW,Chelsea,17,2001,0.1,20.0,20.0,100.0,130.0,0.00,10.0,10.0,100.0,0.00,0.00,,0.00,0.00,,0.00,0.00,0.00,0.00,0.00,0.00,0.00,0.00,Matches
64,David Brooks\David-Brooks,wal WAL,MF,Bournemouth,22,1997,5.6,21.6,32.0,67.6,346.1,123.9,12.5,14.8,84.3,6.25,9.46,66.0,2.50,5.71,43.8,0.00,0.07,-0.07,0.89,1.25,1.61,0.89,3.57,Matches
65,Josh Brownhill\Josh-Brownhill,eng ENG,MF,Burnley,23,1995,8.9,31.0,38.2,81.2,485.8,119.4,17.2,18.9,91.1,10.8,13.4,80.7,1.91,4.27,44.7,0.00,0.02,-0.02,0.45,2.13,0.22,0.00,1.91,Matches
66,Emi Buendía\Emi-Buendia,ar ARG,FWMF,Norwich City,22,1996,27.4,41.8,56.0,74.6,749.0,255.5,21.9,25.4,86.1,12.2,15.1,80.5,6.53,12.6,51.9,0.26,0.26,-0.01,2.88,5.29,2.12,0.15,6.31,Matches
67,Dan Burn\Dan-Burn,eng ENG,DF,Brighton,27,1992,32.0,43.4,57.5,75.4,749.5,273.0,21.2,24.3,87.0,18.1,22.3,81.0,3.66,8.63,42.4,0.00,0.04,-0.04,0.56,3.47,0.66,0.25,3.31,Matches
68,Sam Byram\Sam-Byram,eng ENG,DF,Norwich City,25,1993,14.4,43.4,53.0,81.9,685.8,234.4,23.3,25.7,90.8,16.4,19.9,82.5,2.71,5.21,52.0,0.00,0.03,-0.03,0.49,1.53,0.35,0.00,2.99,Matches
69,Willy Caballero\Willy-Caballero,ar ARG,GK,Chelsea,37,1981,5.0,24.2,33.0,73.3,680.6,435.4,4.60,4.60,100.0,11.0,11.0,100.0,8.60,17.4,49.4,0.00,0.00,0.00,0.00,0.00,0.00,0.00,0.00,Matches
70,Gary Cahill\Gary-Cahill,eng ENG,DF,Crystal Palace,33,1985,24.1,34.3,39.5,86.7,772.0,230.1,8.84,9.71,91.0,18.1,19.8,91.6,7.01,9.34,75.1,0.04,0.01,0.03,0.08,1.41,0.08,0.00,1.41,Matches
71,Dominic Calvert-Lewin\Dominic-Calvert-Lewin,eng ENG,FW,Everton,22,1997,29.2,13.5,20.3,66.2,203.4,44.8,7.67,10.9,70.2,4.42,6.71,65.8,0.92,1.40,65.9,0.03,0.03,0.00,0.51,1.16,0.45,0.10,1.34,Matches
72,Víctor Camarasa\Victor-Camarasa,es ESP,MF,Crystal Palace,25,1994,0.1,30.0,30.0,100.0,440.0,110.0,20.0,20.0,100.0,10.0,10.0,100.0,0.00,0.00,,0.00,0.00,0.00,0.00,0.00,0.00,0.00,0.00,Matches
73,Jo?o Cancelo\Joao-Cancelo,pt POR,DF,Manchester City,25,1994,13.4,75.2,85.6,87.9,1372.8,377.2,33.1,35.7,92.9,33.0,37.0,89.1,8.66,11.0,78.4,0.00,0.13,-0.13,1.12,7.31,1.72,0.22,6.57,Matches
74,Todd Cantwell\Todd-Cantwell,eng ENG,FWMF,Norwich City,21,1998,27.7,31.9,39.9,79.9,481.3,109.9,18.9,21.7,87.2,9.28,11.4,81.1,2.35,4.12,57.0,0.07,0.10,-0.03,1.30,2.56,0.76,0.04,2.78,Matches
75,Étienne Capoue\Etienne-Capoue,fr FRA,MF,Watford,31,1988,29.2,39.7,49.0,81.0,829.8,220.0,15.3,17.8,85.8,16.3,18.8,86.4,7.36,10.9,67.4,0.10,0.11,-0.00,0.65,4.45,0.27,0.03,4.04,Matches
76,Andy Carroll\Andy-Carroll,eng ENG,FW,Newcastle Utd,30,1989,7.0,19.1,29.6,64.7,316.4,69.0,10.1,14.3,71.0,5.57,9.29,60.0,2.43,3.86,63.0,0.57,0.23,0.34,1.57,1.71,1.29,0.29,2.14,Matches
77,Jonny Castro\Jonny-Castro,es ESP,DF,Wolves,25,1994,32.1,36.7,45.0,81.5,557.4,183.7,21.3,23.7,90.1,12.5,15.6,80.4,1.96,3.40,57.8,0.06,0.03,0.03,0.59,1.65,0.62,0.16,2.71,Matches
78,Craig Cathcart\Craig-Cathcart,nir NIR,DF,Watford,30,1989,27.6,26.1,31.3,83.2,569.2,177.9,8.30,9.24,89.8,12.1,13.5,89.8,5.40,8.08,66.8,0.00,0.00,0.00,0.04,1.34,0.11,0.04,1.41,Matches
79,Dani Ceballos\Dani-Ceballos,es ESP,MF,Arsenal,22,1996,18.8,58.3,69.2,84.2,1175.9,294.8,22.2,24.0,92.5,25.7,28.1,91.3,10.1,14.8,68.0,0.11,0.10,0.01,1.54,6.38,1.60,0.11,5.59,Matches
80,Nathaniel Chalobah\Nathaniel-Chalobah,eng ENG,MF,Watford,24,1994,10.3,25.5,34.8,73.5,445.8,120.1,11.9,14.9,80.4,10.3,12.2,84.1,2.62,5.53,47.4,0.10,0.11,-0.01,0.78,2.33,0.39,0.00,3.30,Matches
81,Calum Chambers\Calum-Chambers,eng ENG,DF,Arsenal,24,1995,12.2,57.5,70.9,81.2,1169.6,354.6,18.5,21.1,87.6,29.6,33.4,88.5,8.85,13.8,64.3,0.08,0.06,0.02,0.33,2.95,0.41,0.16,3.69,Matches
82,Ben Chilwell\Ben-Chilwell,eng ENG,DF,Leicester City,22,1996,26.4,57.8,74.1,78.1,990.1,316.1,28.4,31.4,90.5,24.2,29.5,82.0,4.70,10.5,44.6,0.11,0.14,-0.02,1.36,3.48,0.87,0.45,4.28,Matches
83,Tahith Chong\Tahith-Chong,nl NED,FWMF,Manchester Utd,19,1999,0.4,22.5,35.0,64.3,340.0,90.0,10.0,15.0,66.7,12.5,12.5,100.0,0.00,2.50,0.0,0.00,0.00,0.00,0.00,2.50,0.00,0.00,5.00,Matches
84,Hamza Choudhury\Hamza-Choudhury,eng ENG,MF,Leicester City,21,1997,9.9,43.2,49.9,86.6,787.3,153.8,18.1,19.9,90.9,19.0,21.1,90.0,5.25,6.77,77.6,0.10,0.01,0.09,0.30,3.03,0.20,0.00,1.92,Matches
85,Andreas Christensen\Andreas-Christensen,dk DEN,DF,Chelsea,23,1996,19.5,59.8,64.5,92.7,1363.8,329.8,13.8,14.5,95.4,33.5,34.8,96.2,12.2,14.4,84.3,0.00,0.05,-0.05,0.21,4.21,0.10,0.00,2.41,Matches
86,Ciaran Clark\Ciaran-Clark,ie IRL,DF,Newcastle Utd,29,1989,13.2,19.2,24.4,78.6,409.9,155.8,5.91,6.59,89.7,9.77,11.7,83.8,3.26,5.68,57.3,0.00,0.00,0.00,0.08,1.52,0.15,0.00,1.14,Matches
87,Leon Clarke\Leon-Clarke,eng ENG,FWMF,Sheffield Utd,34,1985,0.4,12.5,17.5,71.4,182.5,17.5,10.0,12.5,80.0,2.50,5.00,50.0,0.00,0.00,,0.00,0.00,0.00,0.00,0.00,0.00,0.00,0.00,Matches
88,Tom Cleverley\Tom-Cleverley,eng ENG,MF,Watford,29,1989,10.8,33.9,43.4,78.0,550.4,182.4,18.5,20.2,91.7,10.6,13.2,80.4,3.15,7.69,41.0,0.00,0.05,-0.05,1.30,3.24,1.20,0.37,4.17,Matches
89,Conor Coady\Conor-Coady,eng ENG,DF,Wolves,26,1993,38.0,40.3,46.9,85.9,1116.7,393.4,5.92,6.42,92.2,20.2,21.4,94.2,13.9,18.4,75.5,0.00,0.02,-0.02,0.13,3.03,0.18,0.00,1.39,Matches
90,Séamus Coleman\Seamus-Coleman,ie IRL,DF,Everton,30,1988,20.4,39.9,51.9,76.8,705.8,300.0,19.0,21.2,89.8,16.6,21.0,79.0,3.73,7.01,53.1,0.05,0.03,0.02,0.39,3.24,0.64,0.20,3.92,Matches
91,Aaron Connolly\Aaron-Connolly,ie IRL,FW,Brighton,19,2000,14.0,9.00,11.6,77.3,124.2,17.3,5.43,6.57,82.6,2.21,2.79,79.5,0.50,0.79,63.6,0.07,0.02,0.05,0.43,0.43,0.14,0.00,0.71,Matches
92,Lewis Cook\Lewis-Cook,eng ENG,MF,Bournemouth,22,1997,15.0,37.3,47.9,77.9,744.0,219.5,15.1,18.1,83.4,16.3,19.3,84.1,5.53,8.67,63.8,0.00,0.07,-0.07,0.87,4.07,0.73,0.07,4.33,Matches
93,Steve Cook\Steve-Cook,eng ENG,DF,Bournemouth,28,1991,27.0,36.8,45.3,81.3,841.5,278.0,7.56,8.70,86.8,21.6,24.2,89.4,7.37,11.6,63.8,0.00,0.01,-0.01,0.11,1.81,0.11,0.00,2.07,Matches
94,Jack Cork\Jack-Cork,eng ENG,MF,Burnley,30,1989,29.0,25.6,32.2,79.6,429.1,95.5,12.7,14.6,87.2,8.83,10.9,80.8,2.90,4.52,64.1,0.00,0.02,-0.02,0.34,1.90,0.31,0.03,2.10,Matches
95,Aaron Cresswell\Aaron-Cresswell,eng ENG,DF,West Ham,29,1989,30.3,41.0,55.5,73.8,713.9,353.2,20.4,22.4,91.2,15.6,19.8,79.0,4.32,10.4,41.6,0.00,0.06,-0.06,0.76,3.76,0.73,0.50,4.06,Matches
96,Patrick Cutrone\Patrick-Cutrone,it ITA,FW,Wolves,21,1998,3.3,11.5,17.0,67.9,147.9,20.3,7.58,10.0,75.8,3.33,4.85,68.8,0.00,1.52,0.0,0.00,0.00,0.00,0.30,0.61,0.00,0.00,0.30,Matches
97,Diogo Dalot\Diogo-Dalot,pt POR,DF,Manchester Utd,20,1999,0.7,72.9,91.4,79.7,1267.1,354.3,34.3,38.6,88.9,30.0,35.7,84.0,7.14,14.3,50.0,0.00,0.00,0.00,0.00,1.43,0.00,0.00,2.86,Matches
98,Charlie Daniels\Charlie-Daniels,eng ENG,DF,Bournemouth,32,1986,1.4,25.0,35.0,71.4,500.0,232.9,9.29,10.0,92.9,9.29,12.9,72.2,4.29,10.0,42.9,0.00,0.07,-0.07,1.43,2.86,0.71,0.71,1.43,Matches
99,Scott Dann\Scott-Dann,eng ENG,DF,Crystal Palace,32,1987,14.1,32.7,39.4,83.1,698.0,291.3,9.86,11.3,86.9,16.5,18.2,90.7,5.82,8.58,67.8,0.07,0.03,0.04,0.35,1.70,0.00,0.00,1.99,Matches
100,Kevin Danso\Kevin-Danso,at AUT,DF,Southampton,20,1998,3.1,37.1,51.3,72.3,661.6,291.9,19.0,21.9,86.8,13.9,17.1,81.1,4.19,11.3,37.1,0.32,0.06,0.26,0.32,3.23,0.65,0.32,2.58,Matches
101,Ben Davies\Ben-Davies,wal WAL,DF,Tottenham,26,1993,15.9,45.9,60.1,76.4,825.8,333.0,18.9,21.9,86.5,22.0,27.8,79.2,4.09,7.92,51.6,0.00,0.04,-0.04,0.63,3.90,0.57,0.38,4.34,Matches
102,Tom Davies\Tom-Davies,eng ENG,MF,Everton,21,1998,22.5,30.3,38.7,78.3,589.8,179.4,11.7,14.4,81.5,13.9,16.0,86.9,4.31,6.71,64.2,0.00,0.01,-0.01,0.22,3.69,0.71,0.00,4.93,Matches
103,Keinan Davis\Keinan-Davis,eng ENG,FW,Aston Villa,21,1998,6.1,17.5,23.3,75.4,241.8,33.0,10.7,13.4,79.3,4.92,6.72,73.2,1.15,1.31,87.5,0.00,0.03,-0.03,1.15,1.15,0.33,0.00,1.31,Matches
104,Craig Dawson\Craig-Dawson,eng ENG,DF,Watford,29,1990,26.2,27.8,34.7,80.3,669.5,220.0,7.21,8.24,87.5,12.7,14.3,89.1,7.71,11.6,66.7,0.00,0.01,-0.01,0.15,2.10,0.08,0.00,1.72,Matches
105,Kevin De Bruyne\Kevin-De-Bruyne,be BEL,MF,Manchester City,28,1991,31.0,54.0,72.4,74.6,1117.4,338.6,20.5,24.7,82.7,23.1,28.4,81.5,9.58,16.4,58.6,0.65,0.59,0.05,4.23,5.65,3.90,0.58,8.42,Matches
106,Troy Deeney\Troy-Deeney,eng ENG,FW,Watford,31,1988,24.7,16.4,28.6,57.3,252.1,83.4,9.35,14.1,66.2,5.43,10.0,54.3,1.05,2.51,41.9,0.08,0.15,-0.06,1.09,2.02,1.01,0.04,2.83,Matches
107,Fabian Delph\Fabian-Delph,eng ENG,MF,Everton,29,1989,13.2,51.2,58.9,86.9,1061.7,268.5,18.8,20.4,92.2,22.3,24.5,91.3,9.55,12.9,74.1,0.00,0.02,-0.02,0.45,4.62,1.14,0.30,4.70,Matches
108,Leander Dendoncker\Leander-Dendoncker,be BEL,MFDF,Wolves,24,1995,31.1,35.0,41.3,84.7,709.4,156.9,12.3,14.7,83.8,16.9,18.9,89.5,5.47,6.53,83.7,0.00,0.02,-0.02,0.23,1.77,0.13,0.03,1.86,Matches
109,Gerard Deulofeu\Gerard-Deulofeu,es ESP,FW,Watford,25,1994,23.3,25.9,35.3,73.3,437.4,109.7,13.1,15.5,84.3,8.76,11.0,79.7,2.92,5.67,51.5,0.21,0.20,0.02,1.93,1.29,1.29,0.09,2.53,Matches
110,Eric Dier\Eric-Dier,eng ENG,DFMF,Tottenham,25,1994,14.9,47.9,58.8,81.4,1035.2,287.4,14.8,17.2,86.0,23.4,27.0,86.6,8.79,13.2,66.5,0.13,0.01,0.13,0.27,3.76,0.20,0.00,2.89,Matches
111,Lucas Digne\Lucas-Digne,fr FRA,DF,Everton,26,1993,33.7,40.1,57.7,69.5,769.2,337.1,18.1,21.8,82.9,15.9,21.1,75.2,5.79,12.4,46.5,0.21,0.18,0.03,2.08,2.91,1.22,0.71,4.48,Matches
112,Virgil van Dijk\Virgil-van-Dijk,nl NED,DF,Liverpool,28,1991,38.0,73.4,81.2,90.5,1720.4,485.3,16.7,17.8,93.5,40.4,42.6,94.9,16.0,20.2,79.2,0.03,0.03,-0.01,0.18,5.97,0.24,0.00,4.05,Matches
113,Issa Diop\Issa-Diop,fr FRA,DF,West Ham,22,1997,30.7,24.6,30.9,79.6,504.9,183.6,8.57,9.51,90.1,11.0,12.7,86.4,4.46,7.36,60.6,0.03,0.03,0.00,0.13,1.66,0.07,0.00,1.21,Matches
114,Moussa Djenepo\Moussa-Djenepo,ml MLI,MFDF,Southampton,21,1998,10.3,18.5,25.6,72.3,265.8,87.0,11.2,13.1,85.2,5.53,7.67,72.2,1.07,2.82,37.9,0.19,0.13,0.07,1.26,1.07,1.46,0.19,2.82,Matches
115,Matt Doherty\Matt-Doherty,ie IRL,DF,Wolves,27,1992,31.5,43.5,56.9,76.4,711.1,287.4,23.2,27.2,85.3,15.4,20.6,74.7,3.87,6.44,60.1,0.10,0.06,0.04,0.73,2.73,0.57,0.29,4.83,Matches
116,Abdoulaye Doucouré\Abdoulaye-Doucoure,fr FRA,MF,Watford,26,1993,35.1,37.1,47.2,78.5,624.9,137.3,18.0,21.5,83.7,14.4,17.5,82.2,3.45,5.04,68.4,0.06,0.07,-0.02,0.94,3.42,0.94,0.11,3.11,Matches
117,Thomas Doyle\Thomas-Doyle,eng ENG,MFFW,Manchester City,17,2001,0.2,95.0,95.0,100.0,1395.0,130.0,55.0,55.0,100.0,35.0,35.0,100.0,5.00,5.00,100.0,0.00,0.00,0.00,0.00,5.00,0.00,0.00,0.00,Matches
118,Danny Drinkwater\Danny-Drinkwater,eng ENG,MF,Burnley,29,1990,0.6,18.3,33.3,55.0,305.0,65.0,8.33,11.7,71.4,10.0,11.7,85.7,0.00,5.00,0.0,0.00,0.00,0.00,0.00,0.00,0.00,0.00,1.67,Matches
119,Danny Drinkwater\Danny-Drinkwater,eng ENG,MF,Aston Villa,29,1990,2.9,46.9,57.6,81.4,909.7,194.8,19.7,24.5,80.3,17.6,18.6,94.4,8.97,12.1,74.3,0.00,0.00,0.00,0.34,5.52,0.34,0.00,3.45,Matches
120,Josip Drmiæ\Josip-Drmic,ch SUI,FWMF,Norwich City,26,1992,7.2,17.4,22.8,76.2,232.5,26.0,11.3,12.8,88.0,4.44,6.11,72.7,0.69,1.94,35.7,0.00,0.06,-0.06,0.42,0.69,0.00,0.00,0.69,Matches
121,Martin Dúbravka\Martin-Dubravka,sk SVK,GK,Newcastle Utd,30,1989,38.0,15.7,28.8,54.4,676.3,507.3,1.26,1.29,98.0,4.92,5.05,97.4,9.39,22.3,42.1,0.00,0.00,0.00,0.00,0.50,0.00,0.00,0.00,Matches
122,Ondrej Duda\Ondrej-Duda,sk SVK,MF,Norwich City,24,1994,8.0,37.3,47.8,78.0,596.3,148.0,21.3,23.9,89.0,10.0,12.3,81.6,4.25,8.25,51.5,0.00,0.13,-0.13,1.75,2.13,1.25,0.25,2.88,Matches
123,Shane Duffy\Shane-Duffy,ie IRL,DF,Brighton,27,1992,13.8,37.3,44.4,84.0,878.1,253.4,9.28,10.4,89.5,19.7,21.9,90.1,7.97,11.4,70.1,0.00,0.00,0.00,0.07,1.88,0.29,0.00,1.67,Matches
124,Paul Dummett\Paul-Dummett,wal WAL,DF,Newcastle Utd,27,1991,13.6,26.3,36.9,71.3,499.8,248.4,10.6,12.4,85.7,12.2,14.6,83.8,3.31,8.97,36.9,0.00,0.01,-0.01,0.29,3.24,0.29,0.22,1.99,Matches
125,Lewis Dunk\Lewis-Dunk,eng ENG,DF,Brighton,27,1991,35.9,53.3,61.1,87.3,1254.6,375.2,12.6,13.8,90.7,28.9,30.2,95.8,11.5,16.4,70.1,0.08,0.03,0.05,0.31,3.65,0.14,0.00,2.28,Matches
126,Ederson\Ederson,br BRA,GK,Manchester City,25,1993,34.1,27.2,31.2,87.2,688.4,388.7,5.40,5.43,99.5,14.7,14.8,99.2,7.04,10.9,64.7,0.00,0.00,-0.00,0.03,0.32,0.00,0.00,0.00,Matches
127,John Egan\John-Egan,ie IRL,DF,Sheffield Utd,26,1992,35.4,28.7,34.3,83.8,682.2,183.8,7.18,7.99,89.8,14.1,15.7,89.9,7.18,10.0,71.5,0.00,0.00,-0.00,0.03,1.89,0.06,0.00,1.84,Matches
128,Harvey Elliot\Harvey-Elliot,eng ENG,DF,Liverpool,16,2003,0.1,120.0,150.0,80.0,2040.0,790.0,70.0,70.0,100.0,40.0,50.0,80.0,10.0,30.0,33.3,0.00,0.00,0.00,0.00,20.0,10.0,10.0,10.0,Matches
129,Ahmed Elmohamady\Ahmed-Elmohamady,eg EGY,DF,Aston Villa,31,1987,11.5,42.1,55.0,76.5,811.6,322.9,18.3,20.2,90.9,16.4,21.0,78.4,6.78,12.0,56.5,0.09,0.23,-0.14,1.65,3.83,1.91,1.39,3.74,Matches
130,Björn Engels\Bjorn-Engels,be BEL,DF,Aston Villa,24,1994,16.1,31.2,37.6,83.1,740.8,240.9,7.70,8.76,87.9,16.3,18.0,91.0,7.02,10.4,67.3,0.00,0.01,-0.01,0.06,2.86,0.06,0.06,2.17,Matches
131,Christian Eriksen\Christian-Eriksen,dk DEN,MFFW,Tottenham,27,1992,12.2,45.0,60.9,73.9,831.6,227.1,22.3,25.9,86.1,15.2,19.8,77.2,6.89,13.7,50.3,0.16,0.16,0.00,1.89,4.67,1.80,0.08,4.67,Matches
132,Jonny Evans\Jonny-Evans,nir NIR,DF,Leicester City,31,1988,37.6,55.5,63.1,88.0,1253.7,366.2,12.0,12.9,92.6,33.5,36.0,93.1,9.87,13.8,71.6,0.03,0.02,0.01,0.19,3.83,0.13,0.03,3.11,Matches
133,£ukasz Fabiañski\Lukasz-Fabianski,pl POL,GK,West Ham,34,1985,23.5,16.1,28.6,56.3,731.7,566.8,1.06,1.06,100.0,3.87,3.96,97.8,11.1,23.4,47.4,0.00,0.00,0.00,0.00,0.30,0.00,0.00,0.00,Matches
134,Fabinho\Fabinho,br BRA,MF,Liverpool,25,1993,23.1,57.7,66.1,87.3,1171.6,231.5,19.3,21.1,91.2,28.5,31.7,89.9,9.13,11.8,77.6,0.13,0.08,0.05,0.78,5.54,0.91,0.09,4.24,Matches
135,Ralf Fährmann\Ralf-Fahrmann,de GER,GK,Norwich City,30,1988,0.2,35.0,50.0,70.0,635.0,395.0,25.0,25.0,100.0,0.00,5.00,0.0,10.0,20.0,50.0,0.00,0.00,0.00,0.00,0.00,0.00,0.00,0.00,Matches
136,Akin Famewo\Akin-Famewo,eng ENG,MF,Norwich City,20,1998,0.0,0,0,,0,0,0,0,,0,0,,0,0,,0,0.0,0.0,0,0,0,0,,Matches
137,Kiko Femenía\Kiko-Femenia,es ESP,DF,Watford,28,1991,24.9,40.0,51.8,77.2,651.8,271.2,21.4,24.5,87.4,14.4,18.6,77.5,3.37,6.83,49.4,0.00,0.06,-0.06,0.76,2.21,1.12,0.64,3.09,Matches
138,Bruno Fernandes\Bruno-Fernandes,pt POR,MF,Manchester Utd,24,1994,13.2,46.1,64.6,71.3,886.2,244.9,21.6,25.7,84.1,16.7,21.5,77.5,7.35,14.5,50.5,0.53,0.19,0.34,2.58,5.45,1.74,0.15,6.06,Matches
139,Gedson Fernandes\Gedson-Fernandes,pt POR,MFDF,Tottenham,20,1999,0.8,50.0,63.8,78.4,720.0,211.3,27.5,31.3,88.0,17.5,23.8,73.7,1.25,2.50,50.0,0.00,0.25,-0.25,2.50,1.25,3.75,1.25,6.25,Matches
140,Federico Fernández\Federico-Fernandez,ar ARG,DF,Newcastle Utd,30,1989,29.1,31.2,40.7,76.6,690.6,275.8,9.42,10.8,87.5,14.7,17.5,83.9,6.60,11.1,59.3,0.07,0.01,0.06,0.10,1.44,0.24,0.14,1.10,Matches
141,Fernandinho\Fernandinho,br BRA,DF,Manchester City,34,1985,26.6,74.6,82.3,90.6,1662.4,534.7,19.7,21.3,92.2,40.5,42.9,94.5,14.0,17.1,81.9,0.04,0.02,0.02,0.26,8.50,0.41,0.04,6.20,Matches
142,Roberto Firmino\Roberto-Firmino,br BRA,FW,Liverpool,27,1991,33.2,28.0,35.3,79.5,431.8,108.1,15.2,18.2,83.7,9.64,11.6,82.9,1.93,2.44,79.0,0.24,0.19,0.05,1.48,2.08,1.05,0.00,3.10,Matches
143,John Fleck\John-Fleck,sco SCO,MF,Sheffield Utd,27,1991,28.0,30.5,41.6,73.4,543.1,177.4,14.4,16.8,85.9,10.9,13.2,82.4,4.11,8.79,46.7,0.07,0.12,-0.05,1.36,3.25,1.14,0.25,3.43,Matches
144,Phil Foden\Phil-Foden,eng ENG,FWMF,Manchester City,19,2000,10.0,43.1,50.8,84.8,692.2,135.7,25.7,28.2,91.1,12.7,14.7,86.4,3.70,5.60,66.1,0.20,0.20,0.00,1.80,2.80,1.30,0.20,3.20,Matches
145,Pablo Fornals\Pablo-Fornals,es ESP,MFFW,West Ham,23,1996,24.1,28.2,37.2,75.8,455.0,125.5,15.6,17.7,88.3,8.51,11.3,75.4,2.90,5.15,56.5,0.21,0.09,0.12,0.75,2.03,1.12,0.25,2.70,Matches
146,Ben Foster\Ben-Foster,eng ENG,GK,Watford,36,1983,38.0,14.0,31.6,44.4,653.2,531.6,0.79,0.79,100.0,3.26,3.39,96.1,9.95,27.4,36.3,0.00,0.00,0.00,0.00,0.79,0.05,0.00,0.00,Matches
147,Timothy Fosu-Mensah\Timothy-Fosu-Mensah,nl NED,DF,Manchester Utd,21,1998,1.5,41.3,48.7,84.9,717.3,202.0,18.7,20.7,90.3,17.3,20.7,83.9,4.00,4.67,85.7,0.00,0.07,-0.07,1.33,1.33,0.00,0.00,3.33,Matches
148,Dimitri Foulquier\Dimitri-Foulquier,fr FRA,MFDF,Watford,26,1993,0.7,14.3,18.6,76.9,245.7,90.0,4.29,4.29,100.0,8.57,10.0,85.7,0.00,1.43,0.0,0.00,0.00,0.00,1.43,1.43,0.00,0.00,2.86,Matches
149,Juan Foyth\Juan-Foyth,ar ARG,DF,Tottenham,21,1998,0.8,66.3,75.0,88.3,1283.8,426.3,26.3,28.8,91.3,32.5,33.8,96.3,7.50,12.5,60.0,0.00,0.00,0.00,1.25,3.75,0.00,0.00,5.00,Matches
150,Simon Francis\Simon-Francis,eng ENG,DF,Bournemouth,34,1985,10.8,39.4,50.4,78.1,827.9,315.9,13.1,15.3,86.1,19.7,22.6,87.3,6.39,11.8,54.3,0.00,0.03,-0.03,0.37,2.41,0.46,0.37,2.50,Matches
151,Ryan Fraser\Ryan-Fraser,sco SCO,MFFW,Bournemouth,25,1994,23.0,28.2,41.3,68.2,481.5,186.4,13.9,16.4,84.9,10.6,14.6,72.6,3.00,8.00,37.5,0.17,0.18,-0.00,1.87,2.39,1.78,0.30,4.65,Matches
152,Fred\Fred,br BRA,MF,Manchester Utd,26,1993,24.0,61.0,71.4,85.4,1226.5,302.9,23.3,25.7,90.6,26.2,28.7,91.3,10.5,14.7,71.7,0.00,0.10,-0.10,1.54,6.46,0.63,0.13,5.46,Matches
153,Ryan Fredericks\Ryan-Fredericks,eng ENG,DF,West Ham,26,1992,24.9,31.9,44.0,72.5,514.9,217.5,16.6,19.3,86.3,11.8,16.3,72.5,2.53,5.66,44.7,0.12,0.10,0.02,1.00,1.77,1.00,0.60,2.29,Matches
154,Kieron Freeman\Kieron-Freeman,wal WAL,FW,Sheffield Utd,27,1992,0.1,20.0,20.0,100.0,280.0,60.0,10.0,10.0,100.0,10.0,10.0,100.0,0.00,0.00,,0.00,0.00,0.00,0.00,0.00,0.00,0.00,0.00,Matches
155,Luke Freeman\Luke-Freeman,eng ENG,MF,Sheffield Utd,27,1992,4.1,26.8,36.6,73.3,385.9,118.0,18.3,21.5,85.2,5.12,7.07,72.4,2.44,4.63,52.6,0.00,0.07,-0.07,0.73,1.95,0.98,0.73,1.95,Matches
156,Christian Fuchs\Christian-Fuchs,at AUT,DF,Leicester City,33,1986,8.6,59.3,73.3,81.0,1151.6,433.4,23.3,25.8,90.1,27.1,29.8,91.0,8.26,15.7,52.6,0.00,0.01,-0.01,0.23,4.77,0.58,0.12,4.07,Matches
157,Eric García\Eric-Garcia,es ESP,DF,Manchester City,18,2001,8.8,76.4,80.1,95.3,1572.6,423.5,23.5,24.7,95.4,41.7,43.0,97.1,10.5,11.2,92.9,0.00,0.01,-0.01,0.23,4.77,0.11,0.11,4.55,Matches
158,James Garner\James-Garner,eng ENG,MF,Manchester Utd,18,2001,0.1,150.0,150.0,100.0,2530.0,440.0,90.0,90.0,100.0,50.0,50.0,100.0,10.0,10.0,100.0,0.00,0.00,0.00,0.00,10.0,0.00,0.00,10.0,Matches
159,Dwight Gayle\Dwight-Gayle,eng ENG,FW,Newcastle Utd,28,1990,9.4,11.7,16.0,73.3,179.0,23.6,6.81,8.51,80.0,2.98,4.57,65.1,1.06,1.60,66.7,0.21,0.09,0.13,0.53,0.64,0.11,0.11,0.74,Matches
160,Paulo Gazzaniga\Paulo-Gazzaniga,ar ARG,GK,Tottenham,27,1992,17.9,17.8,28.8,61.8,540.8,349.7,4.02,4.08,98.6,7.71,7.77,99.3,6.09,17.0,35.9,0.00,0.02,-0.02,0.06,0.34,0.00,0.00,0.00,Matches
161,Jean-Philippe Gbamin\Jean-Philippe-Gbamin,ci CIV,MF,Everton,23,1995,1.5,33.3,44.7,74.6,518.7,122.7,18.7,21.3,87.5,12.0,14.0,85.7,2.00,6.67,30.0,0.00,0.00,0.00,0.00,3.33,0.00,0.00,2.67,Matches
162,David de Gea\David-de-Gea,es ESP,GK,Manchester Utd,28,1990,38.0,19.1,24.6,77.7,496.6,290.1,5.00,5.00,100.0,9.00,9.13,98.6,5.11,10.3,49.4,0.00,0.00,0.00,0.00,0.16,0.00,0.00,0.00,Matches
163,Anwar El Ghazi\Anwar-El-Ghazi,nl NED,FWMF,Aston Villa,24,1995,22.8,17.6,27.0,65.4,299.0,85.7,9.65,11.9,81.2,5.04,7.94,63.5,2.28,4.69,48.6,0.18,0.12,0.05,1.40,0.66,0.96,0.66,1.89,Matches
164,Morgan Gibbs-White\Morgan-Gibbs-White,eng ENG,MFFW,Wolves,19,2000,1.4,47.1,58.6,80.5,828.6,208.6,19.3,22.1,87.1,23.6,27.1,86.8,4.29,8.57,50.0,0.00,0.07,-0.07,2.14,3.57,2.14,0.71,5.00,Matches
165,Billy Gilmour\Billy-Gilmour,sco SCO,MF,Chelsea,18,2001,2.2,68.6,76.8,89.3,1314.5,274.5,30.0,34.1,88.0,26.4,29.1,90.6,10.0,11.4,88.0,0.00,0.05,-0.05,1.82,2.73,0.00,0.00,3.64,Matches
166,Olivier Giroud\Olivier-Giroud,fr FRA,FW,Chelsea,32,1986,11.0,18.8,27.8,67.6,228.8,26.8,13.2,18.1,72.9,3.91,6.09,64.2,0.55,1.00,54.5,0.00,0.11,-0.11,0.64,0.73,0.36,0.00,0.55,Matches
167,Ben Godfrey\Ben-Godfrey,eng ENG,DF,Norwich City,21,1998,29.4,48.1,54.6,88.0,1026.9,292.4,15.4,16.6,92.8,24.4,25.9,94.3,7.96,11.3,70.7,0.00,0.00,-0.00,0.10,2.59,0.07,0.00,2.07,Matches
168,André Gomes\Andre-Gomes,pt POR,MF,Everton,26,1993,16.2,44.4,53.0,83.7,1010.7,258.8,13.1,14.9,88.4,21.4,23.7,90.4,9.38,13.2,71.0,0.06,0.06,0.01,0.74,5.56,0.68,0.19,4.69,Matches
169,Angel Gomes\Angel-Gomes,eng ENG,MF,Manchester Utd,18,2000,0.2,55.0,65.0,84.6,1175.0,415.0,15.0,20.0,75.0,20.0,25.0,80.0,15.0,15.0,100.0,0.00,0.50,-0.50,10.0,5.00,10.0,0.00,15.0,Matches
170,Joe Gomez\Joe-Gomez,eng ENG,DF,Liverpool,22,1997,22.3,78.2,87.9,88.9,1765.4,469.0,18.5,20.6,89.6,43.3,45.8,94.5,15.8,20.4,77.4,0.00,0.01,-0.01,0.22,5.83,0.49,0.09,4.13,Matches
171,Anthony Gordon\Anthony-Gordon,eng ENG,MFFW,Everton,18,2001,4.9,19.6,25.3,77.4,351.8,92.7,9.18,10.8,84.9,8.37,10.2,82.0,2.04,3.67,55.6,0.20,0.08,0.12,1.22,1.22,0.20,0.00,1.22,Matches
172,Dan Gosling\Dan-Gosling,eng ENG,MF,Bournemouth,29,1990,14.0,28.9,36.4,79.4,475.2,116.0,14.0,16.4,85.6,11.5,13.4,86.1,2.43,4.07,59.6,0.07,0.07,0.00,0.71,2.36,0.50,0.14,2.86,Matches
173,Andre Gray\Andre-Gray,eng ENG,FW,Watford,28,1991,8.4,12.1,18.5,65.8,181.3,40.5,7.02,10.0,70.2,3.45,4.52,76.3,0.95,1.67,57.1,0.00,0.17,-0.17,0.95,0.83,0.71,0.12,1.07,Matches
174,Demarai Gray\Demarai-Gray,eng ENG,MFFW,Leicester City,23,1996,6.9,39.3,47.4,82.9,627.4,123.2,21.7,22.6,96.2,12.6,15.5,81.3,4.06,5.94,68.3,0.43,0.25,0.19,2.17,1.74,1.88,0.58,3.19,Matches
175,Jack Grealish\Jack-Grealish,eng ENG,FWMF,Aston Villa,23,1995,35.9,33.9,42.8,79.1,645.0,178.9,13.8,15.8,87.6,14.5,16.8,86.7,4.65,7.94,58.6,0.17,0.19,-0.03,2.56,2.62,2.20,0.17,4.90,Matches
176,Mason Greenwood\Mason-Greenwood,eng ENG,FW,Manchester Utd,17,2001,14.7,28.3,33.2,85.2,435.6,79.0,15.8,17.8,88.5,9.73,10.8,89.9,1.84,2.79,65.9,0.07,0.05,0.02,0.88,1.43,0.61,0.07,1.84,Matches
177,Arnaut Groeneveld\Arnaut-Groeneveld,nl NED,MF,Bournemouth,22,1997,7.0,25.9,32.4,79.7,450.3,109.3,11.4,13.7,83.3,10.6,12.3,86.0,3.14,4.14,75.9,0.00,0.03,-0.03,0.71,1.43,0.71,0.14,2.86,Matches
178,Pascal Groß\Pascal-Gross,de GER,FWMF,Brighton,28,1991,20.0,38.1,51.4,74.1,743.3,230.7,16.9,19.2,87.8,14.4,17.2,84.0,6.30,12.8,49.4,0.20,0.26,-0.06,3.10,2.80,1.90,0.55,4.70,Matches
179,Vicente Guaita\Vicente-Guaita,es ESP,GK,Crystal Palace,32,1987,35.0,16.9,30.1,56.1,616.8,437.1,2.46,2.46,100.0,6.26,6.46,96.9,8.03,21.0,38.2,0.00,0.00,0.00,0.00,0.40,0.00,0.00,0.00,Matches
180,Mattéo Guendouzi\Matteo-Guendouzi,fr FRA,MF,Arsenal,20,1999,19.4,52.5,59.0,89.0,1036.3,282.0,20.1,21.7,92.4,23.4,25.2,92.8,8.25,9.95,82.9,0.05,0.06,-0.01,0.67,6.80,0.98,0.05,6.44,Matches
181,Frederic Guilbert\Frederic-Guilbert,fr FRA,DF,Aston Villa,24,1994,22.7,30.3,45.2,67.0,585.1,244.6,12.2,15.2,80.6,13.4,18.2,73.4,4.32,9.69,44.5,0.09,0.07,0.02,0.62,2.95,1.06,0.66,3.35,Matches
182,?lkay Gündo?an\Ilkay-Gundogan,de GER,MF,Manchester City,28,1990,22.4,79.4,87.3,91.0,1491.6,290.5,34.9,37.5,92.9,32.5,34.5,94.4,11.0,13.3,83.2,0.04,0.12,-0.08,1.52,7.54,1.47,0.04,6.70,Matches
183,Angus Gunn\Angus-Gunn,eng ENG,GK,Southampton,23,1996,10.0,11.1,25.6,43.4,410.6,294.5,2.10,2.10,100.0,3.50,3.50,100.0,5.50,20.0,27.5,0.00,0.00,0.00,0.00,0.60,0.10,0.00,0.00,Matches
184,Sébastien Haller\Sebastien-Haller,ci CIV,FW,West Ham,25,1994,25.2,20.7,30.4,68.1,292.5,58.7,12.4,17.3,71.6,5.99,8.81,68.0,1.31,1.94,67.3,0.04,0.08,-0.04,0.95,1.90,0.56,0.08,1.79,Matches
185,Grant Hanley\Grant-Hanley,sco SCO,DF,Norwich City,27,1991,14.0,38.4,45.6,84.2,824.1,227.8,11.2,11.9,94.0,18.4,20.4,90.2,8.36,12.5,66.9,0.00,0.00,0.00,0.07,1.36,0.00,0.00,0.93,Matches
186,Kortney Hause\Kortney-Hause,eng ENG,DF,Aston Villa,24,1995,17.2,34.4,45.9,74.9,719.5,284.4,12.0,14.1,84.8,15.6,18.8,83.3,6.28,11.6,54.3,0.00,0.01,-0.01,0.06,2.44,0.06,0.00,2.33,Matches
187,Isaac Hayden\Isaac-Hayden,eng ENG,MF,Newcastle Utd,24,1995,24.7,25.5,33.7,75.6,440.8,101.6,12.1,14.5,83.8,10.4,13.2,78.6,2.59,4.13,62.7,0.08,0.06,0.02,0.61,1.62,0.53,0.28,1.94,Matches
188,Tom Heaton\Tom-Heaton,eng ENG,GK,Aston Villa,33,1986,19.9,17.6,30.9,57.0,645.7,476.0,2.11,2.11,100.0,7.54,7.64,98.7,7.84,21.0,37.3,0.00,0.00,0.00,0.00,0.40,0.00,0.00,0.00,Matches
189,Dean Henderson\Dean-Henderson,eng ENG,GK,Sheffield Utd,22,1997,36.0,11.8,28.8,41.0,586.9,474.4,0.89,0.92,97.0,2.75,2.83,97.1,8.11,25.0,32.5,0.00,0.00,0.00,0.03,1.36,0.03,0.00,0.00,Matches
190,Jordan Henderson\Jordan-Henderson,eng ENG,MF,Liverpool,29,1990,24.9,63.5,75.5,84.2,1311.4,308.6,23.0,24.9,92.3,28.2,31.6,89.3,11.4,16.6,68.8,0.20,0.11,0.09,0.88,7.27,1.29,0.24,6.95,Matches
191,Jeff Hendrick\Jeff-Hendrick,ie IRL,MF,Burnley,27,1992,21.5,19.5,26.7,73.0,320.0,79.6,10.9,12.3,88.7,6.47,8.47,76.4,1.72,3.86,44.6,0.09,0.03,0.06,0.56,1.16,0.47,0.09,1.81,Matches
192,Wayne Hennessey\Wayne-Hennessey,wal WAL,GK,Crystal Palace,32,1987,3.0,14.7,34.3,42.7,788.3,674.7,1.00,1.00,100.0,2.33,2.67,87.5,11.3,30.7,37.0,0.00,0.00,0.00,0.00,1.00,0.00,0.00,0.00,Matches
193,Javier Hernández\Javier-Hernandez,mx MEX,FW,West Ham,31,1988,1.2,15.8,18.3,86.4,261.7,41.7,5.00,5.83,85.7,6.67,7.50,88.9,1.67,1.67,100.0,0.00,0.00,0.00,0.00,1.67,0.83,0.00,2.50,Matches
194,Onel Hernández\Onel-Hernandez,cu CUB,FWMF,Norwich City,26,1993,15.4,16.1,21.8,74.0,224.4,41.4,9.35,11.0,84.7,5.78,7.40,78.1,0.19,1.36,14.3,0.13,0.06,0.07,1.17,0.45,0.65,0.19,1.04,Matches
195,Son Heung-min\Son-Heung-min,kr KOR,FWMF,Tottenham,27,1992,27.5,25.6,32.1,79.9,407.7,92.6,14.4,16.5,87.6,8.69,9.85,88.2,1.89,3.78,50.0,0.36,0.25,0.11,1.56,1.71,0.98,0.11,2.51,Matches
196,George Hirst\George-Hirst,eng ENG,FW,Leicester City,20,1999,0.1,50.0,80.0,62.5,480.0,160.0,50.0,60.0,83.3,0.00,20.0,0.0,0.00,0.00,,0.00,0.00,0.00,0.00,10.0,0.00,0.00,0.00,Matches
197,Rob Holding\Rob-Holding,eng ENG,DF,Arsenal,23,1995,6.5,44.9,52.0,86.4,1004.9,265.2,9.54,10.0,95.4,27.8,29.8,93.3,7.23,11.4,63.5,0.00,0.00,0.00,0.00,2.00,0.31,0.00,2.00,Matches
198,José Holebas\Jose-Holebas,gr GRE,DF,Watford,35,1984,11.4,37.8,53.3,70.9,729.1,339.1,15.9,18.2,87.4,15.6,20.1,77.7,5.35,13.3,40.1,0.00,0.07,-0.07,0.88,3.77,0.79,0.53,3.68,Matches
199,Mason Holgate\Mason-Holgate,eng ENG,DF,Everton,22,1996,22.8,37.5,43.5,86.3,917.8,267.1,8.82,9.87,89.3,17.9,19.1,93.6,10.6,13.7,77.2,0.13,0.02,0.11,0.09,2.06,0.18,0.00,2.32,Matches
200,Nathan Holland\Nathan-Holland,eng ENG,MF,West Ham,21,1998,0.4,27.5,35.0,78.6,342.5,122.5,20.0,22.5,88.9,7.50,12.5,60.0,0.00,0.00,,0.00,0.00,0.00,0.00,0.00,0.00,0.00,0.00,Matches
201,Conor Hourihane\Conor-Hourihane,ie IRL,MF,Aston Villa,28,1991,17.0,31.9,42.4,75.2,609.0,190.3,12.3,14.4,85.3,14.9,17.4,85.8,3.82,8.59,44.5,0.29,0.30,-0.01,2.18,2.94,0.82,0.29,2.59,Matches
202,Callum Hudson-Odoi\Callum-Hudson-Odoi,eng ENG,FW,Chelsea,18,2000,9.6,40.0,49.6,80.7,750.8,155.3,19.7,22.4,87.9,13.3,15.6,85.3,6.25,9.17,68.2,0.52,0.28,0.24,2.19,1.88,3.13,1.04,3.85,Matches
203,Will Hughes\Will-Hughes,eng ENG,MFFW,Watford,24,1995,25.0,27.1,36.8,73.6,424.5,149.1,15.4,18.2,84.6,8.84,11.2,78.9,2.08,5.12,40.6,0.04,0.05,-0.01,0.88,2.48,0.92,0.16,2.92,Matches
204,Pierre H?jbjerg\Pierre-Hojbjerg,dk DEN,MF,Southampton,23,1995,30.6,46.2,59.2,78.1,878.2,226.2,19.9,22.9,86.8,19.1,23.7,80.6,6.44,10.6,61.0,0.03,0.07,-0.04,0.98,4.77,1.08,0.16,4.41,Matches
205,Jordon Ibe\Jordon-Ibe,eng ENG,DF,Bournemouth,23,1995,0.6,28.3,36.7,77.3,548.3,240.0,13.3,18.3,72.7,11.7,11.7,100.0,3.33,3.33,100.0,0.00,0.00,0.00,0.00,3.33,1.67,0.00,5.00,Matches
206,Adam Idah\Adam-Idah,ie IRL,FWMF,Norwich City,18,2001,2.5,14.8,19.2,77.1,198.0,32.4,8.80,10.8,81.5,2.40,2.80,85.7,2.00,2.00,100.0,0.00,0.04,-0.04,0.40,2.00,0.00,0.00,1.20,Matches
207,Odion Ighalo\Odion-Ighalo,ng NGA,FW,Manchester Utd,30,1989,1.1,19.1,20.9,91.3,253.6,20.0,13.6,15.5,88.2,3.64,3.64,100.0,1.82,1.82,100.0,0.00,0.09,-0.09,1.82,0.91,0.91,0.00,0.91,Matches
208,Kelechi Iheanacho\Kelechi-Iheanacho,ng NGA,FW,Leicester City,22,1996,10.7,20.3,25.0,81.0,292.0,58.8,12.9,14.3,90.2,5.42,6.92,78.4,1.12,1.59,70.6,0.28,0.22,0.06,1.50,1.03,0.75,0.00,2.43,Matches
209,Danny Ings\Danny-Ings,eng ENG,FW,Southampton,27,1992,31.2,14.0,21.7,64.5,216.9,57.6,7.85,10.5,74.5,4.33,6.47,66.8,1.09,2.85,38.2,0.06,0.09,-0.02,1.09,1.25,0.87,0.22,2.08,Matches
210,Alex Iwobi\Alex-Iwobi,ng NGA,MFFW,Everton,23,1996,17.7,26.1,34.7,75.2,521.0,166.2,9.77,11.9,82.0,11.6,14.4,80.8,4.24,6.33,67.0,0.00,0.13,-0.13,1.24,3.22,1.81,0.51,5.03,Matches
211,Phil Jagielka\Phil-Jagielka,eng ENG,DF,Sheffield Utd,36,1982,2.7,21.9,27.0,80.8,453.0,129.3,7.04,7.78,90.5,11.9,13.3,88.9,2.96,5.93,50.0,0.00,0.00,0.00,0.00,0.74,0.37,0.37,1.11,Matches
212,Alireza Jahanbakhsh\Alireza-Jahanbakhsh,ir IRN,FWMF,Brighton,25,1993,3.5,24.0,40.0,60.0,334.3,107.7,15.4,18.6,83.1,6.29,13.1,47.8,1.71,5.71,30.0,0.00,0.00,0.00,0.57,0.57,0.86,0.29,2.29,Matches
213,Daniel James\Daniel-James,wal WAL,FW,Manchester Utd,21,1997,25.4,23.1,31.6,73.0,354.7,84.4,13.5,16.0,84.0,7.28,9.57,76.1,1.57,2.99,52.6,0.24,0.16,0.08,1.02,1.34,1.14,0.35,2.36,Matches
214,Matty James\Matty-James,eng ENG,MF,Leicester City,28,1991,0.1,60.0,60.0,100.0,870.0,210.0,30.0,30.0,100.0,30.0,30.0,100.0,0.00,0.00,,0.00,0.00,0.00,0.00,0.00,0.00,0.00,10.0,Matches
215,Reece James\Reece-James,eng ENG,DF,Chelsea,19,1999,16.8,62.8,75.5,83.2,1153.1,342.0,27.7,30.3,91.6,26.9,31.2,86.3,7.32,11.5,63.7,0.12,0.19,-0.07,1.43,3.45,1.85,0.77,4.88,Matches
216,Daryl Janmaat\Daryl-Janmaat,nl NED,DF,Watford,30,1989,6.7,38.4,50.9,75.4,640.7,253.7,19.9,22.5,88.1,14.2,16.9,84.1,3.28,8.81,37.3,0.15,0.06,0.09,1.04,3.43,1.49,0.75,4.93,Matches
217,Gabriel Jesus\Gabriel-Jesus,br BRA,FW,Manchester City,22,1997,22.6,23.5,26.9,87.5,337.7,39.9,14.1,15.5,90.9,6.90,7.74,89.1,1.28,1.59,80.6,0.31,0.17,0.14,1.33,0.93,0.62,0.04,1.11,Matches
218,Raúl Jiménez\Raul-Jimenez,mx MEX,FW,Wolves,28,1991,36.0,20.3,28.0,72.5,329.2,75.6,11.6,14.1,82.2,5.75,7.58,75.8,2.19,3.64,60.3,0.17,0.16,0.01,1.17,1.75,0.67,0.11,2.19,Matches
219,Joelinton\Joelinton,br BRA,FW,Newcastle Utd,22,1996,29.8,21.5,26.9,79.9,318.6,57.1,12.7,14.9,85.3,6.38,8.09,78.8,1.58,2.08,75.8,0.07,0.08,-0.01,0.94,1.44,0.40,0.07,1.58,Matches
220,Ben Johnson\Ben-Johnson,eng ENG,DF,West Ham,19,2000,3.0,37.0,53.7,68.9,649.0,320.0,21.7,23.7,91.5,10.7,16.3,65.3,4.00,10.3,38.7,0.00,0.07,-0.07,0.67,4.67,1.33,1.00,5.67,Matches
221,Curtis Jones\Curtis-Jones,eng ENG,MF,Liverpool,18,2001,1.4,79.3,91.4,86.7,1316.4,322.9,42.1,45.7,92.2,31.4,37.1,84.6,5.00,5.71,87.5,0.00,0.00,0.00,0.00,7.86,2.14,0.00,8.57,Matches
222,Phil Jones\Phil-Jones,eng ENG,DF,Manchester Utd,27,1992,1.5,52.7,59.3,88.8,925.3,265.3,22.7,24.0,94.4,24.0,26.7,90.0,4.67,6.67,70.0,0.00,0.00,0.00,0.00,4.00,0.00,0.00,0.67,Matches
223,Bruno Jord?o\Bruno-Jordao,pt POR,FW,Wolves,20,1998,0.1,20.0,50.0,40.0,470.0,110.0,10.0,30.0,33.3,0.00,10.0,0.0,10.0,10.0,100.0,0.00,0.00,0.00,0.00,0.00,0.00,0.00,10.0,Matches
224,Jorginho\Jorginho,it ITA,MF,Chelsea,27,1991,26.4,74.1,84.1,88.0,1421.4,345.0,30.9,33.4,92.5,30.8,34.3,89.8,11.0,14.3,77.0,0.08,0.09,-0.01,0.87,9.02,1.14,0.04,7.05,Matches
225,Jota\Jota,es ESP,FWMF,Aston Villa,28,1991,3.7,19.7,26.5,74.5,380.5,168.9,9.46,10.8,87.5,7.30,10.0,73.0,2.70,4.59,58.8,0.27,0.16,0.11,1.35,2.97,1.62,0.00,5.14,Matches
226,Diogo Jota\Diogo-Jota,pt POR,FWMF,Wolves,22,1996,25.4,26.8,33.9,79.1,439.7,82.0,14.3,16.9,84.2,9.29,11.6,80.0,2.44,3.23,75.6,0.04,0.15,-0.11,1.26,1.54,0.83,0.24,2.20,Matches
227,James Justin\James-Justin,eng ENG,DF,Leicester City,21,1998,11.2,58.0,71.5,81.1,966.3,323.6,28.9,32.0,90.5,23.9,27.2,87.9,4.38,8.84,49.5,0.09,0.10,-0.01,1.16,3.66,1.25,0.63,4.64,Matches
228,Christian Kabasele\Christian-Kabasele,be BEL,DF,Watford,28,1991,25.0,19.4,25.4,76.1,444.0,165.7,5.20,5.96,87.2,9.40,10.9,86.4,4.40,7.88,55.8,0.08,0.02,0.06,0.12,1.52,0.00,0.00,1.36,Matches
229,Harry Kane\Harry-Kane,eng ENG,FW,Tottenham,26,1993,28.7,13.7,20.6,66.6,241.6,64.4,6.69,8.92,75.0,4.77,6.48,73.7,1.81,3.52,51.5,0.07,0.08,-0.01,0.84,1.67,0.59,0.10,2.16,Matches
230,N'Golo Kanté\NGolo-Kante,fr FRA,MF,Chelsea,28,1991,19.2,50.8,59.4,85.5,903.0,217.1,22.8,26.0,87.8,20.8,23.4,88.9,5.68,6.88,82.6,0.00,0.11,-0.11,1.35,5.47,1.46,0.47,5.00,Matches
231,Moise Kean\Moise-Kean,it ITA,FW,Everton,19,2000,9.5,10.9,14.9,73.2,151.4,35.6,5.58,7.26,76.8,3.47,4.00,86.8,0.74,1.16,63.6,0.21,0.11,0.11,0.84,0.53,0.74,0.21,1.16,Matches
232,Michael Keane\Michael-Keane,eng ENG,DF,Everton,26,1993,28.4,41.1,48.6,84.6,957.7,301.1,8.03,8.98,89.4,23.8,26.3,90.4,8.87,12.4,71.6,0.00,0.02,-0.02,0.21,2.43,0.11,0.00,2.50,Matches
233,Naby Ke?ta\Naby-Keita,gn GUI,MF,Liverpool,24,1995,9.1,66.8,75.2,88.9,1064.6,262.5,36.0,38.4,94.0,24.7,27.7,89.3,4.73,6.48,72.9,0.33,0.25,0.08,1.65,8.13,1.76,0.22,6.92,Matches
234,Lloyd Kelly\Lloyd-Kelly,eng ENG,DF,Bournemouth,20,1998,7.1,23.7,32.5,72.7,517.2,192.8,7.04,8.31,84.7,11.3,13.7,82.5,4.93,9.15,53.8,0.00,0.03,-0.03,0.28,0.70,0.00,0.00,0.70,Matches
235,Martin Kelly\Martin-Kelly,eng ENG,DF,Crystal Palace,29,1990,17.2,28.7,38.9,73.7,559.6,245.7,11.2,13.0,85.7,12.5,15.8,79.0,4.53,8.60,52.7,0.06,0.05,0.01,0.35,1.51,0.41,0.35,1.57,Matches
236,Max Kilman\Max-Kilman,eng ENG,DF,Wolves,22,1997,2.1,34.3,42.9,80.0,662.4,260.5,10.5,12.4,84.6,21.4,22.9,93.8,1.90,6.19,30.8,0.00,0.00,0.00,0.00,1.90,0.00,0.00,4.29,Matches
237,Joshua King\Joshua-King,no NOR,FWMF,Bournemouth,27,1992,22.3,16.2,22.3,72.7,244.0,56.9,9.46,11.7,80.8,5.16,6.95,74.2,1.08,1.61,66.7,0.18,0.17,0.01,1.26,0.90,0.85,0.22,1.75,Matches
238,Timm Klose\Timm-Klose,ch SUI,DF,Norwich City,31,1988,6.5,50.9,59.8,85.1,1018.0,278.3,17.4,19.4,89.7,26.0,27.7,93.9,7.08,11.4,62.2,0.00,0.00,0.00,0.00,1.38,0.15,0.00,2.31,Matches
239,Jonathan Kodjia\Jonathan-Kodjia,ci CIV,FWMF,Aston Villa,29,1989,1.3,14.6,23.1,63.3,237.7,6.15,6.92,11.5,60.0,7.69,10.8,71.4,0.00,0.00,,0.00,0.00,0.00,0.00,0.77,0.00,0.00,0.00,Matches
240,Sead Kolašinac\Sead-Kolasinac,ba BIH,DF,Arsenal,26,1993,18.9,46.0,54.6,84.3,758.0,234.3,23.1,25.3,91.2,19.9,23.6,84.5,2.54,4.02,63.2,0.11,0.05,0.05,0.48,2.75,0.79,0.26,3.39,Matches
241,Ezri Konsa\Ezri-Konsa,eng ENG,DF,Aston Villa,21,1997,22.7,29.7,37.6,79.0,613.5,217.2,9.96,11.1,90.0,14.4,17.0,84.7,4.98,8.68,57.4,0.09,0.02,0.07,0.40,1.98,0.22,0.09,1.94,Matches
242,Cheikhou Kouyaté\Cheikhou-Kouyate,sn SEN,MFDF,Crystal Palace,29,1989,28.1,23.2,30.6,75.9,377.7,115.7,12.1,14.9,81.1,8.08,10.0,80.5,2.24,3.59,62.4,0.04,0.03,0.01,0.28,1.39,0.28,0.04,1.92,Matches
243,Mateo Kovaèiæ\Mateo-Kovacic,hr CRO,MF,Chelsea,25,1994,23.0,72.4,80.3,90.2,1411.4,345.6,29.7,31.4,94.5,30.7,33.3,92.3,11.0,13.7,80.0,0.13,0.08,0.05,1.26,7.65,1.13,0.09,7.22,Matches
244,Emil Krafth\Emil-Krafth,se SWE,DF,Newcastle Utd,24,1994,11.3,28.0,38.3,73.0,498.7,235.8,13.3,14.9,89.3,11.9,16.2,73.8,2.48,5.58,44.4,0.09,0.04,0.05,0.09,1.95,0.27,0.18,2.39,Matches
245,Tim Krul\Tim-Krul,nl NED,GK,Norwich City,31,1988,36.0,29.1,43.1,67.5,910.8,534.0,3.53,3.53,100.0,13.4,13.6,99.0,12.1,25.8,46.9,0.00,0.00,0.00,0.00,0.31,0.00,0.00,0.06,Matches
246,Alexandre Lacazette\Alexandre-Lacazette,fr FRA,FW,Arsenal,28,1991,20.8,18.6,24.0,77.6,282.1,51.2,10.6,12.3,86.7,5.43,6.83,79.6,1.54,2.69,57.1,0.19,0.15,0.04,1.06,1.35,1.11,0.29,1.44,Matches
247,Adam Lallana\Adam-Lallana,eng ENG,MFFW,Liverpool,31,1988,4.2,54.5,64.3,84.8,809.0,188.1,31.7,33.8,93.7,19.0,23.1,82.5,2.38,3.81,62.5,0.24,0.17,0.07,1.19,5.48,0.95,0.00,4.29,Matches
248,Érik Lamela\Erik-Lamela,ar ARG,MFFW,Tottenham,27,1992,13.5,34.7,44.1,78.7,538.5,105.0,19.0,21.5,88.3,11.6,13.7,84.9,2.67,5.70,46.8,0.07,0.12,-0.04,1.26,2.00,1.41,0.07,3.11,Matches
249,Tariq Lamptey\Tariq-Lamptey,eng ENG,DF,Chelsea,18,2000,0.4,30.0,35.0,85.7,587.5,200.0,10.0,12.5,80.0,20.0,20.0,100.0,0.00,0.00,,0.00,0.25,-0.25,2.50,0.00,2.50,0.00,2.50,Matches
250,Tariq Lamptey\Tariq-Lamptey,eng ENG,DF,Brighton,18,2000,6.5,26.6,36.2,73.6,446.9,129.5,12.8,15.4,83.0,11.8,15.8,74.8,1.85,3.54,52.2,0.15,0.09,0.06,0.62,1.69,0.92,0.77,2.00,Matches
251,Henri Lansbury\Henri-Lansbury,eng ENG,MF,Aston Villa,28,1990,2.2,27.3,36.8,74.1,597.7,115.5,11.4,13.2,86.2,10.0,15.0,66.7,5.45,7.27,75.0,0.00,0.05,-0.05,0.91,4.09,0.00,0.00,2.27,Matches
252,Manuel Lanzini\Manuel-Lanzini,ar ARG,MFFW,West Ham,26,1993,15.3,44.1,52.2,84.5,716.3,203.7,24.2,26.8,90.2,13.5,15.4,87.7,4.44,7.12,62.4,0.13,0.16,-0.03,2.03,4.25,0.98,0.20,4.71,Matches
253,Aymeric Laporte\Aymeric-Laporte,fr FRA,DF,Manchester City,25,1994,12.2,85.3,91.3,93.4,1842.6,556.1,25.2,26.2,95.9,44.2,45.7,96.6,15.7,18.4,85.3,0.00,0.01,-0.01,0.08,8.85,0.08,0.00,6.39,Matches
254,Jamaal Lascelles\Jamaal-Lascelles,eng ENG,DF,Newcastle Utd,25,1993,23.1,28.9,35.1,82.5,631.3,155.3,7.75,8.96,86.5,15.5,17.7,87.1,5.28,7.40,71.3,0.00,0.00,-0.00,0.09,1.08,0.09,0.00,0.74,Matches
255,Valentino Lazaro\Valentino-Lazaro,at AUT,DFMF,Newcastle Utd,23,1996,5.3,29.8,36.6,81.4,502.6,198.3,15.1,15.8,95.2,10.6,12.6,83.6,3.21,6.79,47.2,0.00,0.04,-0.04,1.13,1.51,0.75,0.19,1.13,Matches
256,Moritz Leitner\Moritz-Leitner,de GER,MF,Norwich City,26,1992,7.6,62.1,72.8,85.4,1032.1,228.6,32.2,35.1,91.8,22.6,25.5,88.7,5.66,9.08,62.3,0.00,0.04,-0.04,1.05,6.71,2.11,0.26,5.39,Matches
257,Florian Lejeune\Florian-Lejeune,fr FRA,DF,Newcastle Utd,28,1991,4.9,27.8,38.2,72.7,586.9,219.8,9.18,11.2,81.8,14.1,16.3,86.3,4.49,10.0,44.9,0.00,0.02,-0.02,0.20,1.84,0.00,0.00,2.04,Matches
258,Aaron Lennon\Aaron-Lennon,eng ENG,MF,Burnley,32,1987,5.5,16.7,23.8,70.2,260.7,63.1,9.82,11.8,83.1,5.27,6.36,82.9,1.09,3.09,35.3,0.00,0.02,-0.02,0.36,1.09,0.36,0.18,1.45,Matches
259,Bernd Leno\Bernd-Leno,de GER,GK,Arsenal,27,1992,29.4,25.2,33.7,74.9,622.3,333.4,5.78,5.82,99.4,13.3,13.5,98.5,5.92,14.1,42.0,0.00,0.00,0.00,0.00,0.10,0.00,0.00,0.00,Matches
260,Jefferson Lerma\Jefferson-Lerma,co COL,MF,Bournemouth,24,1994,30.0,36.4,45.9,79.3,732.1,217.6,14.1,16.7,84.6,15.5,18.3,85.0,6.13,9.57,64.1,0.07,0.06,0.01,0.40,3.97,0.53,0.00,3.97,Matches
261,Jamal Lewis\Jamal-Lewis,nir NIR,DF,Norwich City,21,1998,25.6,40.5,51.0,79.3,671.5,247.7,20.9,23.3,89.8,16.4,20.1,81.5,2.62,5.35,48.9,0.00,0.04,-0.04,0.59,1.64,0.78,0.31,3.24,Matches
262,Victor Lindelöf\Victor-Lindelof,se SWE,DF,Manchester Utd,25,1994,34.4,51.3,58.5,87.6,1033.6,320.2,16.4,17.7,92.5,27.8,29.8,93.4,6.60,9.88,66.8,0.00,0.01,-0.01,0.12,2.38,0.03,0.00,2.70,Matches
263,Jesse Lingard\Jesse-Lingard,eng ENG,MFFW,Manchester Utd,26,1992,10.4,33.8,39.3,85.8,495.7,95.7,18.8,21.1,89.0,11.7,13.3,88.4,1.83,2.60,70.4,0.00,0.09,-0.09,1.63,2.98,0.96,0.00,2.88,Matches
264,Hugo Lloris\Hugo-Lloris,fr FRA,GK,Tottenham,32,1986,20.1,19.7,28.3,69.5,651.8,428.7,4.28,4.33,98.9,6.57,6.72,97.8,8.66,17.1,50.7,0.00,0.00,0.00,0.00,0.50,0.00,0.00,0.00,Matches
265,Giovani Lo Celso\Giovani-Lo-Celso,ar ARG,MFFW,Tottenham,23,1996,16.6,50.1,60.5,82.8,926.2,239.5,22.8,25.2,90.2,19.3,22.2,87.0,6.99,11.0,63.7,0.12,0.13,-0.01,1.75,5.42,1.63,0.12,5.30,Matches
266,Jürgen Locadia\Jurgen-Locadia,nl NED,MFFW,Brighton,25,1993,1.0,9.00,19.0,47.4,135.0,7.00,6.00,10.0,60.0,3.00,5.00,60.0,0.00,1.00,0.0,0.00,0.00,0.00,0.00,0.00,0.00,0.00,0.00,Matches
267,Ruben Loftus-Cheek\Ruben-Loftus-Cheek,eng ENG,MFFW,Chelsea,23,1996,2.3,50.4,57.0,88.5,798.7,147.0,27.0,30.4,88.6,17.8,20.0,89.1,4.35,4.78,90.9,0.43,0.13,0.30,0.43,4.78,0.87,0.00,3.48,Matches
268,Kevin Long\Kevin-Long,ie IRL,DF,Burnley,28,1990,6.3,22.4,29.5,75.8,506.8,144.1,6.35,8.25,76.9,10.5,12.7,82.5,5.08,7.78,65.3,0.00,0.00,0.00,0.00,1.11,0.00,0.00,1.11,Matches
269,Shane Long\Shane-Long,ie IRL,FW,Southampton,32,1987,15.5,14.6,26.1,55.8,190.1,50.7,10.0,15.2,65.7,2.97,6.45,46.0,0.65,1.74,37.0,0.13,0.09,0.04,0.97,1.10,0.58,0.26,1.81,Matches
270,Matthew Longstaff\Matthew-Longstaff,eng ENG,MF,Newcastle Utd,19,2000,6.4,30.2,37.0,81.4,563.6,102.0,12.7,14.4,88.0,12.7,14.7,86.2,4.38,6.72,65.1,0.00,0.03,-0.03,0.47,1.88,0.63,0.16,1.72,Matches
271,Sean Longstaff\Sean-Longstaff,eng ENG,MF,Newcastle Utd,21,1997,15.3,33.7,42.9,78.4,664.1,160.9,13.1,15.5,84.8,15.2,17.2,88.6,4.71,8.63,54.5,0.07,0.07,0.00,0.98,2.75,0.26,0.07,2.48,Matches
272,Dejan Lovren\Dejan-Lovren,hr CRO,DF,Liverpool,30,1989,8.6,61.6,70.1,87.9,1394.1,408.6,16.4,17.7,92.8,32.6,34.4,94.6,12.6,17.4,72.0,0.12,0.05,0.07,0.12,5.00,0.47,0.00,3.95,Matches
273,Matthew Lowton\Matthew-Lowton,eng ENG,DF,Burnley,30,1989,17.0,29.2,42.7,68.5,577.5,246.8,11.8,12.9,90.9,12.5,17.1,72.9,4.59,11.3,40.6,0.06,0.06,0.00,0.71,2.71,0.94,0.24,3.76,Matches
274,David Luiz\David-Luiz,br BRA,DF,Arsenal,32,1987,31.2,47.5,54.9,86.5,1178.8,341.3,8.97,9.78,91.8,25.4,26.4,96.1,12.8,18.0,70.8,0.03,0.03,0.00,0.13,3.17,0.29,0.03,2.47,Matches
275,Douglas Luiz\Douglas-Luiz,br BRA,MF,Aston Villa,21,1998,29.0,33.9,41.9,80.9,719.7,166.1,12.3,14.1,86.8,14.6,17.1,84.9,6.72,9.79,68.7,0.07,0.05,0.02,0.55,3.93,0.69,0.14,3.41,Matches
276,John Lundstram\John-Lundstram,eng ENG,MF,Sheffield Utd,25,1994,27.3,35.4,44.0,80.4,674.8,140.9,16.7,19.3,86.9,12.6,15.0,84.4,5.24,7.77,67.5,0.11,0.08,0.03,0.70,2.82,1.14,0.22,3.08,Matches
277,Alexis Mac Allister\Alexis-Mac-Allister,ar ARG,MFFW,Brighton,20,1998,3.9,21.5,33.3,64.6,379.2,92.6,9.74,12.3,79.2,9.49,12.3,77.1,2.05,7.95,25.8,0.00,0.08,-0.08,1.28,1.79,0.26,0.26,1.54,Matches
278,James Maddison\James-Maddison,eng ENG,MF,Leicester City,22,1996,29.2,43.9,57.3,76.6,888.4,266.4,17.2,19.6,87.4,18.4,21.6,85.4,7.57,14.2,53.4,0.10,0.25,-0.15,2.88,5.27,1.54,0.21,5.89,Matches
279,Harry Maguire\Harry-Maguire,eng ENG,DF,Manchester Utd,26,1993,38.0,56.0,63.2,88.5,1235.1,310.3,14.5,16.0,90.6,30.5,32.8,93.0,10.4,13.6,76.4,0.03,0.02,0.01,0.42,4.39,0.05,0.00,2.58,Matches
280,Riyad Mahrez\Riyad-Mahrez,dz ALG,FW,Manchester City,28,1991,21.6,46.7,55.0,84.9,861.3,204.4,21.3,23.1,91.8,18.5,21.4,86.6,6.16,8.52,72.3,0.42,0.41,0.01,2.69,2.45,3.33,0.37,5.56,Matches
281,Ainsley Maitland-Niles\Ainsley-Maitland-Niles,eng ENG,DF,Arsenal,21,1997,15.4,53.6,64.9,82.6,916.9,309.2,25.5,28.4,89.7,21.5,25.0,86.0,5.45,8.83,61.8,0.13,0.10,0.03,0.65,3.18,0.84,0.32,3.31,Matches
282,Sadio Mané\Sadio-Mane,sn SEN,FW,Liverpool,27,1992,30.5,30.6,38.1,80.3,511.6,126.8,15.9,18.4,86.4,10.8,13.3,81.0,3.15,4.20,75.0,0.23,0.24,-0.01,1.84,2.13,2.20,0.36,3.93,Matches
283,Javier Manquillo\Javier-Manquillo,es ESP,DF,Newcastle Utd,25,1994,17.8,25.4,35.5,71.5,422.3,158.5,12.9,15.2,84.5,9.89,13.6,72.7,1.91,4.72,40.5,0.06,0.02,0.03,0.34,1.52,0.28,0.22,1.52,Matches
284,Solly March\Solly-March,eng ENG,DFFW,Brighton,25,1994,12.7,34.3,47.3,72.4,637.5,183.6,15.7,18.3,86.2,14.3,18.3,78.0,4.02,8.58,46.8,0.08,0.06,0.02,1.02,1.42,1.57,0.55,3.39,Matches
285,Pablo Marí\Pablo-Mari,es ESP,DF,Arsenal,25,1993,1.3,62.3,70.0,89.0,1343.1,278.5,22.3,23.1,96.7,27.7,27.7,100.0,12.3,17.7,69.6,0.00,0.00,0.00,0.00,3.08,0.00,0.00,3.08,Matches
286,Adrian Mariappa\Adrian-Mariappa,jm JAM,DF,Watford,32,1986,16.8,25.4,34.8,72.8,504.2,224.5,9.05,10.4,87.4,12.1,16.1,75.6,3.63,7.32,49.6,0.00,0.02,-0.02,0.24,1.90,0.18,0.18,2.20,Matches
287,Anthony Martial\Anthony-Martial,fr FRA,FW,Manchester Utd,23,1995,29.2,19.7,24.7,79.8,274.4,58.7,12.3,14.2,86.7,5.75,7.05,81.6,0.75,1.06,71.0,0.21,0.14,0.07,1.06,1.23,1.13,0.03,2.19,Matches
288,David Martin\David-Martin,eng ENG,GK,West Ham,33,1986,4.8,11.5,25.8,44.4,595.4,502.3,0.21,0.21,100.0,2.08,2.08,100.0,9.17,23.5,38.9,0.00,0.00,0.00,0.00,0.42,0.00,0.00,0.00,Matches
289,Josh Martin\Josh-Martin,eng ENG,FW,Norwich City,17,2001,0.4,30.0,40.0,75.0,345.0,72.5,25.0,27.5,90.9,5.00,10.0,50.0,0.00,0.00,,0.00,0.00,0.00,0.00,2.50,0.00,0.00,0.00,Matches
290,Martinelli\Martinelli,br BRA,FW,Arsenal,18,2001,7.4,11.6,18.6,62.3,168.0,50.4,7.84,10.3,76.3,2.57,5.27,48.7,0.95,1.35,70.0,0.00,0.04,-0.04,0.27,0.27,0.81,0.14,1.35,Matches
291,Emiliano Martínez\Emiliano-Martinez,ar ARG,GK,Arsenal,26,1992,8.6,24.7,34.1,72.4,670.3,367.7,5.12,5.12,100.0,12.4,12.8,97.3,6.63,15.6,42.5,0.00,0.00,0.00,0.00,0.70,0.00,0.00,0.00,Matches
292,Adam Masina\Adam-Masina,it ITA,DF,Watford,25,1994,20.2,28.8,46.2,62.3,592.5,298.7,11.2,13.4,84.1,12.3,18.2,67.6,4.75,12.4,38.4,0.00,0.03,-0.03,0.64,2.82,0.74,0.59,2.97,Matches
293,Arthur Masuaku\Arthur-Masuaku,cd COD,DF,West Ham,25,1993,10.4,45.4,56.5,80.3,725.1,288.7,25.8,28.5,90.5,14.7,18.1,81.4,3.75,6.83,54.9,0.10,0.10,0.00,0.58,2.60,0.48,0.29,3.65,Matches
294,Juan Mata\Juan-Mata,es ESP,MFFW,Manchester Utd,31,1988,8.4,52.6,62.3,84.5,834.6,193.5,30.7,32.3,95.2,16.3,19.4,84.0,4.88,7.74,63.1,0.24,0.24,0.00,2.26,4.88,2.14,0.24,4.76,Matches
295,Nemanja Matiæ\Nemanja-Matic,rs SRB,MF,Manchester Utd,30,1988,17.6,62.2,70.5,88.3,1147.0,289.3,27.1,29.5,91.9,27.1,29.3,92.6,7.50,10.2,73.7,0.11,0.07,0.05,0.97,6.65,0.68,0.06,5.57,Matches
296,Joël Matip\Joel-Matip,cm CMR,DF,Liverpool,27,1991,7.8,57.4,65.9,87.2,1314.9,402.1,12.6,13.7,91.6,33.8,36.2,93.6,10.9,15.6,69.7,0.00,0.00,0.00,0.00,5.90,0.26,0.00,5.00,Matches
297,Neal Maupay\Neal-Maupay,fr FRA,FW,Brighton,22,1996,30.7,17.6,22.4,78.5,275.7,47.5,9.48,11.5,82.2,5.83,6.91,84.4,1.37,1.92,71.2,0.10,0.08,0.02,0.85,0.91,0.88,0.10,1.76,Matches
298,James McArthur\James-McArthur,sco SCO,MF,Crystal Palace,31,1987,34.3,33.6,43.0,78.2,593.5,186.5,15.2,17.5,87.0,13.7,16.5,83.2,3.73,6.47,57.7,0.09,0.08,0.01,0.96,3.67,0.70,0.09,3.85,Matches
299,Oliver McBurnie\Oliver-McBurnie,sco SCO,FW,Sheffield Utd,23,1996,23.5,17.3,26.8,64.5,251.1,66.6,10.4,14.6,71.2,5.15,8.34,61.7,1.02,1.62,63.2,0.00,0.06,-0.06,0.51,1.15,0.55,0.00,2.17,Matches
300,Alex McCarthy\Alex-McCarthy,eng ENG,GK,Southampton,29,1989,28.0,15.8,29.1,54.1,622.5,461.5,1.82,1.96,92.7,5.21,5.32,98.0,8.68,21.8,39.9,0.00,0.00,0.00,0.04,0.96,0.04,0.00,0.00,Matches
301,James McCarthy\James-McCarthy,ie IRL,MF,Crystal Palace,28,1990,18.7,33.7,43.7,77.0,679.0,188.0,12.8,15.3,83.6,13.2,15.0,87.9,6.15,10.8,56.9,0.00,0.04,-0.04,0.96,3.32,0.43,0.00,2.89,Matches
302,John McGinn\John-McGinn,sco SCO,MF,Aston Villa,24,1994,25.7,22.7,30.0,75.6,530.2,151.1,7.39,8.79,84.1,9.38,11.4,82.5,5.45,8.40,64.8,0.12,0.09,0.02,1.56,2.76,1.17,0.35,3.50,Matches
303,David McGoldrick\David-McGoldrick,ie IRL,FW,Sheffield Utd,31,1987,20.2,23.5,30.8,76.2,391.2,63.9,12.1,14.6,83.0,9.16,11.6,78.7,1.88,3.17,59.4,0.10,0.10,-0.00,0.79,1.34,0.45,0.15,1.68,Matches
304,Michael McGovern\Michael-McGovern,nir NIR,GK,Norwich City,35,1984,1.8,17.2,28.3,60.8,459.4,300.6,4.44,4.44,100.0,4.44,4.44,100.0,7.22,18.3,39.4,0.00,0.00,0.00,0.00,0.00,0.00,0.00,0.00,Matches
305,Kenny McLean\Kenny-McLean,sco SCO,MF,Norwich City,27,1992,33.0,40.1,51.2,78.4,709.9,236.5,19.4,22.6,85.9,15.1,18.1,83.6,4.64,8.36,55.4,0.03,0.07,-0.04,0.79,3.97,0.58,0.15,4.27,Matches
306,Dwight McNeil\Dwight-McNeil,eng ENG,MF,Burnley,19,1999,37.1,23.6,34.4,68.4,457.5,145.3,11.4,13.3,86.0,7.52,10.2,74.0,4.20,8.65,48.6,0.16,0.18,-0.02,1.48,2.45,1.11,0.78,1.94,Matches
307,Scott McTominay\Scott-McTominay,sco SCO,MF,Manchester Utd,22,1996,19.7,41.4,50.5,82.0,842.7,207.3,15.8,18.8,83.8,17.9,20.6,86.7,7.26,9.70,74.9,0.05,0.04,0.02,0.71,4.47,0.56,0.10,4.16,Matches
308,Ben Mee\Ben-Mee,eng ENG,DF,Burnley,29,1989,32.0,27.3,36.6,74.7,645.9,248.0,7.31,8.25,88.6,12.8,15.0,85.8,6.97,12.8,54.4,0.03,0.02,0.01,0.19,1.84,0.03,0.00,1.66,Matches
309,Benjamin Mendy\Benjamin-Mendy,fr FRA,DF,Manchester City,25,1994,16.6,66.7,77.4,86.2,1195.7,349.5,29.2,31.6,92.6,31.2,35.0,89.2,5.60,8.61,65.0,0.12,0.08,0.04,1.20,3.31,2.29,1.20,6.93,Matches
310,Nampalys Mendy\Nampalys-Mendy,fr FRA,MF,Leicester City,27,1992,3.2,60.6,66.3,91.5,1069.7,240.3,24.4,27.2,89.7,30.0,30.6,98.0,5.00,6.56,76.2,0.00,0.03,-0.03,0.94,6.88,0.31,0.00,3.13,Matches
311,Chris Mepham\Chris-Mepham,wal WAL,DF,Bournemouth,21,1997,10.1,41.0,47.8,85.7,869.3,277.7,11.3,12.6,89.8,22.9,25.2,90.6,6.53,9.21,71.0,0.00,0.01,-0.01,0.10,1.58,0.00,0.00,2.28,Matches
312,Max Meyer\Max-Meyer,de GER,MFFW,Crystal Palace,23,1995,7.3,21.9,29.2,75.1,301.6,83.3,13.6,15.8,86.1,6.03,7.40,81.5,0.96,2.47,38.9,0.00,0.10,-0.10,0.68,1.64,1.10,0.27,2.19,Matches
313,Luka Milivojeviæ\Luka-Milivojevic,rs SRB,MF,Crystal Palace,28,1991,27.9,41.6,54.0,77.1,890.5,293.5,13.8,15.8,87.3,19.0,21.7,87.4,8.14,15.2,53.7,0.04,0.06,-0.03,1.00,3.73,0.32,0.00,3.73,Matches
314,James Milner\James-Milner,eng ENG,MFDF,Liverpool,33,1986,10.4,63.8,74.3,85.9,1298.8,318.7,22.8,25.0,91.2,30.6,33.2,92.2,10.1,14.1,71.4,0.19,0.07,0.13,0.87,6.54,1.06,0.10,6.15,Matches
315,Yerry Mina\Yerry-Mina,co COL,DF,Everton,24,1994,25.4,42.1,49.3,85.5,1005.9,283.6,9.41,10.6,88.8,21.9,24.4,89.7,10.6,13.6,77.7,0.04,0.01,0.03,0.16,1.97,0.04,0.00,2.40,Matches
316,Takumi Minamino\Takumi-Minamino,jp JPN,FWMF,Liverpool,24,1995,2.8,35.0,39.6,88.3,523.2,66.4,19.3,21.4,90.0,12.5,13.9,89.7,1.79,2.50,71.4,0.00,0.00,0.00,0.36,1.07,1.43,0.36,1.79,Matches
317,Tyrone Mings\Tyrone-Mings,eng ENG,DF,Aston Villa,26,1993,32.2,32.8,41.4,79.1,812.5,257.5,6.86,7.67,89.5,17.0,18.3,92.5,8.73,14.5,60.2,0.06,0.02,0.04,0.22,2.02,0.12,0.03,1.55,Matches
318,Tyrick Mitchell\Tyrick-Mitchell,eng ENG,DF,Crystal Palace,19,1999,2.2,43.6,54.1,80.7,745.0,386.4,21.8,25.5,85.7,20.5,22.7,90.0,1.36,4.55,30.0,0.00,0.09,-0.09,1.82,3.64,1.36,1.36,4.55,Matches
319,Henrikh Mkhitaryan\Henrikh-Mkhitaryan,am ARM,FW,Arsenal,30,1989,1.2,48.3,64.2,75.3,781.7,184.2,25.0,26.7,93.8,16.7,22.5,74.1,5.00,9.17,54.5,0.00,0.17,-0.17,1.67,2.50,1.67,0.00,5.00,Matches
320,Nacho Monreal\Nacho-Monreal,es ESP,DF,Arsenal,33,1986,3.0,60.7,67.0,90.5,894.7,376.7,35.3,37.3,94.6,22.0,23.7,93.0,2.00,4.00,50.0,0.00,0.10,-0.10,1.00,2.67,0.33,0.00,2.33,Matches
321,Martín Montoya\Martin-Montoya,es ESP,DF,Brighton,28,1991,21.1,47.7,59.5,80.2,837.8,294.5,23.4,26.5,88.2,18.9,22.4,84.4,4.93,8.06,61.2,0.05,0.07,-0.02,0.95,1.94,1.61,0.85,4.27,Matches
322,Simon Moore\Simon-Moore,eng ENG,GK,Sheffield Utd,29,1990,2.0,9.50,24.0,39.6,473.0,368.0,0.00,0.00,,4.00,4.00,100.0,5.50,20.0,27.5,0.00,0.00,0.00,0.00,0.00,0.00,0.00,0.00,Matches
323,Aaron Mooy\Aaron-Mooy,au AUS,MFFW,Brighton,28,1990,23.2,35.6,46.3,76.7,616.9,178.5,18.9,21.1,89.4,11.7,14.0,83.7,4.18,8.62,48.5,0.09,0.15,-0.06,1.68,3.45,1.34,0.30,4.14,Matches
324,Wesley Moraes\Wesley-Moraes,br BRA,FW,Aston Villa,22,1996,19.8,14.0,19.0,73.5,223.1,31.0,7.42,9.85,75.4,4.85,6.21,78.0,1.16,1.72,67.6,0.05,0.04,0.01,0.56,1.06,0.10,0.00,0.61,Matches
325,Wes Morgan\Wes-Morgan,jm JAM,DF,Leicester City,35,1984,4.8,45.8,49.6,92.4,891.9,215.2,11.9,12.7,93.4,29.2,30.8,94.6,4.38,5.21,84.0,0.00,0.00,0.00,0.00,0.63,0.00,0.00,1.67,Matches
326,Ravel Morrison\Ravel-Morrison,jm JAM,MF,Sheffield Utd,26,1993,0.1,40.0,60.0,66.7,530.0,300.0,20.0,30.0,66.7,20.0,20.0,100.0,0.00,0.00,,0.00,0.00,0.00,0.00,20.0,0.00,0.00,10.0,Matches
327,Mason Mount\Mason-Mount,eng ENG,MFFW,Chelsea,20,1999,31.9,35.0,43.3,80.9,559.4,148.7,19.4,21.2,91.7,10.4,13.0,80.2,3.54,6.14,57.7,0.16,0.14,0.01,1.66,3.29,1.07,0.19,3.26,Matches
328,Lucas Moura\Lucas-Moura,br BRA,FWMF,Tottenham,26,1992,24.9,23.3,32.1,72.7,350.8,100.6,13.5,16.1,83.6,7.91,10.8,73.2,1.33,2.85,46.5,0.16,0.10,0.06,1.29,1.73,1.29,0.12,3.09,Matches
329,Lys Mousset\Lys-Mousset,fr FRA,FW,Sheffield Utd,23,1996,13.8,12.8,17.3,73.6,170.4,28.3,8.62,10.3,83.8,3.41,4.78,71.2,0.36,0.80,45.5,0.29,0.18,0.11,0.80,0.65,0.36,0.07,0.87,Matches
330,Jo?o Moutinho\Joao-Moutinho,pt POR,MF,Wolves,32,1986,34.5,46.8,58.6,79.8,1029.8,255.9,14.8,16.6,89.0,21.1,24.2,87.2,10.4,16.2,64.3,0.17,0.18,-0.00,2.32,4.55,0.96,0.35,4.64,Matches
331,Glenn Murray\Glenn-Murray,eng ENG,FW,Brighton,35,1983,8.9,13.0,19.9,65.5,185.7,34.2,7.75,9.78,79.3,3.71,6.40,57.9,1.01,1.91,52.9,0.11,0.06,0.06,0.45,0.79,0.45,0.00,1.24,Matches
332,Shkodran Mustafi\Shkodran-Mustafi,de GER,DF,Arsenal,27,1992,13.4,49.5,59.0,83.9,1166.4,344.9,10.2,11.9,85.6,27.2,30.0,90.5,11.9,15.7,75.7,0.07,0.00,0.07,0.07,3.58,0.07,0.00,3.13,Matches
333,Yoshinori Mut?\Yoshinori-Muto,jp JPN,FWMF,Newcastle Utd,27,1992,2.4,10.8,12.9,83.9,162.5,55.0,5.00,5.83,85.7,4.58,5.00,91.7,0.83,1.25,66.7,0.00,0.04,-0.04,0.83,0.42,0.83,0.42,1.25,Matches
334,Georges-Kévin N'Koudou\Georges-Kevin-NKoudou,fr FRA,FW,Tottenham,24,1995,0.0,0,0,,0,0,0,0,,0,0,,0,0,,0,0.0,0.0,0,0,0,0,,Matches
335,Marvelous Nakamba\Marvelous-Nakamba,zw ZIM,MF,Aston Villa,25,1994,20.4,32.8,38.8,84.5,612.5,129.8,13.7,15.9,86.2,14.3,15.8,90.7,4.22,5.93,71.1,0.00,0.02,-0.02,0.54,1.81,0.20,0.00,1.86,Matches
336,Wilfred Ndidi\Wilfred-Ndidi,ng NGA,MF,Leicester City,22,1996,29.7,47.7,55.5,85.9,890.4,189.6,19.7,22.4,87.8,20.8,23.0,90.4,6.06,7.91,76.6,0.03,0.01,0.02,0.30,4.61,0.13,0.00,2.42,Matches
337,Tanguy Ndombele\Tanguy-Ndombele,fr FRA,MF,Tottenham,22,1996,11.2,47.5,56.2,84.6,840.0,243.8,20.4,23.3,87.4,20.4,22.9,89.5,5.18,7.23,71.6,0.18,0.11,0.07,1.16,4.38,0.89,0.00,5.36,Matches
338,Reiss Nelson\Reiss-Nelson,eng ENG,FW,Arsenal,19,1999,7.0,26.6,33.4,79.5,418.9,115.9,15.3,17.4,87.7,7.86,9.14,85.9,2.43,4.43,54.8,0.00,0.10,-0.10,1.43,1.29,1.29,0.57,2.29,Matches
339,Pedro Neto\Pedro-Neto,pt POR,FWMF,Wolves,19,2000,10.4,29.1,38.2,76.3,473.8,93.8,14.8,16.7,88.5,10.8,13.9,77.2,2.21,3.94,56.1,0.29,0.22,0.07,1.44,1.44,0.77,0.38,2.12,Matches
340,Rúben Neves\Ruben-Neves,pt POR,MF,Wolves,22,1997,34.0,46.7,58.1,80.4,1126.3,268.8,11.9,13.7,86.7,21.8,25.3,86.3,12.6,18.1,69.8,0.06,0.06,0.00,0.79,5.18,0.71,0.06,4.26,Matches
341,Jeremy Ngakia\Jeremy-Ngakia,eng ENG,DF,West Ham,18,2000,4.9,18.2,32.9,55.3,287.8,151.0,11.0,14.1,78.3,5.51,10.0,55.1,1.63,7.55,21.6,0.00,0.00,0.00,0.00,0.61,0.41,0.20,1.22,Matches
342,Oumar Niasse\Oumar-Niasse,sn SEN,FW,Everton,29,1990,0.2,15.0,25.0,60.0,200.0,0.00,10.0,15.0,66.7,5.00,10.0,50.0,0.00,0.00,,0.00,0.00,0.00,0.00,0.00,0.00,0.00,0.00,Matches
343,Eddie Nketiah\Eddie-Nketiah,eng ENG,FW,Arsenal,20,1999,7.0,15.9,20.0,79.3,238.3,35.4,9.29,10.7,86.7,5.57,6.71,83.0,0.71,1.14,62.5,0.00,0.09,-0.09,0.71,0.86,0.43,0.00,1.29,Matches
344,Mark Noble\Mark-Noble,eng ENG,MF,West Ham,32,1987,29.7,41.0,50.5,81.2,829.4,236.7,16.0,18.3,87.3,16.9,19.7,85.7,7.37,10.3,71.3,0.10,0.10,0.00,1.38,4.55,0.98,0.10,4.58,Matches
345,Oliver Norwood\Oliver-Norwood,nir NIR,MF,Sheffield Utd,28,1991,34.3,48.5,62.6,77.5,1134.0,329.6,14.0,15.6,89.9,22.1,25.3,87.3,11.8,20.3,57.9,0.03,0.12,-0.09,1.46,6.76,1.02,0.35,5.42,Matches
346,?rjan Nyland\Orjan-Nyland,no NOR,GK,Aston Villa,28,1990,6.0,17.5,30.3,57.7,646.7,466.5,1.33,1.50,88.9,7.83,8.00,97.9,8.33,20.8,40.0,0.00,0.00,0.00,0.00,0.50,0.00,0.00,0.17,Matches
347,Jack O'Connell\Jack-OConnell,eng ENG,DF,Sheffield Utd,25,1994,32.4,35.7,48.0,74.3,759.5,301.7,13.5,15.2,88.4,15.7,18.6,84.2,6.30,12.9,48.9,0.03,0.06,-0.03,0.31,3.06,0.68,0.12,3.55,Matches
348,Michael Obafemi\Michael-Obafemi,ie IRL,FW,Southampton,19,2000,7.4,15.1,19.5,77.8,193.9,29.2,9.46,11.2,84.3,3.65,4.59,79.4,0.81,0.95,85.7,0.27,0.16,0.11,1.35,0.27,0.27,0.00,0.68,Matches
349,Angelo Ogbonna\Angelo-Ogbonna,it ITA,DF,West Ham,31,1988,31.0,24.0,30.5,78.7,531.7,169.8,7.03,7.87,89.3,12.1,14.1,86.0,4.74,8.06,58.8,0.00,0.00,-0.00,0.06,1.42,0.06,0.00,1.19,Matches
350,Divock Origi\Divock-Origi,be BEL,FW,Liverpool,24,1995,8.0,19.8,27.4,72.1,310.8,43.8,11.0,14.4,76.5,6.13,8.25,74.2,1.88,3.63,51.7,0.13,0.03,0.10,0.75,0.63,1.13,0.25,1.25,Matches
351,Ben Osborn\Ben-Osborn,eng ENG,MFDF,Sheffield Utd,24,1994,6.6,27.1,39.2,69.1,440.5,111.8,14.7,17.6,83.6,8.48,11.1,76.7,3.03,7.88,38.5,0.00,0.12,-0.12,1.06,1.67,0.76,0.30,1.82,Matches
352,Nicolás Otamendi\Nicolas-Otamendi,ar ARG,DF,Manchester City,31,1988,19.1,72.3,77.9,92.7,1561.9,378.3,18.2,19.3,94.3,42.5,44.3,95.7,11.3,13.4,84.4,0.00,0.01,-0.01,0.16,3.25,0.00,0.00,2.20,Matches
353,Alex Oxlade-Chamberlain\Alex-Oxlade-Chamberlain,eng ENG,MFFW,Liverpool,25,1993,16.5,35.9,45.3,79.1,721.5,154.8,14.3,16.7,85.8,14.9,18.1,82.6,6.06,8.73,69.4,0.06,0.07,-0.01,1.03,5.09,1.88,0.42,4.30,Matches
354,Mesut Özil\Mesut-Ozil,de GER,MF,Arsenal,30,1988,16.0,47.1,55.7,84.6,781.3,210.9,23.9,25.9,92.5,17.9,19.7,90.8,4.56,8.19,55.7,0.13,0.14,-0.01,2.25,3.75,1.56,0.06,5.50,Matches
355,Emerson Palmieri\Emerson-Palmieri,it ITA,DF,Chelsea,24,1994,11.4,61.9,74.8,82.8,998.9,275.1,33.8,37.6,89.7,22.5,27.0,83.1,4.56,8.07,56.5,0.00,0.12,-0.12,1.58,2.46,0.70,0.44,2.89,Matches
356,Sokratis Papastathopoulos\Sokratis-Papastathopoulos,gr GRE,DF,Arsenal,31,1988,18.8,46.4,51.8,89.7,1017.8,293.0,13.6,14.4,94.1,23.4,24.2,96.5,9.10,12.3,73.7,0.00,0.01,-0.01,0.05,1.38,0.05,0.00,1.17,Matches
357,Troy Parrott\Troy-Parrott,ie IRL,MF,Tottenham,17,2002,0.1,50.0,50.0,100.0,920.0,250.0,10.0,10.0,100.0,40.0,40.0,100.0,0.00,0.00,,0.00,0.00,0.00,0.00,0.00,0.00,0.00,0.00,Matches
358,Rui Patrício\Rui-Patricio,pt POR,GK,Wolves,31,1988,38.0,14.5,22.7,63.8,593.2,405.1,1.11,1.13,97.7,4.05,4.13,98.1,9.26,17.4,53.3,0.00,0.00,0.00,0.00,0.11,0.00,0.00,0.00,Matches
359,Pedro\Pedro,es ESP,FW,Chelsea,32,1987,7.3,35.5,45.3,78.2,583.8,132.9,19.7,22.6,87.3,12.1,15.2,79.3,2.88,5.07,56.8,0.14,0.11,0.03,2.47,1.23,1.64,0.14,2.88,Matches
360,Jo?o Pedro\Joao-Pedro,br BRA,FWMF,Watford,17,2001,0.3,33.3,46.7,71.4,496.7,123.3,10.0,13.3,75.0,20.0,23.3,85.7,0.00,3.33,0.0,0.00,0.67,-0.67,3.33,3.33,3.33,3.33,3.33,Matches
361,Nicolas Pépé\Nicolas-Pepe,ci CIV,FW,Arsenal,24,1995,22.3,27.6,36.0,76.7,442.6,106.5,15.9,17.8,89.2,8.70,11.0,79.2,2.51,5.34,47.1,0.27,0.20,0.07,1.75,1.08,1.52,0.40,2.11,Matches
362,Andreas Pereira\Andreas-Pereira,br BRA,MFFW,Manchester Utd,23,1996,16.5,34.3,46.7,73.5,598.4,167.5,16.8,19.5,86.3,12.7,16.4,77.4,4.00,8.55,46.8,0.18,0.23,-0.05,1.88,3.27,1.03,0.24,4.00,Matches
363,Ricardo Pereira\Ricardo-Pereira,pt POR,DF,Leicester City,25,1993,28.0,54.0,67.0,80.7,903.8,348.1,26.8,30.0,89.4,22.6,27.6,82.1,4.11,7.07,58.1,0.07,0.13,-0.06,0.96,3.46,1.32,0.32,5.82,Matches
364,Roberto Pereyra\Roberto-Pereyra,ar ARG,FWMF,Watford,28,1991,18.3,29.4,35.7,82.3,475.8,108.1,15.9,18.2,87.4,10.1,11.5,87.6,2.30,3.99,57.5,0.00,0.10,-0.10,0.98,1.80,0.77,0.22,2.40,Matches
365,Ayoze Pérez\Ayoze-Perez,es ESP,MFFW,Leicester City,26,1993,22.3,27.6,34.7,79.7,387.5,96.4,17.2,19.5,88.3,7.58,9.64,78.6,1.48,2.24,66.0,0.18,0.18,0.00,1.30,1.52,1.35,0.36,2.78,Matches
366,Jordan Pickford\Jordan-Pickford,eng ENG,GK,Everton,25,1994,38.0,23.6,36.1,65.2,832.0,571.7,4.00,4.00,100.0,9.13,9.18,99.4,9.95,22.5,44.3,0.00,0.00,-0.00,0.03,1.29,0.11,0.00,0.03,Matches
367,Brandon Pierrick\Brandon-Pierrick,eng ENG,DFFW,Crystal Palace,17,2001,0.2,25.0,45.0,55.6,325.0,30.0,10.0,15.0,66.7,10.0,10.0,100.0,0.00,5.00,0.0,0.00,0.50,-0.50,5.00,0.00,5.00,0.00,5.00,Matches
368,Erik Pieters\Erik-Pieters,nl NED,DFMF,Burnley,30,1988,20.9,32.9,44.2,74.4,572.2,224.3,16.5,18.6,88.9,12.6,16.3,77.4,3.21,7.37,43.5,0.19,0.13,0.06,0.81,1.82,0.77,0.33,2.54,Matches
369,Daniel Podence\Daniel-Podence,pt POR,FWMF,Wolves,23,1995,3.2,23.1,32.8,70.5,346.9,72.5,12.5,15.9,78.4,8.13,10.9,74.3,1.25,3.75,33.3,0.00,0.13,-0.13,1.56,0.94,0.94,0.00,2.50,Matches
370,Paul Pogba\Paul-Pogba,fr FRA,MF,Manchester Utd,26,1993,13.4,65.7,76.6,85.8,1325.2,357.5,27.9,31.2,89.5,26.0,29.3,89.0,10.8,13.7,78.8,0.22,0.20,0.02,2.01,8.81,2.01,0.07,8.13,Matches
371,Nick Pope\Nick-Pope,eng ENG,GK,Burnley,27,1992,38.0,14.1,31.1,45.4,644.6,509.2,0.82,0.84,96.9,4.00,4.18,95.6,9.26,26.0,35.7,0.00,0.02,-0.02,0.11,1.03,0.03,0.00,0.00,Matches
372,Dennis Praet\Dennis-Praet,be BEL,MF,Leicester City,25,1994,12.6,35.4,42.8,82.7,607.5,151.0,16.7,18.8,88.6,14.0,16.7,84.3,3.73,5.16,72.3,0.16,0.06,0.10,0.71,2.62,0.79,0.24,2.62,Matches
373,Sebastian Prödl\Sebastian-Prodl,at AUT,DF,Watford,32,1987,0.6,10.0,16.7,60.0,135.0,91.7,6.67,8.33,80.0,3.33,6.67,50.0,0.00,1.67,0.0,0.00,0.00,0.00,0.00,0.00,0.00,0.00,1.67,Matches
374,Davy Pröpper\Davy-Propper,nl NED,MF,Brighton,27,1991,31.4,47.2,56.8,83.1,914.4,262.2,17.6,20.2,86.9,22.5,25.9,87.2,6.40,8.73,73.4,0.06,0.07,-0.00,0.86,5.29,0.83,0.19,5.86,Matches
375,Teemu Pukki\Teemu-Pukki,fi FIN,FW,Norwich City,29,1990,32.1,13.1,16.3,80.7,183.3,20.8,8.19,9.25,88.6,3.61,4.52,80.0,0.69,0.97,71.0,0.09,0.10,-0.00,0.87,0.44,0.19,0.06,0.50,Matches
376,Christian Pulisic\Christian-Pulisic,us USA,FW,Chelsea,20,1998,19.1,28.6,36.6,78.0,440.8,84.8,16.7,19.5,85.5,9.01,11.2,80.4,2.20,3.61,60.9,0.21,0.18,0.03,1.52,1.47,1.47,0.05,3.19,Matches
377,Ignacio Pussetto\Ignacio-Pussetto,ar ARG,FWDF,Watford,23,1995,0.8,22.5,38.8,58.1,352.5,181.3,12.5,15.0,83.3,7.50,15.0,50.0,1.25,7.50,16.7,0.00,0.00,0.00,0.00,1.25,1.25,0.00,2.50,Matches
378,Domingos Quina\Domingos-Quina,pt POR,MF,Watford,19,1999,0.2,45.0,45.0,100.0,675.0,105.0,30.0,30.0,100.0,15.0,15.0,100.0,0.00,0.00,,0.00,0.00,0.00,0.00,0.00,5.00,0.00,5.00,Matches
379,Aaron Ramsdale\Aaron-Ramsdale,eng ENG,GK,Bournemouth,21,1998,37.0,17.5,30.4,57.7,590.5,401.3,3.11,3.14,99.1,7.22,7.32,98.5,7.14,19.8,36.0,0.03,0.00,0.02,0.05,0.54,0.00,0.00,0.00,Matches
380,Darren Randolph\Darren-Randolph,ie IRL,GK,West Ham,32,1987,2.0,11.0,20.0,55.0,622.0,546.5,1.00,1.00,100.0,0.00,0.00,,10.0,19.0,52.6,0.00,0.00,0.00,0.00,1.50,0.00,0.00,0.00,Matches
381,Marcus Rashford\Marcus-Rashford,eng ENG,FW,Manchester Utd,21,1997,29.4,25.8,33.6,76.7,422.7,114.9,14.3,17.0,84.0,8.67,10.8,80.2,2.11,3.67,57.4,0.24,0.16,0.08,1.12,2.07,2.28,0.14,4.46,Matches
382,Nathan Redmond\Nathan-Redmond,eng ENG,MFFW,Southampton,25,1994,30.7,25.4,34.6,73.6,431.6,99.6,13.2,16.0,82.9,8.47,11.2,75.8,2.83,5.24,54.0,0.13,0.10,0.03,1.21,1.47,1.21,0.16,3.13,Matches
383,Pepe Reina\Pepe-Reina,es ESP,GK,Aston Villa,36,1982,12.0,22.7,32.9,68.9,842.3,572.9,2.00,2.00,100.0,8.08,8.17,99.0,12.3,22.4,55.0,0.00,0.00,0.00,0.00,0.33,0.00,0.00,0.00,Matches
384,Declan Rice\Declan-Rice,eng ENG,MF,West Ham,20,1999,38.0,38.8,45.2,86.0,790.1,198.5,14.3,15.8,91.0,17.0,18.5,91.8,6.63,9.18,72.2,0.08,0.04,0.04,0.58,4.16,0.47,0.24,2.95,Matches
385,Richarlison\Richarlison,br BRA,FW,Everton,22,1997,34.1,15.9,24.1,66.0,260.4,64.8,7.83,10.5,74.8,6.19,8.42,73.5,1.29,2.67,48.4,0.09,0.14,-0.05,0.91,0.88,0.79,0.06,1.94,Matches
386,Diego Rico\Diego-Rico,es ESP,DF,Bournemouth,26,1993,25.9,39.1,57.3,68.2,749.1,405.6,15.2,18.0,84.4,17.1,22.9,74.7,5.83,13.2,44.2,0.15,0.11,0.04,1.27,4.05,1.24,0.50,4.98,Matches
387,Ja?ro Riedewald\Jairo-Riedewald,nl NED,DFMF,Crystal Palace,22,1996,8.5,35.4,47.1,75.3,590.6,268.5,17.6,20.0,88.2,13.9,18.9,73.3,2.82,6.35,44.4,0.00,0.05,-0.05,0.24,3.76,0.71,0.12,3.65,Matches
388,Matt Ritchie\Matt-Ritchie,sco SCO,DFMF,Newcastle Utd,29,1989,14.6,32.5,47.3,68.6,618.6,252.5,13.8,16.2,85.2,12.9,16.0,80.7,5.14,12.8,40.1,0.07,0.16,-0.09,2.33,2.40,1.03,0.48,3.22,Matches
389,Roberto\Roberto,es ESP,GK,West Ham,33,1986,7.6,14.9,30.5,48.7,586.2,468.6,2.24,2.24,100.0,4.61,4.61,100.0,7.89,23.6,33.5,0.00,0.00,0.00,0.00,0.00,0.00,0.00,0.00,Matches
390,Patrick Roberts\Patrick-Roberts,eng ENG,MFFW,Norwich City,22,1997,0.3,23.3,33.3,70.0,426.7,73.3,10.0,13.3,75.0,10.0,10.0,100.0,3.33,10.0,33.3,0.00,0.00,0.00,0.00,3.33,0.00,0.00,0.00,Matches
391,Andrew Robertson\Andrew-Robertson,sco SCO,DF,Liverpool,25,1994,34.6,68.5,84.6,80.9,1260.4,422.2,30.7,34.5,88.9,29.9,34.8,85.8,7.25,13.1,55.5,0.35,0.22,0.13,1.76,5.09,1.79,0.78,7.37,Matches
392,Callum Robinson\Callum-Robinson,ie IRL,FW,Sheffield Utd,24,1995,7.5,15.6,20.7,75.5,238.3,39.2,8.27,9.73,84.9,5.87,7.60,77.2,0.80,2.00,40.0,0.13,0.08,0.05,0.53,0.67,0.40,0.13,0.80,Matches
393,Jack Robinson\Jack-Robinson,eng ENG,DF,Sheffield Utd,25,1993,5.6,34.5,45.9,75.1,703.0,260.9,11.6,13.0,89.0,17.9,21.3,84.0,4.64,10.0,46.4,0.00,0.04,-0.04,0.36,3.21,0.18,0.18,2.50,Matches
394,Rodri\Rodri,es ESP,MF,Manchester City,23,1996,27.6,85.6,91.9,93.1,1761.0,388.3,29.3,31.3,93.7,40.9,42.6,96.0,14.7,16.6,88.4,0.07,0.05,0.02,1.16,8.33,0.76,0.04,5.98,Matches
395,Jay Rodriguez\Jay-Rodriguez,eng ENG,FW,Burnley,30,1989,22.4,15.4,22.1,69.7,203.8,39.3,10.6,13.5,78.8,2.95,4.64,63.5,0.80,1.74,46.2,0.04,0.04,0.00,0.31,0.89,0.27,0.00,1.21,Matches
396,Jack Rodwell\Jack-Rodwell,eng ENG,MF,Sheffield Utd,28,1991,0.2,10.0,10.0,100.0,200.0,20.0,5.00,5.00,100.0,5.00,5.00,100.0,0.00,0.00,,0.00,0.00,0.00,0.00,0.00,0.00,0.00,0.00,Matches
397,Marcos Rojo\Marcos-Rojo,ar ARG,DF,Manchester Utd,29,1990,1.4,26.4,39.3,67.3,533.6,230.7,7.86,8.57,91.7,14.3,17.9,80.0,4.29,12.1,35.3,0.00,0.00,0.00,0.00,2.14,0.00,0.00,3.57,Matches
398,Oriol Romeu\Oriol-Romeu,es ESP,MF,Southampton,27,1991,20.7,41.8,50.1,83.4,793.4,193.6,16.1,18.4,87.9,20.0,22.8,88.1,4.98,7.78,64.0,0.00,0.06,-0.06,0.82,4.01,0.77,0.14,4.20,Matches
399,Danny Rose\Danny-Rose,eng ENG,DF,Tottenham,29,1990,9.9,43.9,57.8,76.0,774.3,322.0,19.0,21.8,87.0,21.1,26.5,79.8,3.33,7.37,45.2,0.00,0.07,-0.07,1.01,3.43,1.21,0.40,5.25,Matches
400,Danny Rose\Danny-Rose,eng ENG,DF,Newcastle Utd,29,1990,9.6,33.9,43.6,77.6,584.2,222.8,15.8,16.9,93.8,14.9,18.2,81.7,2.50,6.56,38.1,0.00,0.02,-0.02,0.31,2.29,0.42,0.10,2.50,Matches
401,Antonio Rüdiger\Antonio-Rudiger,de GER,DF,Chelsea,26,1993,19.0,66.9,76.3,87.8,1596.7,438.1,13.5,14.9,90.5,37.7,39.6,95.2,15.3,20.8,73.5,0.00,0.02,-0.02,0.21,6.26,0.32,0.11,3.63,Matches
402,Lukas Rupp\Lukas-Rupp,de GER,FWMF,Norwich City,28,1991,7.7,25.5,33.8,75.4,370.0,87.0,14.4,17.1,84.1,8.70,10.6,81.7,1.17,2.99,39.1,0.00,0.10,-0.10,1.04,1.69,0.52,0.13,1.43,Matches
403,Mathew Ryan\Mathew-Ryan,au AUS,GK,Brighton,27,1992,38.0,30.9,38.5,80.2,903.3,508.3,5.50,5.55,99.1,14.1,14.2,99.3,11.2,18.6,60.3,0.00,0.00,0.00,0.00,0.24,0.00,0.00,0.00,Matches
404,Allan Saint-Maximin\Allan-Saint-Maximin,fr FRA,MFFW,Newcastle Utd,22,1997,20.7,17.2,23.7,72.7,307.9,70.2,8.16,9.86,82.8,6.91,9.18,75.3,1.84,3.24,56.7,0.19,0.17,0.02,1.64,1.21,0.72,0.24,1.98,Matches
405,Romain Sa?ss\Romain-Saiss,ma MAR,DF,Wolves,29,1990,30.1,41.6,51.2,81.3,930.3,345.6,10.2,11.4,89.5,23.2,25.9,89.7,7.94,12.7,62.6,0.03,0.02,0.02,0.23,3.95,0.30,0.00,3.82,Matches
406,Bukayo Saka\Bukayo-Saka,eng ENG,DFFW,Arsenal,17,2001,19.5,33.8,43.3,78.1,551.8,160.6,17.3,19.6,88.0,13.8,16.8,82.3,2.10,4.31,48.8,0.26,0.18,0.08,1.13,1.95,1.08,0.31,3.13,Matches
407,Mamadou Sakho\Mamadou-Sakho,fr FRA,DF,Crystal Palace,29,1990,10.3,43.8,50.1,87.4,900.6,336.1,13.7,15.0,91.0,22.3,24.8,90.2,7.28,9.42,77.3,0.00,0.01,-0.01,0.10,2.33,0.10,0.00,2.52,Matches
408,Mohamed Salah\Mohamed-Salah,eg EGY,FW,Liverpool,27,1992,32.0,23.3,31.4,74.3,350.8,93.2,13.8,16.9,81.5,7.66,9.84,77.8,1.34,2.59,51.8,0.31,0.23,0.08,1.69,1.28,1.88,0.19,3.31,Matches
409,Mbwana Samatta\Mbwana-Samatta,tz TAN,FW,Aston Villa,26,1992,10.5,12.1,17.0,70.9,179.3,27.0,7.52,9.52,79.0,3.43,4.95,69.2,0.86,1.52,56.3,0.00,0.02,-0.02,0.67,0.57,0.29,0.10,0.86,Matches
410,Carlos Sánchez\Carlos-Sanchez,co COL,MFDF,West Ham,33,1986,1.3,34.6,42.3,81.8,634.6,167.7,12.3,13.8,88.9,16.9,20.8,81.5,4.62,6.92,66.7,0.00,0.00,0.00,0.00,1.54,0.00,0.00,1.54,Matches
411,Davinson Sánchez\Davinson-Sanchez,co COL,DF,Tottenham,23,1996,27.0,48.1,55.4,86.8,1038.1,296.8,12.7,13.8,92.0,27.0,29.1,92.6,8.19,11.6,70.6,0.00,0.00,0.00,0.04,1.81,0.00,0.00,2.07,Matches
412,Leroy Sané\Leroy-Sane,de GER,FW,Manchester City,23,1996,0.1,60.0,70.0,85.7,910.0,130.0,30.0,40.0,75.0,30.0,30.0,100.0,0.00,0.00,,0.00,0.00,0.00,0.00,0.00,0.00,0.00,0.00,Matches
413,Ismaila Sarr\Ismaila-Sarr,sn SEN,FWMF,Watford,21,1998,22.5,19.5,26.8,72.8,299.7,80.6,11.5,13.8,83.0,6.13,8.67,70.8,1.29,2.67,48.3,0.18,0.14,0.04,1.16,0.62,1.42,0.67,1.64,Matches
414,Fabian Schär\Fabian-Schar,ch SUI,DFMF,Newcastle Utd,27,1991,18.6,31.0,41.2,75.1,784.8,334.8,9.09,10.4,87.6,13.2,14.9,88.8,8.33,15.2,55.0,0.00,0.01,-0.01,0.22,3.87,0.22,0.05,2.47,Matches
415,Ezequiel Schelotto\Ezequiel-Schelotto,it ITA,DF,Brighton,30,1989,4.0,30.3,42.3,71.6,518.8,177.8,13.3,17.5,75.7,14.0,17.0,82.4,2.75,5.75,47.8,0.00,0.00,0.00,0.00,1.00,0.75,0.25,2.25,Matches
416,Jeffrey Schlupp\Jeffrey-Schlupp,gh GHA,MFDF,Crystal Palace,26,1992,11.5,22.3,29.7,74.9,371.0,111.8,11.0,12.8,85.7,9.04,12.0,75.4,1.74,3.83,45.5,0.09,0.10,-0.01,0.61,2.61,0.35,0.09,2.43,Matches
417,Kasper Schmeichel\Kasper-Schmeichel,dk DEN,GK,Leicester City,32,1986,38.0,23.8,31.0,76.7,735.0,413.8,3.11,3.11,100.0,11.0,11.1,99.1,9.63,16.7,57.7,0.00,0.01,-0.01,0.08,0.11,0.00,0.00,0.05,Matches
418,Morgan Schneiderlin\Morgan-Schneiderlin,fr FRA,MF,Everton,29,1989,11.1,44.5,51.1,87.1,936.1,265.4,16.2,17.7,91.8,19.9,22.2,89.8,7.93,10.0,79.3,0.00,0.02,-0.02,0.36,5.23,0.63,0.09,5.41,Matches
419,Ryan Sessegnon\Ryan-Sessegnon,eng ENG,DF,Tottenham,19,2000,3.8,38.2,51.3,74.4,631.8,243.4,20.5,23.4,87.6,15.3,18.7,81.7,2.11,7.11,29.6,0.00,0.03,-0.03,0.53,3.42,0.53,0.26,4.47,Matches
420,Xherdan Shaqiri\Xherdan-Shaqiri,ch SUI,FW,Liverpool,27,1991,2.1,42.9,51.9,82.6,779.5,251.9,21.9,25.2,86.8,13.3,14.8,90.3,7.14,11.0,65.2,0.00,0.10,-0.10,1.43,5.24,1.43,0.95,6.67,Matches
421,Billy Sharp\Billy-Sharp,eng ENG,FW,Sheffield Utd,33,1986,11.7,13.8,19.0,73.0,204.1,41.4,7.95,9.83,80.9,4.96,6.32,78.4,0.51,1.11,46.2,0.17,0.23,-0.06,1.28,0.51,0.68,0.17,1.28,Matches
422,Luke Shaw\Luke-Shaw,eng ENG,DF,Manchester Utd,24,1995,19.3,58.1,67.2,86.5,872.4,322.7,32.5,35.0,92.9,22.3,25.5,87.2,2.33,4.30,54.2,0.00,0.08,-0.08,1.04,3.11,1.30,0.31,5.70,Matches
423,Jonjo Shelvey\Jonjo-Shelvey,eng ENG,MF,Newcastle Utd,27,1992,23.5,33.6,46.4,72.4,824.4,271.5,9.49,11.0,86.1,14.6,17.4,84.1,9.23,16.9,54.7,0.09,0.15,-0.07,1.79,5.40,0.85,0.17,4.89,Matches
424,Djibril Sidibé\Djibril-Sidibe,fr FRA,DF,Everton,27,1992,20.3,44.8,57.4,78.0,888.9,330.1,16.8,20.0,84.2,21.5,25.8,83.4,6.01,9.70,61.9,0.20,0.10,0.10,0.94,2.76,0.99,0.54,5.37,Matches
425,Gylfi Sigur?sson\Gylfi-Sigurdsson,is ISL,MF,Everton,29,1989,28.4,30.5,39.0,78.2,594.8,176.6,12.1,14.1,85.5,13.1,15.4,85.4,4.79,8.17,58.6,0.11,0.14,-0.04,1.62,3.35,0.95,0.18,3.31,Matches
426,Bernardo Silva\Bernardo-Silva,pt POR,FWMF,Manchester City,24,1994,22.6,55.8,64.2,87.0,932.7,181.9,28.6,31.2,91.8,21.1,24.1,87.7,5.13,6.55,78.4,0.31,0.24,0.07,2.26,2.96,1.81,0.40,4.38,Matches
427,David Silva\David-Silva,es ESP,MF,Manchester City,33,1986,20.3,65.0,74.5,87.2,1033.1,207.3,34.0,38.1,89.4,25.3,27.4,92.1,4.19,5.37,78.0,0.49,0.27,0.23,2.27,4.38,3.10,0.05,6.90,Matches
428,Jack Simpson\Jack-Simpson,eng ENG,DF,Bournemouth,22,1996,2.7,25.9,37.0,70.0,447.4,165.2,13.0,14.1,92.1,10.4,14.8,70.0,2.22,5.93,37.5,0.00,0.00,0.00,0.00,1.85,0.00,0.00,1.85,Matches
429,Moussa Sissoko\Moussa-Sissoko,fr FRA,MF,Tottenham,29,1989,27.2,40.7,47.0,86.5,707.2,144.9,19.0,21.3,89.1,16.2,18.4,88.2,4.30,5.40,79.6,0.04,0.04,-0.00,0.59,2.72,0.44,0.07,3.24,Matches
430,Oliver Skipp\Oliver-Skipp,eng ENG,MFDF,Tottenham,18,2000,0.9,36.7,42.2,86.8,695.6,168.9,16.7,18.9,88.2,13.3,15.6,85.7,6.67,7.78,85.7,0.00,0.00,0.00,0.00,4.44,0.00,0.00,3.33,Matches
431,William Smallbone\William-Smallbone,ie IRL,MF,Southampton,19,2000,4.4,39.8,47.7,83.3,709.3,151.4,18.4,21.1,87.1,16.6,19.1,86.9,4.09,5.91,69.2,0.45,0.07,0.39,0.68,2.73,0.68,0.23,2.95,Matches
432,Adam Smith\Adam-Smith,eng ENG,DF,Bournemouth,28,1991,22.8,37.1,46.5,79.6,601.4,222.7,19.7,21.8,90.5,14.1,16.9,83.2,2.63,5.66,46.5,0.04,0.04,0.00,0.44,2.68,0.44,0.09,2.98,Matches
433,Emile Smith-Rowe\Emile-Smith-Rowe,eng ENG,MF,Arsenal,19,2000,1.1,27.3,32.7,83.3,355.5,59.1,17.3,19.1,90.5,8.18,8.18,100.0,0.91,2.73,33.3,0.00,0.00,0.00,0.00,2.73,0.00,0.00,0.00,Matches
434,Robert Snodgrass\Robert-Snodgrass,sco SCO,MFFW,West Ham,31,1987,16.8,25.9,37.8,68.5,475.5,159.0,12.3,15.2,80.5,8.69,10.8,80.2,4.29,9.64,44.4,0.30,0.17,0.13,1.96,1.79,0.83,0.12,2.80,Matches
435,Cédric Soares\Cedric-Soares,pt POR,DF,Arsenal,27,1991,2.8,33.6,47.5,70.7,622.9,185.7,13.2,16.4,80.4,15.7,21.1,74.6,3.57,7.50,47.6,0.00,0.00,0.00,0.36,1.79,0.71,0.36,3.93,Matches
436,Cédric Soares\Cedric-Soares,pt POR,DF,Southampton,27,1991,14.5,36.0,49.9,72.1,628.1,290.3,18.5,21.0,87.9,12.8,17.0,75.2,4.14,10.4,39.7,0.07,0.08,-0.01,0.97,2.41,1.31,0.83,2.69,Matches
437,Dominic Solanke\Dominic-Solanke,eng ENG,FWMF,Bournemouth,21,1997,18.3,17.3,23.4,73.9,242.0,49.8,10.5,12.2,86.2,4.59,7.16,64.1,0.87,1.58,55.2,0.05,0.05,0.01,0.66,1.48,0.55,0.11,1.42,Matches
438,Tomáš Souèek\Tomas-Soucek,cz CZE,MF,West Ham,24,1995,11.6,23.6,33.8,69.9,418.3,100.3,10.5,14.4,73.1,9.66,13.3,72.7,2.59,4.22,61.2,0.00,0.04,-0.04,0.17,2.16,0.34,0.00,1.98,Matches
439,Ça?lar Söyüncü\Caglar-Soyuncu,tr TUR,DF,Leicester City,23,1996,33.7,60.4,66.4,90.9,1236.2,358.3,19.4,20.7,93.6,32.6,34.4,94.9,8.04,10.5,76.6,0.03,0.01,0.02,0.12,3.35,0.09,0.00,2.37,Matches
440,Dennis Srbeny\Dennis-Srbeny,de GER,MFFW,Norwich City,25,1994,0.5,34.0,46.0,73.9,390.0,72.0,22.0,30.0,73.3,10.0,12.0,83.3,0.00,0.00,,0.00,0.00,0.00,0.00,6.00,0.00,0.00,2.00,Matches
441,Jack Stacey\Jack-Stacey,eng ENG,DF,Bournemouth,23,1996,17.2,32.6,45.3,71.8,541.6,232.8,16.0,18.8,84.9,13.1,17.2,76.3,2.73,6.34,43.1,0.12,0.13,-0.01,0.58,2.44,0.35,0.12,2.79,Matches
442,Junior Stanislas\Junior-Stanislas,eng ENG,MFDF,Bournemouth,29,1989,7.9,28.1,39.2,71.6,458.1,172.8,14.9,18.2,81.9,9.37,12.8,73.3,2.78,6.08,45.8,0.00,0.10,-0.10,1.39,1.77,1.52,0.13,3.92,Matches
443,Jed Steer\Jed-Steer,eng ENG,GK,Aston Villa,26,1992,0.1,10.0,20.0,50.0,260.0,90.0,0.00,0.00,,10.0,10.0,100.0,0.00,10.0,0.0,0.00,0.00,0.00,0.00,0.00,0.00,0.00,0.00,Matches
444,Dale Stephens\Dale-Stephens,eng ENG,MF,Brighton,30,1989,28.1,50.6,58.4,86.6,1065.9,249.9,15.8,17.7,89.4,24.8,27.3,90.9,9.25,12.1,76.7,0.04,0.04,-0.00,0.64,5.09,0.68,0.07,4.91,Matches
445,Jack Stephens\Jack-Stephens,eng ENG,DF,Southampton,25,1994,27.2,33.3,44.1,75.6,763.1,273.3,8.60,9.93,86.7,17.6,20.6,85.7,6.69,12.6,53.2,0.11,0.05,0.06,0.29,3.09,0.37,0.00,3.05,Matches
446,Raheem Sterling\Raheem-Sterling,eng ENG,FW,Manchester City,24,1994,29.5,33.3,41.3,80.8,469.5,94.7,21.2,23.8,88.9,10.2,12.5,81.4,1.25,2.14,58.7,0.03,0.24,-0.20,1.59,1.05,1.83,0.20,2.95,Matches
447,Enda Stevens\Enda-Stevens,ie IRL,DF,Sheffield Utd,29,1990,37.2,37.8,50.9,74.1,652.3,265.3,19.5,21.9,88.8,14.1,18.1,78.3,3.71,8.31,44.7,0.11,0.13,-0.02,0.89,2.82,1.37,0.27,4.60,Matches
448,Marco Stiepermann\Marco-Stiepermann,de GER,MF,Norwich City,28,1991,13.1,22.2,30.9,71.9,317.1,91.0,13.1,16.3,80.4,6.49,8.55,75.9,1.45,2.90,50.0,0.00,0.04,-0.04,0.84,2.44,0.61,0.08,2.90,Matches
449,John Stones\John-Stones,eng ENG,DF,Manchester City,25,1994,12.5,77.3,81.3,95.1,1685.7,474.2,21.0,21.9,96.0,42.6,44.7,95.3,13.5,14.2,95.5,0.00,0.01,-0.01,0.16,6.48,0.08,0.00,4.32,Matches
450,Isaac Success\Isaac-Success,ng NGA,FWMF,Watford,23,1996,0.8,17.5,26.3,66.7,196.3,46.3,10.0,15.0,66.7,2.50,5.00,50.0,1.25,1.25,100.0,0.00,0.13,-0.13,1.25,0.00,1.25,0.00,1.25,Matches
451,Ki Sung-yueng\Ki-Sung-yueng,kr KOR,MF,Newcastle Utd,30,1989,1.5,39.3,44.7,88.1,846.7,182.7,16.7,19.3,86.2,12.7,13.3,95.0,8.67,10.7,81.3,0.00,0.07,-0.07,1.33,2.67,0.00,0.00,0.67,Matches
452,Andrew Surman\Andrew-Surman,eng ENG,MF,Bournemouth,32,1986,2.6,39.2,48.8,80.3,753.5,187.3,15.0,18.8,79.6,16.5,19.2,86.0,5.77,8.85,65.2,0.00,0.00,0.00,0.38,2.31,0.38,0.00,2.69,Matches
453,Sam Surridge\Sam-Surridge,eng ENG,FW,Bournemouth,21,1998,0.3,13.3,33.3,40.0,213.3,73.3,6.67,20.0,33.3,6.67,13.3,50.0,0.00,0.00,,0.00,0.00,0.00,0.00,3.33,3.33,0.00,3.33,Matches
454,Japhet Tanganga\Japhet-Tanganga,eng ENG,DF,Tottenham,20,1999,5.8,32.4,40.0,81.0,559.0,189.0,16.4,18.1,90.5,12.6,14.3,88.0,3.28,5.34,61.3,0.00,0.00,0.00,0.00,1.55,0.00,0.00,1.90,Matches
455,Matt Targett\Matt-Targett,eng ENG,DF,Aston Villa,23,1995,25.5,35.1,47.8,73.3,646.0,287.3,16.5,18.5,88.8,14.0,18.2,76.6,4.00,8.94,44.7,0.08,0.11,-0.03,1.02,2.98,1.18,0.47,4.63,Matches
456,James Tarkowski\James-Tarkowski,eng ENG,DF,Burnley,26,1992,38.0,24.0,32.9,73.0,559.2,192.6,6.26,7.76,80.7,11.8,14.2,82.9,5.71,10.2,56.2,0.05,0.06,-0.01,0.37,1.79,0.24,0.00,1.82,Matches
457,Charlie Taylor\Charlie-Taylor,eng ENG,DF,Burnley,25,1993,21.6,33.6,47.9,70.1,620.7,261.2,15.2,17.7,85.9,14.2,17.6,80.5,3.75,10.2,36.7,0.05,0.06,-0.01,0.60,2.22,1.02,0.79,2.87,Matches
458,Neil Taylor\Neil-Taylor,wal WAL,DF,Aston Villa,30,1989,12.1,33.9,42.4,79.9,566.8,238.1,16.0,17.3,92.8,15.6,18.5,84.4,1.65,4.88,33.9,0.00,0.02,-0.02,0.41,1.90,0.33,0.08,3.22,Matches
459,Nathan Tella\Nathan-Tella,eng ENG,FW,Southampton,20,1999,0.0,0,1,0.0,0,0,0,1,0.0,0,0,,0,0,,0,0.0,0.0,0,0,0,0,0,Matches
460,Alexander Tettey\Alexander-Tettey,no NOR,MFDF,Norwich City,33,1986,26.0,42.3,47.8,88.6,738.5,156.7,20.5,22.0,92.8,17.2,19.0,90.7,4.15,5.54,75.0,0.04,0.03,0.01,0.19,2.08,0.15,0.00,1.69,Matches
461,Jordan Thomas\Jordan-Thomas,eng ENG,FW,Norwich City,,,0.0,0,0,,0,0,0,0,,0,0,,0,0,,0,0.0,0.0,0,0,0,0,,Matches
462,Luke Thomas\Luke-Thomas,eng ENG,DF,Leicester City,,,3.0,52.0,63.3,82.1,897.0,274.7,26.7,29.3,90.9,19.0,23.0,82.6,5.67,8.33,68.0,0.33,0.30,0.03,3.00,2.67,3.00,2.67,4.67,Matches
463,Max Thompson\Max-Thompson,eng ENG,FW,Burnley,17,2002,0.0,0,0,,0,0,0,0,,0,0,,0,0,,0,0.0,0.0,0,0,0,0,,Matches
464,Youri Tielemans\Youri-Tielemans,be BEL,MF,Leicester City,22,1997,31.4,46.3,57.5,80.7,867.9,220.0,19.9,22.6,88.0,18.9,22.4,84.5,6.46,10.5,61.5,0.19,0.17,0.02,1.66,5.00,1.18,0.22,5.29,Matches
465,Kieran Tierney\Kieran-Tierney,sco SCO,DF,Arsenal,22,1997,11.0,37.6,49.5,76.1,729.8,233.5,15.7,17.9,87.8,16.5,20.6,79.7,5.00,8.82,56.7,0.09,0.10,-0.01,0.55,2.00,0.73,0.45,3.64,Matches
466,James Tomkins\James-Tomkins,eng ENG,DF,Crystal Palace,30,1989,17.6,28.7,35.6,80.7,677.4,195.9,6.31,7.16,88.1,15.1,16.5,91.4,6.99,11.1,62.8,0.06,0.01,0.05,0.11,1.19,0.06,0.00,0.85,Matches
467,Fikayo Tomori\Fikayo-Tomori,eng ENG,DF,Chelsea,21,1997,14.3,68.6,76.8,89.3,1473.9,410.3,17.3,18.5,93.6,40.1,42.4,94.6,10.9,14.8,73.6,0.00,0.01,-0.01,0.28,3.99,0.28,0.00,2.59,Matches
468,Lucas Torreira\Lucas-Torreira,uy URU,MF,Arsenal,23,1996,16.8,47.2,53.9,87.5,934.4,196.8,15.5,17.1,90.6,23.9,26.3,90.9,7.26,8.99,80.8,0.06,0.07,-0.01,0.83,2.62,0.30,0.00,3.39,Matches
469,Cenk Tosun\Cenk-Tosun,tr TUR,FW,Crystal Palace,28,1991,2.0,14.5,23.5,61.7,231.0,68.5,9.50,12.5,76.0,3.00,7.00,42.9,2.00,3.00,66.7,0.00,0.00,0.00,0.00,1.50,1.00,0.00,1.50,Matches
470,Cenk Tosun\Cenk-Tosun,tr TUR,FW,Everton,28,1991,3.2,13.1,19.4,67.7,177.8,37.5,8.44,10.9,77.1,3.75,5.00,75.0,0.63,2.50,25.0,0.00,0.03,-0.03,1.25,0.63,0.94,0.00,1.56,Matches
471,Andros Townsend\Andros-Townsend,eng ENG,MF,Crystal Palace,28,1991,14.4,22.6,31.9,70.7,367.6,129.6,12.4,14.3,86.9,7.22,9.51,75.9,2.29,6.04,37.9,0.07,0.14,-0.07,0.90,1.60,1.67,0.83,2.57,Matches
472,Adama Traoré\Adama-Traore,es ESP,FWMF,Wolves,23,1996,28.9,21.5,32.6,65.9,373.3,97.0,10.9,14.1,77.6,7.79,11.6,67.2,2.39,4.67,51.1,0.31,0.23,0.08,1.73,1.56,1.56,1.11,2.21,Matches
473,Mark Travers\Mark-Travers,ie IRL,GK,Bournemouth,20,1999,1.0,23.0,32.0,71.9,692.0,479.0,6.00,6.00,100.0,8.00,9.00,88.9,9.00,17.0,52.9,0.00,0.00,0.00,0.00,0.00,0.00,0.00,0.00,Matches
474,Trézéguet\Trezeguet,eg EGY,FWMF,Aston Villa,24,1994,21.7,13.6,20.5,66.3,218.7,59.3,7.47,9.08,82.2,4.70,6.82,68.9,1.06,3.23,32.9,0.05,0.04,0.01,0.83,0.69,0.55,0.32,1.52,Matches
475,Leandro Trossard\Leandro-Trossard,be BEL,FWMF,Brighton,24,1994,22.3,25.4,35.7,71.3,492.0,160.4,10.9,13.9,78.1,10.6,13.9,76.7,3.68,6.19,59.4,0.13,0.18,-0.04,1.70,2.02,1.35,0.36,4.57,Matches
476,Tom Trybull\Tom-Trybull,de GER,MF,Norwich City,26,1993,12.6,43.7,47.4,92.3,769.1,203.1,20.7,21.6,96.0,19.0,20.4,93.0,3.57,4.44,80.4,0.00,0.01,-0.01,0.16,3.17,0.00,0.00,1.98,Matches
477,Axel Tuanzebe\Axel-Tuanzebe,eng ENG,DF,Manchester Utd,21,1997,2.1,60.5,67.1,90.1,1111.0,314.3,25.7,27.6,93.1,26.2,28.1,93.2,8.10,10.0,81.0,0.00,0.00,0.00,0.00,3.81,0.00,0.00,2.38,Matches
478,Yan Valery\Yan-Valery,fr FRA,DF,Southampton,20,1999,8.7,22.8,36.6,62.3,381.7,143.4,11.5,14.0,82.0,9.43,14.7,64.1,1.61,6.09,26.4,0.00,0.08,-0.08,0.23,0.69,0.23,0.11,1.72,Matches
479,Jesús Vallejo\Jesus-Vallejo,es ESP,DF,Wolves,22,1997,1.8,45.0,57.8,77.9,1008.3,336.7,11.7,13.3,87.5,21.7,25.6,84.8,11.1,18.3,60.6,0.00,0.00,0.00,0.00,3.89,0.56,0.00,2.78,Matches
480,Jamie Vardy\Jamie-Vardy,eng ENG,FW,Leicester City,32,1987,33.7,9.32,13.7,68.0,141.8,23.2,5.25,6.82,77.0,2.88,4.15,69.3,0.71,1.28,55.8,0.15,0.16,-0.01,0.83,0.42,0.50,0.15,0.71,Matches
481,Indiana Vassilev\Indiana-Vassilev,us USA,FWMF,Aston Villa,18,2001,0.6,13.3,18.3,72.7,133.3,6.67,10.0,13.3,75.0,1.67,1.67,100.0,0.00,0.00,,0.00,0.00,0.00,0.00,0.00,0.00,0.00,0.00,Matches
482,Jan Vertonghen\Jan-Vertonghen,be BEL,DF,Tottenham,32,1987,18.3,50.8,60.8,83.6,1054.6,325.4,16.2,17.9,90.8,26.5,29.3,90.5,7.81,12.3,63.3,0.05,0.05,0.00,0.16,3.01,0.00,0.00,2.73,Matches
483,Jannik Vestergaard\Jannik-Vestergaard,dk DEN,DF,Southampton,26,1992,16.6,38.6,48.1,80.2,777.0,251.6,12.1,13.9,87.4,20.6,24.0,85.7,5.24,9.34,56.1,0.00,0.01,-0.01,0.24,3.43,0.24,0.00,2.47,Matches
484,Rúben Vinagre\Ruben-Vinagre,pt POR,DF,Wolves,20,1999,7.2,35.7,47.8,74.7,595.0,179.6,19.3,22.1,87.4,13.2,16.5,79.8,2.92,6.25,46.7,0.00,0.07,-0.07,0.69,1.39,0.83,0.83,0.83,Matches
485,Jake Vokins\Jake-Vokins,eng ENG,DF,Southampton,19,2000,1.0,60.0,73.0,82.2,958.0,340.0,32.0,35.0,91.4,22.0,26.0,84.6,4.00,9.00,44.4,0.00,0.10,-0.10,1.00,7.00,2.00,1.00,4.00,Matches
486,Mario Vranèiæ\Mario-Vrancic,ba BIH,MF,Norwich City,30,1989,7.1,47.5,60.8,78.0,827.6,246.9,23.4,26.1,89.7,18.2,22.1,82.2,4.79,10.1,47.2,0.00,0.15,-0.15,1.13,4.51,0.85,0.00,6.90,Matches
487,Matìj Vydra\Matej-Vydra,cz CZE,FW,Burnley,27,1992,9.1,11.2,15.2,73.9,125.6,19.5,7.69,9.45,81.4,2.53,3.85,65.7,0.11,0.22,50.0,0.11,0.12,-0.01,0.88,0.66,0.00,0.00,0.22,Matches
488,Theo Walcott\Theo-Walcott,eng ENG,MFFW,Everton,30,1989,14.3,18.6,28.3,65.7,301.3,88.3,10.2,13.4,76.0,6.64,9.44,70.4,1.47,3.22,45.7,0.21,0.20,0.01,1.33,1.33,1.26,0.42,2.38,Matches
489,Kyle Walker\Kyle-Walker,eng ENG,DF,Manchester City,29,1990,26.6,70.8,80.6,87.9,1447.1,320.2,25.5,27.6,92.4,33.1,36.3,91.3,11.7,14.5,80.3,0.15,0.08,0.07,0.64,8.38,1.02,0.23,5.75,Matches
490,Kyle Walker-Peters\Kyle-Walker-Peters,eng ENG,DF,Southampton,22,1997,7.8,43.2,55.9,77.3,678.6,198.5,23.3,25.5,91.5,15.6,20.1,77.7,3.21,7.05,45.5,0.00,0.06,-0.06,0.51,2.05,1.15,0.00,2.18,Matches
491,Kyle Walker-Peters\Kyle-Walker-Peters,eng ENG,DF,Tottenham,22,1997,2.7,67.8,79.3,85.5,1131.1,282.6,34.4,35.9,95.9,27.4,30.7,89.2,5.56,9.63,57.7,0.00,0.04,-0.04,0.74,3.33,0.37,0.00,3.70,Matches
492,Aaron Wan-Bissaka\Aaron-Wan-Bissaka,eng ENG,DF,Manchester Utd,21,1997,34.1,49.1,60.5,81.2,729.8,278.1,28.9,31.9,90.7,16.8,20.7,80.9,2.26,4.52,50.0,0.12,0.09,0.03,0.76,3.11,0.59,0.29,4.19,Matches
493,Victor Wanyama\Victor-Wanyama,ke KEN,MF,Tottenham,28,1991,0.3,60.0,63.3,94.7,1273.3,423.3,20.0,23.3,85.7,20.0,20.0,100.0,13.3,13.3,100.0,0.00,0.00,0.00,0.00,10.0,0.00,0.00,16.7,Matches
494,Joel Ward\Joel-Ward,eng ENG,DF,Crystal Palace,29,1989,26.5,35.2,47.5,74.0,588.4,265.7,18.5,20.7,89.2,12.0,15.8,75.7,3.62,8.00,45.3,0.00,0.01,-0.01,0.19,2.68,0.57,0.26,3.02,Matches
495,James Ward-Prowse\James-Ward-Prowse,eng ENG,MFDF,Southampton,24,1994,38.0,38.4,51.9,74.0,730.6,221.9,15.7,17.9,87.8,16.5,19.7,83.6,5.24,12.3,42.6,0.08,0.14,-0.06,1.61,3.50,0.89,0.13,3.95,Matches
496,Kelland Watts\Kelland-Watts,eng ENG,DF,Newcastle Utd,19,1999,0.2,5.00,20.0,25.0,85.0,15.0,0.00,0.00,,5.00,5.00,100.0,0.00,15.0,0.0,0.00,0.00,0.00,0.00,0.00,0.00,0.00,0.00,Matches
497,Adam Webster\Adam-Webster,eng ENG,DF,Brighton,24,1995,29.6,52.3,61.6,84.8,1140.3,390.0,15.5,17.1,90.5,26.6,29.7,89.7,9.93,14.0,71.0,0.03,0.03,0.00,0.34,3.07,0.17,0.03,3.18,Matches
498,Danny Welbeck\Danny-Welbeck,eng ENG,FWMF,Watford,28,1990,9.1,14.4,18.5,78.0,196.8,49.1,9.01,10.8,83.7,4.29,5.49,78.0,0.44,0.77,57.1,0.00,0.02,-0.02,0.33,1.10,0.44,0.00,1.43,Matches
499,Ashley Westwood\Ashley-Westwood,eng ENG,MF,Burnley,29,1990,35.0,39.5,53.0,74.5,813.0,238.2,14.9,17.1,87.3,16.2,19.5,83.1,7.49,14.7,50.9,0.17,0.14,0.03,1.46,4.51,0.80,0.17,4.29,Matches
500,Connor Wickham\Connor-Wickham,eng ENG,FWMF,Crystal Palace,26,1993,1.1,26.4,40.0,65.9,400.0,81.8,16.4,22.7,72.0,5.45,9.09,60.0,2.73,3.64,75.0,0.91,0.45,0.45,1.82,1.82,0.00,0.00,1.82,Matches
501,Georginio Wijnaldum\Georginio-Wijnaldum,nl NED,MF,Liverpool,28,1990,32.6,45.3,49.9,90.7,781.3,142.0,21.9,23.8,91.9,18.6,19.7,94.5,4.05,4.75,85.2,0.00,0.04,-0.04,0.55,4.02,0.67,0.00,3.13,Matches
502,Jetro Willems\Jetro-Willems,nl NED,DF,Newcastle Utd,25,1994,16.6,24.6,35.1,70.1,451.4,216.9,9.94,11.6,85.9,11.9,16.1,73.8,2.53,5.96,42.4,0.12,0.07,0.05,0.96,1.81,0.78,0.30,2.47,Matches
503,Brandon Williams\Brandon-Williams,eng ENG,DF,Manchester Utd,18,2000,11.2,47.4,56.8,83.5,755.7,240.4,26.0,28.8,90.4,17.9,20.6,87.0,2.86,5.80,49.2,0.00,0.05,-0.05,1.16,2.50,1.70,0.36,4.11,Matches
504,Neco Williams\Neco-Williams,wal WAL,DF,Liverpool,18,2001,2.6,63.5,78.8,80.5,1229.2,269.2,25.0,26.9,92.9,29.2,34.6,84.4,8.46,13.8,61.1,0.00,0.04,-0.04,0.77,2.31,1.15,0.38,2.69,Matches
505,Willian\Willian,br BRA,FW,Chelsea,30,1988,28.9,43.1,55.4,77.9,777.0,178.7,22.0,25.4,86.8,14.2,17.2,82.7,5.95,10.3,57.5,0.24,0.24,0.00,2.46,2.46,2.35,0.42,4.98,Matches
506,Joe Willock\Joe-Willock,eng ENG,MFFW,Arsenal,19,1999,9.5,31.5,38.7,81.3,548.9,152.4,15.1,17.5,86.1,12.0,13.8,87.0,3.26,5.58,58.5,0.11,0.08,0.02,1.26,3.26,0.84,0.21,3.58,Matches
507,Jack Wilshere\Jack-Wilshere,eng ENG,MF,West Ham,27,1992,2.4,25.4,30.4,83.6,351.3,67.9,16.3,18.3,88.6,7.50,8.75,85.7,1.25,2.08,60.0,0.00,0.00,0.00,0.00,0.83,0.00,0.00,0.42,Matches
508,Callum Wilson\Callum-Wilson,eng ENG,FW,Bournemouth,27,1992,32.3,10.7,16.6,64.5,160.8,35.4,5.98,8.42,71.0,3.34,4.83,69.2,0.77,1.27,61.0,0.03,0.10,-0.07,0.77,0.99,0.46,0.09,1.11,Matches
509,Harry Wilson\Harry-Wilson,wal WAL,MFFW,Bournemouth,22,1997,18.3,24.8,33.3,74.5,485.5,113.8,11.3,13.3,85.2,9.23,11.6,79.7,3.93,6.34,62.1,0.00,0.09,-0.09,0.82,2.02,1.48,0.11,3.22,Matches
510,Harry Winks\Harry-Winks,eng ENG,MF,Tottenham,23,1996,24.7,59.4,67.0,88.5,1150.6,303.2,23.6,25.6,92.4,26.0,28.3,91.6,8.91,11.7,76.1,0.00,0.04,-0.04,0.73,6.03,0.61,0.08,5.59,Matches
511,Chris Wood\Chris-Wood,nz NZL,FW,Burnley,27,1991,27.1,11.5,17.8,64.6,150.3,17.9,7.64,10.5,72.6,2.58,4.80,53.8,0.52,0.92,56.0,0.04,0.03,0.00,0.70,0.37,0.15,0.00,0.55,Matches
512,Granit Xhaka\Granit-Xhaka,ch SUI,MF,Arsenal,26,1992,28.7,57.7,65.7,87.8,1195.5,297.5,19.5,21.7,89.7,27.7,30.3,91.4,10.0,12.5,79.9,0.07,0.04,0.03,0.52,6.66,0.80,0.10,5.57,Matches
513,Andriy Yarmolenko\Andriy-Yarmolenko,ua UKR,MFFW,West Ham,29,1989,11.0,30.7,38.5,79.7,505.3,125.4,17.4,19.5,89.3,8.36,10.4,80.7,3.73,6.36,58.6,0.09,0.25,-0.15,1.64,1.18,1.00,0.27,3.27,Matches
514,DeAndre Yedlin\DeAndre-Yedlin,us USA,DF,Newcastle Utd,26,1993,10.4,21.9,30.4,72.2,358.2,148.3,13.0,15.0,86.5,5.87,8.94,65.6,2.50,4.90,51.0,0.00,0.03,-0.03,0.67,1.06,0.87,0.58,1.54,Matches
515,Maya Yoshida\Maya-Yoshida,jp JPN,DF,Southampton,30,1988,6.2,33.4,39.8,83.8,651.1,212.7,13.1,14.4,91.0,16.0,17.6,90.8,3.87,7.26,53.3,0.00,0.00,0.00,0.00,1.61,0.16,0.00,1.61,Matches
516,Ashley Young\Ashley-Young,eng ENG,DF,Manchester Utd,34,1985,10.6,53.3,69.3,76.9,1056.6,433.7,21.7,23.7,91.6,23.7,27.9,84.8,7.64,15.8,48.2,0.00,0.11,-0.11,1.60,5.57,1.13,0.28,5.94,Matches
517,Pablo Zabaleta\Pablo-Zabaleta,ar ARG,DF,West Ham,34,1985,6.6,37.4,49.4,75.8,617.9,280.5,19.8,22.3,89.1,14.5,18.6,78.0,2.88,6.36,45.2,0.00,0.06,-0.06,0.61,4.24,0.91,0.30,4.24,Matches
518,Wilfried Zaha\Wilfried-Zaha,ci CIV,MFFW,Crystal Palace,26,1992,36.4,25.7,32.6,78.7,414.7,115.8,14.4,16.8,85.8,8.38,10.2,82.2,2.31,3.38,68.3,0.08,0.09,-0.01,0.99,1.68,2.06,0.38,4.09,Matches
519,Christoph Zimmermann\Christoph-Zimmermann,de GER,DF,Norwich City,26,1993,15.9,30.9,38.3,80.8,682.1,237.3,8.74,9.37,93.3,15.8,17.5,90.3,6.23,10.8,57.6,0.06,0.01,0.06,0.06,1.45,0.06,0.00,1.82,Matches
520,Oleksandr Zinchenko\Oleksandr-Zinchenko,ua UKR,DF,Manchester City,22,1996,14.2,84.4,94.9,88.9,1470.9,390.9,37.7,40.5,93.0,38.5,43.1,89.2,7.39,9.44,78.4,0.00,0.11,-0.11,1.27,7.11,2.11,0.77,8.45,Matches
521,Richairo Živkoviæ\Richairo-Zivkovic,nl NED,FW,Sheffield Utd,22,1996,1.2,13.3,15.0,88.9,201.7,20.8,7.50,8.33,90.0,4.17,5.00,83.3,0.83,0.83,100.0,0.00,0.17,-0.17,1.67,0.00,0.83,0.83,0.00,Matches
522,Kurt Zouma\Kurt-Zouma,fr FRA,DF,Chelsea,24,1994,26.0,68.2,76.2,89.4,1586.0,401.1,16.0,17.3,92.4,37.2,39.7,93.7,14.7,18.3,80.1,0.00,0.01,-0.01,0.04,4.15,0.08,0.00,3.15,Matches
