Rk,Player,Nation,Pos,Squad,Age,Born,90s,Touches,Def Pen,Def 3rd,Mid 3rd,Att 3rd,Att Pen,Live,Succ,Att,Succ%,#Pl,Megs,Carries,TotDist,PrgDist,Targ,Rec,Rec%,Miscon,Dispos,Matches
1,Patrick van Aanholt\Patrick-van-Aanholt,nl NED,DF,Crystal Palace,28,1990,27.9,65.9,3.48,19.0,31.6,19.0,1.79,52.3,0.65,1.29,50.0,0.65,0.07,35.8,202.5,112.2,38.7,35.6,92.1,0.75,0.57,Matches
2,Max Aarons\Max-Aarons,eng ENG,DF,Norwich City,19,2000,36.0,59.3,4.94,22.3,25.1,16.5,1.44,50.6,1.36,2.61,52.1,1.53,0.06,36.7,263.6,151.1,38.9,34.6,88.9,1.08,1.33,Matches
3,Tammy Abraham\Tammy-Abraham,eng ENG,FW,Chelsea,21,1997,24.6,30.0,1.26,2.40,14.4,14.3,6.71,28.0,0.85,1.46,58.3,0.89,0.00,17.4,94.2,47.3,43.7,20.1,46.0,2.89,1.91,Matches
4,Che Adams\Che-Adams,eng ENG,FW,Southampton,23,1996,12.3,35.9,0.81,2.85,16.6,19.1,5.53,35.2,1.22,2.20,55.6,1.22,0.08,25.0,149.7,68.9,53.4,25.6,47.9,3.58,2.36,Matches
5,Adrián\Adrian,es ESP,GK,Liverpool,32,1987,9.7,34.8,31.0,34.8,0.00,0.00,0.00,25.2,0.00,0.00,,0.00,0.00,16.8,66.1,36.6,16.0,15.9,99.4,0.00,0.00,Matches
6,Sergio Agüero\Sergio-Aguero,ar ARG,FW,Manchester City,31,1988,16.1,35.5,0.12,1.30,13.0,23.8,9.57,34.2,1.68,2.80,60.0,1.74,0.12,26.6,157.5,87.2,48.4,28.0,57.7,1.49,2.55,Matches
7,Albian Ajeti\Albian-Ajeti,ch SUI,MFFW,West Ham,22,1997,1.5,22.0,0.00,0.67,6.00,16.0,6.00,21.3,0.00,0.00,,0.00,0.00,10.7,50.0,10.7,42.7,16.0,37.5,3.33,2.00,Matches
8,Nathan Aké\Nathan-Ake,nl NED,DF,Bournemouth,24,1995,27.8,54.2,9.96,33.2,21.4,3.09,1.22,52.3,0.18,0.18,100.0,0.18,0.00,30.4,189.2,104.5,34.1,32.4,94.9,0.25,0.18,Matches
9,Marc Albrighton\Marc-Albrighton,eng ENG,MFDF,Leicester City,29,1989,9.6,64.8,1.35,11.6,26.9,30.4,2.40,61.1,1.04,3.02,34.5,1.35,0.21,43.8,266.7,122.8,51.5,44.6,86.6,0.94,1.25,Matches
10,Toby Alderweireld\Toby-Alderweireld,be BEL,DF,Tottenham,30,1989,32.9,68.8,10.8,37.3,31.5,3.47,0.67,66.4,0.00,0.06,0.0,0.00,0.00,41.4,198.4,92.9,46.7,45.6,97.7,0.09,0.06,Matches
11,Trent Alexander-Arnold\Trent-Alexander-Arnold,eng ENG,DF,Liverpool,20,1998,35.3,99.7,3.00,24.1,46.5,35.2,1.78,81.2,0.74,1.59,46.4,0.85,0.11,59.7,264.5,161.7,66.9,63.2,94.4,1.02,0.62,Matches
12,Alisson\Alisson,br BRA,GK,Liverpool,26,1992,28.3,34.8,28.4,34.5,0.32,0.00,0.00,26.9,0.00,0.00,,0.00,0.00,19.4,74.7,38.5,17.5,17.3,99.2,0.04,0.00,Matches
13,Dele Alli\Dele-Alli,eng ENG,MFFW,Tottenham,23,1996,20.5,55.2,1.80,8.34,28.0,23.0,4.68,52.5,1.56,3.07,50.8,1.76,0.34,36.4,223.6,122.0,53.8,37.7,70.1,2.20,2.73,Matches
14,Miguel Almirón\Miguel-Almiron,py PAR,MFFW,Newcastle Utd,25,1994,33.6,39.0,1.31,9.38,16.5,17.9,2.71,38.6,1.37,2.77,49.5,1.61,0.15,29.0,274.7,155.4,38.1,26.6,69.8,1.79,1.61,Matches
15,Marcos Alonso\Marcos-Alonso,es ESP,DF,Chelsea,28,1990,15.9,82.6,1.89,20.5,35.5,32.1,4.53,72.1,0.75,1.19,63.2,0.75,0.00,52.9,299.1,171.8,58.4,52.1,89.3,1.26,1.38,Matches
16,Steven Alzate\Steven-Alzate,co COL,MFDF,Brighton,20,1998,13.2,63.5,2.35,16.4,30.8,20.6,3.33,59.6,2.50,3.79,66.0,2.65,0.30,46.8,289.8,162.2,48.3,42.2,87.3,1.52,2.12,Matches
17,Ibrahim Amadou\Ibrahim-Amadou,fr FRA,DFMF,Norwich City,26,1993,8.4,56.0,12.9,39.2,16.9,1.67,0.48,55.2,0.24,0.36,66.7,0.24,0.00,30.1,119.8,56.9,35.4,34.4,97.3,0.12,0.12,Matches
18,Felipe Anderson\Felipe-Anderson,br BRA,MFFW,West Ham,26,1993,16.6,70.1,1.57,10.0,37.1,31.0,3.98,68.6,3.98,5.84,68.0,4.22,0.30,56.1,443.6,275.5,62.8,53.6,85.3,1.99,2.11,Matches
19,Florin Andone\Florin-Andone,ro ROU,MFFW,Brighton,26,1993,0.8,36.3,3.75,5.00,15.0,20.0,8.75,35.0,2.50,5.00,50.0,2.50,0.00,21.3,272.5,188.8,41.3,20.0,48.5,6.25,2.50,Matches
20,Angeli?o\Angelino,es ESP,DF,Manchester City,22,1997,4.7,101.5,3.40,21.1,42.3,45.5,2.13,91.3,1.06,1.70,62.5,1.06,0.43,68.3,328.7,200.4,76.8,73.0,95.0,0.64,0.85,Matches
21,Faustino Anjorin\Faustino-Anjorin,eng ENG,FW,Chelsea,17,2001,0.2,60.0,0.00,5.00,25.0,30.0,10.0,60.0,5.00,5.00,100.0,5.00,0.00,50.0,335.0,200.0,55.0,40.0,72.7,0.00,5.00,Matches
22,Michail Antonio\Michail-Antonio,eng ENG,FW,West Ham,29,1990,19.6,43.4,0.61,2.40,15.6,28.4,6.38,41.3,3.62,5.46,66.4,3.78,0.15,30.7,230.8,137.8,57.9,31.9,55.2,3.62,2.50,Matches
23,Stuart Armstrong\Stuart-Armstrong,sco SCO,MF,Southampton,27,1992,19.1,46.2,2.51,8.74,21.6,19.3,2.57,45.2,1.62,2.77,58.5,1.73,0.10,31.0,224.1,121.2,38.3,29.3,76.5,1.94,1.52,Matches
24,Kepa Arrizabalaga\Kepa-Arrizabalaga,es ESP,GK,Chelsea,24,1994,33.0,34.4,30.4,34.2,0.15,0.00,0.00,26.7,0.00,0.00,,0.00,0.00,20.6,79.1,45.1,19.6,19.6,100.0,0.00,0.00,Matches
25,Christian Atsu\Christian-Atsu,gh GHA,FWMF,Newcastle Utd,27,1992,8.3,40.0,1.33,10.2,16.0,19.0,2.41,38.9,2.29,4.82,47.5,2.53,0.12,30.7,237.5,141.4,38.7,25.9,67.0,2.53,2.41,Matches
26,Pierre-Emerick Aubameyang\Pierre-Emerick-Aubameyang,ga GAB,FW,Arsenal,30,1989,34.8,35.9,0.83,4.57,14.4,19.3,4.83,34.9,0.72,1.41,51.0,0.83,0.00,24.9,178.7,112.0,43.9,27.0,61.5,1.67,1.12,Matches
27,Serge Aurier\Serge-Aurier,ci CIV,DF,Tottenham,26,1992,30.0,68.6,4.00,19.4,29.8,22.7,1.80,59.6,1.53,2.43,63.0,1.53,0.23,39.9,187.3,104.6,43.2,38.2,88.4,1.20,1.03,Matches
28,Jordan Ayew\Jordan-Ayew,gh GHA,FWMF,Crystal Palace,27,1991,35.0,39.0,0.86,5.09,19.2,18.1,3.83,38.0,2.14,3.34,64.1,2.23,0.11,28.9,219.9,109.4,48.1,27.3,56.8,2.83,3.09,Matches
29,César Azpilicueta\Cesar-Azpilicueta,es ESP,DF,Chelsea,29,1989,35.9,91.2,3.70,27.5,43.1,24.4,2.73,80.2,0.42,0.67,62.5,0.47,0.03,54.2,200.2,114.3,62.1,58.4,93.9,0.67,0.36,Matches
30,Eric Bailly\Eric-Bailly,ci CIV,DF,Manchester Utd,25,1994,1.7,51.2,8.82,22.9,29.4,0.00,0.00,51.2,0.59,0.59,100.0,0.59,0.00,34.1,146.5,85.3,30.6,30.6,100.0,0.00,1.18,Matches
31,Leighton Baines\Leighton-Baines,eng ENG,DF,Everton,34,1984,4.5,56.7,4.89,13.3,21.8,22.9,0.22,45.1,0.22,0.44,50.0,0.44,0.00,30.2,111.6,62.4,33.1,30.2,91.3,0.67,0.67,Matches
32,Fabián Balbuena\Fabian-Balbuena,py PAR,DF,West Ham,27,1991,13.1,49.8,7.33,26.7,23.7,2.06,1.22,48.5,0.00,0.00,,0.00,0.00,23.5,135.7,74.7,26.3,25.1,95.6,0.15,0.00,Matches
33,George Baldock\George-Baldock,eng ENG,DF,Sheffield Utd,26,1993,38.0,50.9,2.79,10.9,18.2,24.5,1.68,43.2,1.13,1.76,64.2,1.21,0.00,30.4,197.1,102.3,32.9,27.8,84.4,0.87,0.82,Matches
34,Phil Bardsley\Phil-Bardsley,sco SCO,DF,Burnley,34,1985,21.0,53.8,4.52,16.3,28.2,11.4,0.52,42.8,0.24,0.38,62.5,0.24,0.00,21.9,113.9,57.0,24.8,23.2,93.8,0.29,0.33,Matches
35,Ross Barkley\Ross-Barkley,eng ENG,MF,Chelsea,25,1993,12.3,63.3,1.22,7.56,33.3,27.3,3.41,62.5,2.68,3.41,78.6,2.76,0.08,52.8,318.0,151.4,56.5,50.2,88.9,1.63,3.01,Matches
36,Ashley Barnes\Ashley-Barnes,eng ENG,FW,Burnley,29,1989,15.0,29.0,1.00,3.07,13.0,14.0,3.60,28.4,0.73,1.13,64.7,0.87,0.00,17.1,70.5,30.7,47.1,19.9,42.2,2.73,1.33,Matches
37,Harvey Barnes\Harvey-Barnes,eng ENG,MFFW,Leicester City,21,1997,23.1,44.1,0.61,4.50,18.0,25.5,5.76,44.0,1.60,3.38,47.4,1.86,0.17,33.8,273.9,187.3,48.2,35.6,73.9,2.16,1.73,Matches
38,Chris Basham\Chris-Basham,eng ENG,DF,Sheffield Utd,31,1988,36.0,54.2,6.92,22.3,24.4,10.2,1.17,49.7,0.75,0.89,84.4,0.75,0.00,26.7,148.1,81.2,27.5,25.1,91.5,0.56,0.42,Matches
39,Borja Bastón\Borja-Baston,es ESP,MFFW,Aston Villa,26,1992,0.2,35.0,5.00,5.00,25.0,15.0,5.00,35.0,0.00,0.00,,0.00,0.00,25.0,150.0,95.0,35.0,20.0,57.1,5.00,0.00,Matches
40,Michy Batshuayi\Michy-Batshuayi,be BEL,FW,Chelsea,25,1993,2.7,44.4,0.74,4.81,20.0,22.6,11.9,42.2,1.48,2.96,50.0,2.22,0.00,31.1,193.7,111.9,67.0,32.2,48.1,3.70,1.48,Matches
41,Jan Bednarek\Jan-Bednarek,pl POL,DF,Southampton,23,1996,34.0,57.0,7.65,28.1,29.5,1.32,0.50,55.2,0.06,0.06,100.0,0.06,0.00,26.4,113.7,54.5,28.4,28.0,98.7,0.15,0.03,Matches
42,Héctor Bellerín\Hector-Bellerin,es ESP,DF,Arsenal,24,1995,12.9,64.9,2.64,19.7,33.3,16.4,2.17,55.0,1.24,2.71,45.7,1.63,0.16,37.9,223.8,140.3,42.5,38.8,91.2,0.85,1.24,Matches
43,Ryan Bennett\Ryan-Bennett,eng ENG,DF,Wolves,29,1990,6.7,47.0,7.46,25.2,19.9,4.03,1.04,44.8,0.00,0.00,,0.00,0.00,21.5,71.3,35.4,24.2,23.4,96.9,0.00,0.45,Matches
44,Ryan Bennett\Ryan-Bennett,eng ENG,DF,Leicester City,29,1990,3.7,67.0,3.24,28.4,37.3,5.95,0.00,61.6,0.00,0.00,,0.00,0.00,35.7,196.8,100.5,43.8,41.9,95.7,0.00,0.00,Matches
45,Nabil Bentaleb\Nabil-Bentaleb,dz ALG,MF,Newcastle Utd,24,1994,8.3,58.1,2.89,17.1,36.3,6.75,0.24,56.7,0.72,0.96,75.0,0.72,0.12,32.0,128.3,50.1,36.0,34.7,96.3,0.12,0.48,Matches
46,Christian Benteke\Christian-Benteke,be BEL,FW,Crystal Palace,28,1990,14.0,38.6,2.57,3.71,16.9,19.6,6.64,37.6,1.07,1.79,60.0,1.21,0.00,19.4,134.8,69.1,51.7,28.7,55.5,3.14,2.14,Matches
47,Jóhann Berg Gu?mundsson\Johann-Berg-Gudmundsson,is ISL,MF,Burnley,28,1990,6.9,36.1,1.59,5.22,12.5,21.2,3.91,34.8,0.87,1.16,75.0,0.87,0.14,25.9,170.4,82.8,31.3,23.0,73.6,0.58,1.01,Matches
48,Sander Berge\Sander-Berge,no NOR,MF,Sheffield Utd,21,1998,10.5,47.3,2.29,8.48,21.4,20.0,2.00,46.5,1.33,1.62,82.4,1.43,0.00,29.5,181.7,88.1,34.1,29.4,86.3,0.95,1.52,Matches
49,Steven Bergwijn\Steven-Bergwijn,nl NED,FWMF,Tottenham,21,1997,7.8,45.0,0.51,6.79,21.9,20.5,3.46,43.5,1.28,3.33,38.5,1.67,0.00,30.1,237.4,146.5,43.8,29.9,68.1,1.54,2.05,Matches
50,Bernard\Bernard,br BRA,MFFW,Everton,26,1992,14.2,53.7,0.70,6.69,27.0,24.7,3.52,52.7,2.61,4.37,59.7,2.96,0.07,42.9,268.5,147.7,48.7,38.5,79.0,2.46,2.39,Matches
51,Bernardo\Bernardo,br BRA,DF,Brighton,24,1995,7.5,64.4,4.00,21.3,28.1,18.8,1.87,57.7,1.20,1.60,75.0,1.33,0.00,37.5,229.9,133.7,43.6,38.0,87.2,1.73,1.33,Matches
52,Ryan Bertrand\Ryan-Bertrand,eng ENG,DF,Southampton,29,1989,30.5,65.0,2.26,13.8,30.7,24.2,1.70,51.7,0.26,0.85,30.8,0.30,0.03,32.9,192.0,107.3,39.5,34.9,88.3,0.92,1.08,Matches
53,Muhamed Bešiæ\Muhamed-Besic,ba BIH,MF,Sheffield Utd,26,1992,2.8,48.9,3.21,12.9,21.1,17.5,1.07,48.6,3.21,3.57,90.0,3.21,0.00,34.3,174.6,62.1,34.3,30.0,87.5,0.71,0.71,Matches
54,Philip Billing\Philip-Billing,dk DEN,MF,Bournemouth,23,1996,28.1,58.0,4.77,17.0,28.4,15.4,2.14,56.0,0.71,1.39,51.3,0.82,0.00,30.4,163.4,75.7,37.8,31.7,83.8,1.25,1.07,Matches
55,Yves Bissouma\Yves-Bissouma,ml MLI,MF,Brighton,22,1996,14.0,60.0,2.29,16.2,33.6,14.7,0.86,59.3,1.86,3.07,60.5,2.07,0.14,40.9,293.9,145.2,41.9,38.7,92.5,2.29,2.07,Matches
56,Willy Boly\Willy-Boly,ci CIV,DF,Wolves,28,1991,22.0,56.1,6.73,29.7,27.4,2.14,0.86,55.4,0.45,0.55,83.3,0.45,0.00,30.8,144.0,65.2,34.0,32.6,96.0,0.18,0.32,Matches
57,Gaëtan Bong\Gaetan-Bong,cm CMR,MFDF,Brighton,31,1988,0.7,62.9,0.00,5.71,25.7,32.9,4.29,58.6,0.00,1.43,0.0,0.00,0.00,48.6,212.9,120.0,62.9,50.0,79.5,2.86,2.86,Matches
58,Sofiane Boufal\Sofiane-Boufal,ma MAR,MFFW,Southampton,25,1993,8.5,60.6,0.71,6.24,23.9,37.9,6.24,59.6,6.35,11.3,56.3,7.18,0.35,52.6,452.1,293.1,55.1,44.9,81.6,2.47,4.82,Matches
59,Jarrod Bowen\Jarrod-Bowen,eng ENG,FW,West Ham,22,1996,10.2,41.3,0.78,7.55,15.8,22.9,5.10,38.5,1.57,3.24,48.5,1.67,0.29,30.7,299.6,160.0,34.5,25.4,73.6,1.67,2.16,Matches
60,Robbie Brady\Robbie-Brady,ie IRL,MF,Burnley,27,1992,5.0,49.8,2.60,9.40,20.4,23.6,3.00,47.6,0.80,2.00,40.0,1.00,0.00,29.6,169.4,80.8,37.2,29.8,80.1,2.40,1.80,Matches
61,Jarrad Branthwaite\Jarrad-Branthwaite,eng ENG,DF,Everton,17,2002,3.3,73.6,13.9,42.1,35.5,0.61,0.00,72.1,0.00,0.00,,0.00,0.00,51.5,264.2,134.5,55.5,55.2,99.5,0.30,0.00,Matches
62,Claudio Bravo\Claudio-Bravo,cl CHI,GK,Manchester City,36,1983,3.9,35.1,29.7,34.9,0.26,0.00,0.00,25.9,0.26,0.26,100.0,0.26,0.00,19.5,72.6,37.4,19.7,19.5,98.7,0.00,0.00,Matches
63,Armando Broja\Armando-Broja,al ALB,FW,Chelsea,17,2001,0.1,50.0,0.00,0.00,10.0,40.0,0.00,50.0,0.00,0.00,,0.00,0.00,50.0,150.0,10.0,70.0,50.0,71.4,10.0,10.0,Matches
64,David Brooks\David-Brooks,wal WAL,MF,Bournemouth,22,1997,5.6,42.1,0.71,5.18,15.2,24.6,1.79,38.2,2.32,4.46,52.0,2.50,0.54,29.5,183.0,93.4,39.5,30.4,76.9,1.79,1.43,Matches
65,Josh Brownhill\Josh-Brownhill,eng ENG,MF,Burnley,23,1995,8.9,46.1,3.48,11.0,24.6,12.0,1.01,45.3,0.79,0.79,100.0,0.79,0.00,23.9,104.6,42.1,31.0,27.4,88.4,0.90,0.45,Matches
66,Emi Buendía\Emi-Buendia,ar ARG,FWMF,Norwich City,22,1996,27.4,72.4,2.15,14.4,34.9,28.5,2.08,65.6,3.87,5.07,76.3,4.05,0.11,53.2,299.8,180.8,56.9,48.5,85.1,2.45,3.28,Matches
67,Dan Burn\Dan-Burn,eng ENG,DF,Brighton,27,1992,32.0,70.2,5.41,24.5,34.9,14.9,1.00,61.7,0.78,1.34,58.1,0.84,0.06,38.9,211.8,111.3,44.9,41.7,92.8,0.78,1.16,Matches
68,Sam Byram\Sam-Byram,eng ENG,DF,Norwich City,25,1993,14.4,70.3,6.32,26.7,28.2,18.3,2.85,60.8,0.35,0.97,35.7,0.49,0.14,32.4,155.8,78.3,40.6,36.0,88.5,1.32,0.49,Matches
69,Willy Caballero\Willy-Caballero,ar ARG,GK,Chelsea,37,1981,5.0,35.4,33.2,35.4,0.00,0.00,0.00,29.2,0.00,0.00,,0.00,0.00,23.2,84.4,41.6,22.0,22.0,100.0,0.00,0.00,Matches
70,Gary Cahill\Gary-Cahill,eng ENG,DF,Crystal Palace,33,1985,24.1,50.1,8.34,30.3,20.2,2.37,1.74,48.5,0.33,0.41,80.0,0.33,0.00,27.3,155.7,65.2,31.5,30.2,96.0,0.29,0.17,Matches
71,Dominic Calvert-Lewin\Dominic-Calvert-Lewin,eng ENG,FW,Everton,22,1997,29.2,33.3,1.30,2.77,14.5,17.7,4.93,32.5,0.51,1.16,44.1,0.62,0.03,17.2,115.1,45.2,47.8,25.4,53.1,3.66,1.34,Matches
72,Víctor Camarasa\Victor-Camarasa,es ESP,MF,Crystal Palace,25,1994,0.1,30.0,0.00,0.00,30.0,0.00,0.00,30.0,0.00,0.00,,0.00,0.00,30.0,280.0,90.0,30.0,30.0,100.0,0.00,0.00,Matches
73,Jo?o Cancelo\Joao-Cancelo,pt POR,DF,Manchester City,25,1994,13.4,96.6,2.16,18.8,53.9,30.8,2.46,89.2,3.43,4.70,73.0,3.66,0.30,72.3,372.8,202.8,72.4,69.5,96.0,0.82,0.97,Matches
74,Todd Cantwell\Todd-Cantwell,eng ENG,FWMF,Norwich City,21,1998,27.7,54.5,1.52,9.89,27.3,21.9,3.29,53.4,2.06,3.39,60.6,2.20,0.04,39.8,252.2,134.6,50.6,40.1,79.3,2.13,1.81,Matches
75,Étienne Capoue\Etienne-Capoue,fr FRA,MF,Watford,31,1988,29.2,59.9,3.36,15.8,38.7,7.60,0.41,57.2,1.10,1.51,72.7,1.13,0.07,35.9,149.1,67.3,36.1,34.1,94.5,0.34,0.96,Matches
76,Andy Carroll\Andy-Carroll,eng ENG,FW,Newcastle Utd,30,1989,7.0,45.7,3.71,6.29,21.1,19.6,4.43,45.0,0.71,1.14,62.5,0.86,0.14,22.3,95.6,31.1,57.7,33.1,57.4,4.00,2.71,Matches
77,Jonny Castro\Jonny-Castro,es ESP,DF,Wolves,25,1994,32.1,58.1,2.37,14.7,25.6,21.1,2.18,48.7,0.93,2.37,39.5,1.25,0.06,33.8,211.1,135.2,37.4,32.5,86.9,1.28,1.56,Matches
78,Craig Cathcart\Craig-Cathcart,nir NIR,DF,Watford,30,1989,27.6,41.9,5.80,23.0,19.5,0.87,0.40,41.1,0.14,0.22,66.7,0.14,0.00,22.0,95.5,38.6,21.7,21.2,97.3,0.11,0.18,Matches
79,Dani Ceballos\Dani-Ceballos,es ESP,MF,Arsenal,22,1996,18.8,79.4,2.98,18.5,47.1,21.2,1.12,74.3,1.54,2.18,70.7,1.65,0.21,57.6,396.8,213.4,60.3,57.1,94.7,0.64,1.33,Matches
80,Nathaniel Chalobah\Nathaniel-Chalobah,eng ENG,MF,Watford,24,1994,10.3,47.4,2.62,10.9,27.3,11.4,0.87,45.1,0.58,1.36,42.9,0.58,0.29,25.8,108.6,50.3,28.8,23.9,82.8,0.68,1.17,Matches
81,Calum Chambers\Calum-Chambers,eng ENG,DF,Arsenal,24,1995,12.2,84.3,10.7,37.5,35.1,15.4,2.13,76.7,1.07,1.48,72.2,1.07,0.08,55.8,242.3,134.3,58.6,55.6,94.8,0.57,0.90,Matches
82,Ben Chilwell\Ben-Chilwell,eng ENG,DF,Leicester City,22,1996,26.4,87.5,2.95,23.9,43.6,27.6,2.12,76.3,0.87,1.74,50.0,0.95,0.00,56.8,388.4,235.7,61.9,57.7,93.3,1.33,1.40,Matches
83,Tahith Chong\Tahith-Chong,nl NED,FWMF,Manchester Utd,19,1999,0.4,50.0,2.50,5.00,22.5,25.0,5.00,50.0,2.50,7.50,33.3,2.50,0.00,50.0,280.0,142.5,57.5,42.5,73.9,5.00,0.00,Matches
84,Hamza Choudhury\Hamza-Choudhury,eng ENG,MF,Leicester City,21,1997,9.9,61.5,2.93,16.5,36.9,10.8,1.11,60.5,0.71,1.31,53.8,0.71,0.00,40.4,158.6,65.5,43.3,40.7,93.9,0.51,0.91,Matches
85,Andreas Christensen\Andreas-Christensen,dk DEN,DF,Chelsea,23,1996,19.5,74.3,8.67,38.3,38.3,2.26,0.62,72.7,0.10,0.10,100.0,0.10,0.00,52.5,313.6,170.8,54.8,54.2,98.9,0.15,0.10,Matches
86,Ciaran Clark\Ciaran-Clark,ie IRL,DF,Newcastle Utd,29,1989,13.2,37.5,8.11,22.4,14.0,2.50,0.68,35.7,0.38,0.53,71.4,0.38,0.08,16.3,81.1,29.7,16.9,15.7,92.8,0.30,0.15,Matches
87,Leon Clarke\Leon-Clarke,eng ENG,FWMF,Sheffield Utd,34,1985,0.4,27.5,5.00,10.0,5.00,12.5,5.00,27.5,0.00,0.00,,0.00,0.00,2.50,12.5,10.0,35.0,20.0,57.1,0.00,0.00,Matches
88,Tom Cleverley\Tom-Cleverley,eng ENG,MF,Watford,29,1989,10.8,54.0,2.04,10.0,26.6,19.8,2.31,51.4,0.37,0.56,66.7,0.37,0.00,34.6,125.8,54.4,41.6,34.6,83.3,0.74,0.56,Matches
89,Conor Coady\Conor-Coady,eng ENG,DF,Wolves,26,1993,38.0,53.8,9.45,35.9,20.7,0.03,0.00,52.9,0.16,0.16,100.0,0.16,0.00,34.8,182.4,83.2,35.7,35.6,99.6,0.08,0.05,Matches
90,Séamus Coleman\Seamus-Coleman,ie IRL,DF,Everton,30,1988,20.4,64.1,4.26,21.3,31.0,16.1,1.47,53.4,1.86,3.04,61.3,2.16,0.29,38.4,246.5,137.5,38.3,33.9,88.4,1.18,0.83,Matches
91,Aaron Connolly\Aaron-Connolly,ie IRL,FW,Brighton,19,2000,14.0,24.9,0.14,1.50,10.6,14.2,4.36,23.9,0.43,1.14,37.5,0.43,0.07,16.3,122.4,67.6,38.2,16.8,43.9,3.00,2.43,Matches
92,Lewis Cook\Lewis-Cook,eng ENG,MF,Bournemouth,22,1997,15.0,57.5,2.73,14.5,30.8,15.7,0.87,56.3,2.33,2.87,81.4,2.40,0.33,42.3,223.3,98.7,43.6,39.3,90.2,1.27,1.87,Matches
93,Steve Cook\Steve-Cook,eng ENG,DF,Bournemouth,28,1991,27.0,57.7,9.70,35.0,22.9,2.56,0.96,55.6,0.15,0.15,100.0,0.15,0.00,30.5,166.6,78.7,34.2,33.0,96.5,0.22,0.15,Matches
94,Jack Cork\Jack-Cork,eng ENG,MF,Burnley,30,1989,29.0,42.4,2.21,7.62,27.3,9.79,1.03,42.1,0.90,1.21,74.3,0.90,0.03,25.7,133.3,55.2,27.2,23.1,85.0,0.86,1.52,Matches
95,Aaron Cresswell\Aaron-Cresswell,eng ENG,DF,West Ham,29,1989,30.3,65.0,3.56,18.2,31.2,18.5,0.86,52.2,0.53,1.25,42.1,0.63,0.07,35.5,154.2,76.2,37.6,34.6,91.9,0.30,0.43,Matches
96,Patrick Cutrone\Patrick-Cutrone,it ITA,FW,Wolves,21,1998,3.3,31.8,0.30,3.03,15.5,14.8,5.15,29.7,1.52,2.73,55.6,1.82,0.00,21.2,144.5,70.0,52.4,18.2,34.7,3.03,2.73,Matches
97,Diogo Dalot\Diogo-Dalot,pt POR,DF,Manchester Utd,20,1999,0.7,111.4,5.71,17.1,44.3,50.0,5.71,91.4,0.00,0.00,,0.00,0.00,65.7,328.6,177.1,70.0,65.7,93.9,0.00,7.14,Matches
98,Charlie Daniels\Charlie-Daniels,eng ENG,DF,Bournemouth,32,1986,1.4,44.3,5.71,15.7,18.6,10.0,0.71,37.1,0.00,0.00,,0.00,0.00,26.4,120.7,47.9,21.4,20.7,96.7,0.71,0.00,Matches
99,Scott Dann\Scott-Dann,eng ENG,DF,Crystal Palace,32,1987,14.1,48.4,8.51,30.5,19.1,1.77,1.49,46.5,0.35,0.43,83.3,0.35,0.00,24.5,118.1,69.6,27.7,26.8,96.7,0.07,0.00,Matches
100,Kevin Danso\Kevin-Danso,at AUT,DF,Southampton,20,1998,3.1,66.5,3.87,21.0,33.2,15.5,0.65,55.8,0.97,1.94,50.0,0.97,0.00,37.1,220.0,104.8,39.7,35.2,88.6,2.58,0.32,Matches
101,Ben Davies\Ben-Davies,wal WAL,DF,Tottenham,26,1993,15.9,71.6,3.65,24.2,36.2,14.3,1.45,60.9,0.50,0.94,53.3,0.50,0.00,37.0,173.0,99.4,41.9,40.4,96.3,0.31,0.57,Matches
102,Tom Davies\Tom-Davies,eng ENG,MF,Everton,21,1998,22.5,49.7,2.13,12.8,30.7,9.07,1.02,48.8,0.93,1.51,61.8,1.07,0.00,30.6,172.8,89.7,34.2,30.6,89.5,0.98,1.33,Matches
103,Keinan Davis\Keinan-Davis,eng ENG,FW,Aston Villa,21,1998,6.1,36.9,0.82,2.79,16.7,20.2,5.57,36.1,1.48,2.46,60.0,1.48,0.16,27.5,192.0,93.8,51.0,29.3,57.6,3.11,3.11,Matches
104,Craig Dawson\Craig-Dawson,eng ENG,DF,Watford,29,1990,26.2,46.8,6.41,24.3,21.3,3.02,1.79,45.7,0.08,0.08,100.0,0.08,0.00,24.1,111.3,52.5,26.5,25.1,94.8,0.34,0.23,Matches
105,Kevin De Bruyne\Kevin-De-Bruyne,be BEL,MF,Manchester City,28,1991,31.0,83.1,0.97,7.13,36.6,45.2,5.29,74.4,2.00,3.10,64.6,2.06,0.03,58.5,318.3,210.0,70.3,62.9,89.4,1.39,1.42,Matches
106,Troy Deeney\Troy-Deeney,eng ENG,FW,Watford,31,1988,24.7,38.5,1.05,3.04,18.2,18.4,4.49,37.4,0.45,0.89,50.0,0.45,0.00,17.4,68.9,28.8,55.3,28.6,51.7,2.59,1.05,Matches
107,Fabian Delph\Fabian-Delph,eng ENG,MF,Everton,29,1989,13.2,67.8,2.42,17.5,44.2,11.1,0.08,66.8,1.52,1.82,83.3,1.52,0.00,47.0,247.3,114.5,48.1,46.4,96.5,0.76,0.68,Matches
108,Leander Dendoncker\Leander-Dendoncker,be BEL,MFDF,Wolves,24,1995,31.1,51.4,3.63,18.6,29.0,6.30,1.25,50.9,0.55,0.68,81.0,0.55,0.03,30.8,139.9,69.7,38.1,32.5,85.2,0.74,0.51,Matches
109,Gerard Deulofeu\Gerard-Deulofeu,es ESP,FW,Watford,25,1994,23.3,48.3,0.56,6.22,18.5,28.6,6.65,44.5,2.70,4.64,58.3,2.96,0.09,38.4,345.1,235.8,47.5,33.0,69.5,2.27,2.15,Matches
110,Eric Dier\Eric-Dier,eng ENG,DFMF,Tottenham,25,1994,14.9,69.5,7.92,31.9,36.7,4.09,0.74,68.1,0.20,0.34,60.0,0.27,0.00,41.0,195.4,98.4,48.5,46.8,96.5,0.40,0.27,Matches
111,Lucas Digne\Lucas-Digne,fr FRA,DF,Everton,26,1993,33.7,70.2,3.23,18.6,28.8,26.1,1.87,54.2,0.74,1.28,58.1,0.80,0.06,31.6,170.5,98.2,38.2,33.0,86.3,0.53,0.95,Matches
112,Virgil van Dijk\Virgil-van-Dijk,nl NED,DF,Liverpool,28,1991,38.0,91.2,8.95,37.7,54.8,2.82,1.26,89.0,0.08,0.13,60.0,0.11,0.00,61.1,245.3,128.5,67.6,66.2,97.9,0.05,0.05,Matches
113,Issa Diop\Issa-Diop,fr FRA,DF,West Ham,22,1997,30.7,41.3,7.79,22.8,19.5,1.11,0.72,39.9,0.13,0.16,80.0,0.13,0.00,19.6,129.4,62.8,20.4,19.6,96.5,0.10,0.16,Matches
114,Moussa Djenepo\Moussa-Djenepo,ml MLI,MFDF,Southampton,21,1998,10.3,45.4,1.46,8.25,19.0,22.1,4.66,44.5,4.66,6.80,68.6,4.76,0.10,34.9,294.0,198.7,42.7,30.9,72.3,3.30,2.33,Matches
115,Matt Doherty\Matt-Doherty,ie IRL,DF,Wolves,27,1992,31.5,68.5,2.60,16.2,34.9,21.0,3.02,57.9,0.92,1.68,54.7,0.95,0.16,37.7,199.2,129.3,49.0,41.9,85.5,1.43,0.73,Matches
116,Abdoulaye Doucouré\Abdoulaye-Doucoure,fr FRA,MF,Watford,26,1993,35.1,58.8,2.19,12.1,31.7,18.9,2.79,58.5,1.40,2.22,62.8,1.45,0.06,40.7,207.5,112.9,46.1,39.0,84.6,1.25,1.42,Matches
117,Thomas Doyle\Thomas-Doyle,eng ENG,MFFW,Manchester City,17,2001,0.2,100.0,0.00,10.0,80.0,35.0,0.00,100.0,0.00,0.00,,0.00,0.00,95.0,500.0,100.0,95.0,95.0,100.0,0.00,0.00,Matches
118,Danny Drinkwater\Danny-Drinkwater,eng ENG,MF,Burnley,29,1990,0.6,43.3,3.33,10.0,31.7,1.67,0.00,41.7,0.00,1.67,0.0,0.00,0.00,18.3,71.7,8.33,26.7,18.3,68.8,0.00,1.67,Matches
119,Danny Drinkwater\Danny-Drinkwater,eng ENG,MF,Aston Villa,29,1990,2.9,68.6,2.07,21.4,37.9,11.4,0.69,67.2,0.69,1.03,66.7,0.69,0.00,40.3,168.6,59.7,46.9,43.4,92.6,0.69,2.07,Matches
120,Josip Drmiæ\Josip-Drmic,ch SUI,FWMF,Norwich City,26,1992,7.2,33.5,0.83,2.78,18.8,13.3,3.33,31.8,0.83,1.94,42.9,0.83,0.28,21.5,94.7,36.1,41.8,22.2,53.2,3.47,1.81,Matches
121,Martin Dúbravka\Martin-Dubravka,sk SVK,GK,Newcastle Utd,30,1989,38.0,31.6,27.1,31.4,0.18,0.00,0.00,18.9,0.00,0.00,,0.00,0.00,11.4,68.7,37.5,8.89,8.89,100.0,0.08,0.00,Matches
122,Ondrej Duda\Ondrej-Duda,sk SVK,MF,Norwich City,24,1994,8.0,58.4,2.00,9.88,31.3,19.5,1.13,53.6,0.63,1.50,41.7,0.63,0.38,34.8,153.8,65.8,50.1,38.4,76.6,1.75,0.38,Matches
123,Shane Duffy\Shane-Duffy,ie IRL,DF,Brighton,27,1992,13.8,58.0,8.99,36.6,21.9,2.54,1.16,55.5,0.14,0.36,40.0,0.22,0.00,30.4,146.3,75.9,33.7,33.0,97.8,0.43,0.14,Matches
124,Paul Dummett\Paul-Dummett,wal WAL,DF,Newcastle Utd,27,1991,13.6,48.8,6.76,24.9,19.1,6.32,0.44,45.1,0.07,0.22,33.3,0.07,0.00,24.0,94.6,47.3,26.3,24.6,93.6,0.22,0.07,Matches
125,Lewis Dunk\Lewis-Dunk,eng ENG,DF,Brighton,27,1991,35.9,70.9,12.2,43.6,28.6,2.90,1.20,68.2,0.08,0.19,42.9,0.08,0.00,44.5,244.2,131.7,48.4,47.7,98.6,0.19,0.28,Matches
126,Ederson\Ederson,br BRA,GK,Manchester City,25,1993,34.1,33.2,27.7,32.9,0.67,0.00,0.00,27.9,0.00,0.00,,0.00,0.00,20.6,94.1,62.9,19.6,19.5,99.6,0.06,0.00,Matches
127,John Egan\John-Egan,ie IRL,DF,Sheffield Utd,26,1992,35.4,47.2,7.01,25.4,22.3,1.84,1.33,46.3,0.08,0.08,100.0,0.08,0.03,22.7,132.9,73.1,24.3,23.5,96.5,0.23,0.03,Matches
128,Harvey Elliot\Harvey-Elliot,eng ENG,DF,Liverpool,16,2003,0.1,160.0,0.00,0.00,50.0,110.0,0.00,120.0,10.0,10.0,100.0,10.0,0.00,100.0,440.0,130.0,140.0,110.0,78.6,0.00,10.0,Matches
129,Ahmed Elmohamady\Ahmed-Elmohamady,eg EGY,DF,Aston Villa,31,1987,11.5,62.4,4.26,18.3,28.6,20.5,1.48,54.1,0.52,0.78,66.7,0.61,0.00,37.3,204.4,122.6,40.2,36.9,91.8,0.35,0.43,Matches
130,Björn Engels\Bjorn-Engels,be BEL,DF,Aston Villa,24,1994,16.1,48.2,9.57,30.5,19.1,2.11,0.81,47.0,0.12,0.12,100.0,0.12,0.00,27.0,158.0,90.4,29.1,28.6,98.3,0.00,0.12,Matches
131,Christian Eriksen\Christian-Eriksen,dk DEN,MFFW,Tottenham,27,1992,12.2,71.1,1.39,11.1,35.5,28.5,1.72,63.9,0.25,0.98,25.0,0.25,0.00,45.4,218.9,122.9,55.7,47.0,84.4,1.39,1.15,Matches
132,Jonny Evans\Jonny-Evans,nir NIR,DF,Leicester City,31,1988,37.6,74.7,10.6,39.5,36.5,2.77,1.04,72.7,0.24,0.27,90.0,0.24,0.00,47.2,252.5,141.0,50.7,49.8,98.2,0.16,0.19,Matches
133,£ukasz Fabiañski\Lukasz-Fabianski,pl POL,GK,West Ham,34,1985,23.5,31.0,27.9,31.0,0.00,0.00,0.00,19.8,0.04,0.04,100.0,0.04,0.00,12.9,83.4,42.2,9.74,9.62,98.7,0.04,0.00,Matches
134,Fabinho\Fabinho,br BRA,MF,Liverpool,25,1993,23.1,75.1,1.82,16.5,48.3,14.0,0.56,74.2,0.43,0.52,83.3,0.48,0.04,49.2,223.5,102.0,54.4,52.2,95.9,0.48,0.52,Matches
135,Ralf Fährmann\Ralf-Fahrmann,de GER,GK,Norwich City,30,1988,0.2,60.0,55.0,55.0,5.00,0.00,0.00,45.0,0.00,0.00,,0.00,0.00,20.0,85.0,65.0,20.0,20.0,100.0,0.00,0.00,Matches
136,Akin Famewo\Akin-Famewo,eng ENG,MF,Norwich City,20,1998,0.0,0,0,0,0,0,0,0,0,0,,0,0,0,0,0,0,0,,0,0,Matches
137,Kiko Femenía\Kiko-Femenia,es ESP,DF,Watford,28,1991,24.9,60.4,2.57,17.1,28.3,18.3,0.88,49.4,1.00,1.45,69.4,1.00,0.04,33.4,181.2,93.8,32.5,30.2,93.0,0.64,0.48,Matches
138,Bruno Fernandes\Bruno-Fernandes,pt POR,MF,Manchester Utd,24,1994,13.2,75.8,1.29,7.58,37.1,35.9,3.11,67.7,1.14,1.59,71.4,1.14,0.08,49.6,255.5,152.4,64.3,55.8,86.8,1.74,1.21,Matches
139,Gedson Fernandes\Gedson-Fernandes,pt POR,MFDF,Tottenham,20,1999,0.8,82.5,1.25,7.50,35.0,48.8,7.50,73.8,2.50,6.25,40.0,3.75,0.00,61.3,448.8,273.8,77.5,58.8,75.8,3.75,5.00,Matches
140,Federico Fernández\Federico-Fernandez,ar ARG,DF,Newcastle Utd,30,1989,29.1,53.6,9.42,34.5,16.0,5.53,0.72,49.2,0.38,0.48,78.6,0.38,0.00,28.2,130.6,63.3,29.7,28.8,96.9,0.21,0.38,Matches
141,Fernandinho\Fernandinho,br BRA,DF,Manchester City,34,1985,26.6,91.5,9.06,36.5,57.3,4.25,0.79,89.5,0.45,0.53,85.7,0.45,0.08,65.8,424.4,277.7,70.8,69.7,98.4,0.23,0.26,Matches
142,Roberto Firmino\Roberto-Firmino,br BRA,FW,Liverpool,27,1991,33.2,47.4,0.63,3.55,22.4,24.3,6.90,46.5,1.78,2.92,60.8,1.93,0.06,35.2,195.3,108.1,54.8,36.7,67.0,1.93,1.78,Matches
143,John Fleck\John-Fleck,sco SCO,MF,Sheffield Utd,27,1991,28.0,50.2,1.25,7.61,22.2,23.5,1.89,45.6,1.54,2.21,69.4,1.71,0.11,31.9,173.1,99.8,35.9,31.1,86.7,1.07,0.79,Matches
144,Phil Foden\Phil-Foden,eng ENG,FWMF,Manchester City,19,2000,10.0,62.8,0.30,4.80,26.2,35.6,7.20,61.6,2.40,3.10,77.4,2.50,0.00,48.2,264.7,149.6,59.1,51.6,87.3,1.00,2.30,Matches
145,Pablo Fornals\Pablo-Fornals,es ESP,MFFW,West Ham,23,1996,24.1,47.7,0.58,7.05,22.5,21.2,2.03,46.2,0.83,1.62,51.3,0.91,0.12,33.1,180.1,95.8,43.8,32.6,74.5,0.91,1.58,Matches
146,Ben Foster\Ben-Foster,eng ENG,GK,Watford,36,1983,38.0,34.4,27.8,33.6,0.92,0.03,0.03,22.2,0.08,0.08,100.0,0.08,0.00,14.1,94.9,58.3,10.4,10.4,99.7,0.00,0.00,Matches
147,Timothy Fosu-Mensah\Timothy-Fosu-Mensah,nl NED,DF,Manchester Utd,21,1998,1.5,56.0,1.33,13.3,32.7,13.3,2.00,51.3,0.67,0.67,100.0,0.67,0.00,33.3,152.7,82.0,44.7,38.0,85.1,1.33,0.67,Matches
148,Dimitri Foulquier\Dimitri-Foulquier,fr FRA,MFDF,Watford,26,1993,0.7,28.6,4.29,10.0,12.9,8.57,0.00,27.1,2.86,2.86,100.0,2.86,0.00,17.1,157.1,101.4,18.6,12.9,69.2,1.43,1.43,Matches
149,Juan Foyth\Juan-Foyth,ar ARG,DF,Tottenham,21,1998,0.8,96.3,8.75,38.8,52.5,12.5,0.00,86.3,1.25,3.75,33.3,1.25,0.00,55.0,267.5,152.5,57.5,52.5,91.3,1.25,2.50,Matches
150,Simon Francis\Simon-Francis,eng ENG,DF,Bournemouth,34,1985,10.8,64.4,10.5,37.1,22.7,6.76,0.93,60.6,0.37,0.65,57.1,0.37,0.00,33.9,172.3,69.2,38.0,35.4,93.2,0.09,0.19,Matches
151,Ryan Fraser\Ryan-Fraser,sco SCO,MFFW,Bournemouth,25,1994,23.0,49.3,1.26,8.74,18.7,26.6,3.00,44.1,0.43,1.00,43.5,0.52,0.00,34.7,246.7,152.3,43.5,34.2,78.5,1.39,0.91,Matches
152,Fred\Fred,br BRA,MF,Manchester Utd,26,1993,24.0,84.8,2.88,20.0,50.7,20.3,0.96,81.0,1.67,2.17,76.9,1.79,0.17,61.8,323.5,165.7,61.6,58.0,94.2,1.17,1.67,Matches
153,Ryan Fredericks\Ryan-Fredericks,eng ENG,DF,West Ham,26,1992,24.9,55.5,3.69,17.8,24.2,16.7,1.29,47.1,0.52,1.16,44.8,0.52,0.00,29.2,173.9,108.1,32.1,29.0,90.1,0.80,0.64,Matches
154,Kieron Freeman\Kieron-Freeman,wal WAL,FW,Sheffield Utd,27,1992,0.1,30.0,0.00,0.00,0.00,30.0,0.00,30.0,0.00,0.00,,0.00,0.00,10.0,10.0,0.00,40.0,20.0,50.0,10.0,0.00,Matches
155,Luke Freeman\Luke-Freeman,eng ENG,MF,Sheffield Utd,27,1992,4.1,49.8,1.95,7.07,18.8,27.8,1.95,48.0,1.71,1.95,87.5,1.71,0.00,35.6,254.9,142.4,38.3,30.2,79.0,0.98,3.17,Matches
156,Christian Fuchs\Christian-Fuchs,at AUT,DF,Leicester City,33,1986,8.6,85.5,3.37,32.1,43.7,12.9,0.23,75.3,0.47,0.81,57.1,0.47,0.12,50.9,216.5,99.2,56.0,54.1,96.5,0.58,0.12,Matches
157,Eric García\Eric-Garcia,es ESP,DF,Manchester City,18,2001,8.8,89.2,6.93,37.0,55.5,2.05,0.34,88.4,0.80,0.80,100.0,0.80,0.00,69.4,303.1,165.8,73.3,72.4,98.8,0.11,0.11,Matches
158,James Garner\James-Garner,eng ENG,MF,Manchester Utd,18,2001,0.1,170.0,10.0,10.0,120.0,40.0,0.00,170.0,0.00,0.00,,0.00,0.00,110.0,210.0,50.0,140.0,140.0,100.0,0.00,0.00,Matches
159,Dwight Gayle\Dwight-Gayle,eng ENG,FW,Newcastle Utd,28,1990,9.4,25.9,0.85,2.87,13.1,11.1,3.94,24.1,0.43,0.53,80.0,0.43,0.00,12.2,68.6,30.5,32.2,17.1,53.1,1.91,1.17,Matches
160,Paulo Gazzaniga\Paulo-Gazzaniga,ar ARG,GK,Tottenham,27,1992,17.9,30.9,28.2,30.9,0.00,0.00,0.00,21.8,0.00,0.00,,0.00,0.00,13.4,50.8,27.7,12.9,12.8,99.1,0.06,0.00,Matches
161,Jean-Philippe Gbamin\Jean-Philippe-Gbamin,ci CIV,MF,Everton,23,1995,1.5,56.7,5.33,14.0,38.0,9.33,0.00,55.3,0.67,0.67,100.0,0.67,0.00,38.0,222.7,94.7,37.3,36.0,96.4,0.00,3.33,Matches
162,David de Gea\David-de-Gea,es ESP,GK,Manchester Utd,28,1990,38.0,26.2,24.4,26.2,0.00,0.00,0.00,17.3,0.00,0.00,,0.00,0.00,11.1,48.7,23.1,9.82,9.79,99.7,0.00,0.00,Matches
163,Anwar El Ghazi\Anwar-El-Ghazi,nl NED,FWMF,Aston Villa,24,1995,22.8,37.0,1.27,5.31,13.6,21.4,3.20,35.0,1.54,2.46,62.5,1.62,0.13,25.9,191.8,114.7,40.0,26.6,66.4,1.62,1.80,Matches
164,Morgan Gibbs-White\Morgan-Gibbs-White,eng ENG,MFFW,Wolves,19,2000,1.4,70.7,0.71,10.7,35.0,30.0,3.57,69.3,0.71,3.57,20.0,0.71,0.00,55.0,327.9,188.6,70.7,57.1,80.8,5.00,0.71,Matches
165,Billy Gilmour\Billy-Gilmour,sco SCO,MF,Chelsea,18,2001,2.2,89.1,2.27,24.5,56.8,15.5,0.91,88.6,1.36,2.73,50.0,1.36,0.00,65.9,323.2,140.9,71.4,68.2,95.5,0.91,2.73,Matches
166,Olivier Giroud\Olivier-Giroud,fr FRA,FW,Chelsea,32,1986,11.0,37.7,1.45,2.55,20.8,15.0,5.91,35.4,0.18,0.27,66.7,0.18,0.00,15.5,36.1,18.9,49.2,27.4,55.6,1.64,0.55,Matches
167,Ben Godfrey\Ben-Godfrey,eng ENG,DF,Norwich City,21,1998,29.4,64.9,13.3,42.5,24.5,2.31,0.37,63.3,0.24,0.48,50.0,0.24,0.00,42.4,261.0,132.5,45.0,44.4,98.6,0.14,0.24,Matches
168,André Gomes\Andre-Gomes,pt POR,MF,Everton,26,1993,16.2,61.0,2.04,14.5,41.0,9.63,0.62,59.6,1.60,2.16,74.3,1.60,0.12,46.8,236.4,105.3,47.1,43.8,93.1,0.93,1.54,Matches
169,Angel Gomes\Angel-Gomes,eng ENG,MF,Manchester Utd,18,2000,0.2,75.0,0.00,0.00,55.0,40.0,5.00,75.0,0.00,0.00,,0.00,0.00,65.0,390.0,250.0,90.0,70.0,77.8,0.00,5.00,Matches
170,Joe Gomez\Joe-Gomez,eng ENG,DF,Liverpool,22,1997,22.3,96.0,7.85,38.6,60.3,3.00,0.18,94.0,0.49,0.72,68.8,0.54,0.00,70.1,363.9,185.7,70.8,70.2,99.2,0.45,0.09,Matches
171,Anthony Gordon\Anthony-Gordon,eng ENG,MFFW,Everton,18,2001,4.9,40.2,0.82,7.14,21.8,15.3,1.63,38.6,1.84,4.08,45.0,2.24,0.00,29.0,208.2,123.5,33.7,27.1,80.6,1.43,2.45,Matches
172,Dan Gosling\Dan-Gosling,eng ENG,MF,Bournemouth,29,1990,14.0,51.2,2.86,13.7,25.6,14.0,2.43,50.6,0.43,1.00,42.9,0.43,0.00,29.5,127.9,53.1,39.2,32.1,81.8,1.86,2.21,Matches
173,Andre Gray\Andre-Gray,eng ENG,FW,Watford,28,1991,8.4,28.5,0.48,1.19,10.1,18.3,5.24,27.5,0.71,1.55,46.2,0.83,0.12,19.0,87.7,36.9,46.5,21.5,46.3,3.45,2.26,Matches
174,Demarai Gray\Demarai-Gray,eng ENG,MFFW,Leicester City,23,1996,6.9,62.5,0.58,6.67,26.8,35.8,5.80,60.1,1.59,3.91,40.7,1.88,0.00,50.9,397.0,228.3,59.0,47.1,79.9,2.61,2.75,Matches
175,Jack Grealish\Jack-Grealish,eng ENG,FWMF,Aston Villa,23,1995,35.9,56.5,1.23,9.42,25.5,29.0,3.87,51.7,1.98,3.34,59.2,2.12,0.14,44.1,430.8,253.7,49.5,40.9,82.6,1.73,2.17,Matches
176,Mason Greenwood\Mason-Greenwood,eng ENG,FW,Manchester Utd,17,2001,14.7,43.9,0.34,4.63,19.5,22.3,4.08,43.7,1.43,2.11,67.7,1.43,0.07,34.4,195.1,107.5,46.5,35.1,75.5,2.11,1.50,Matches
177,Arnaut Groeneveld\Arnaut-Groeneveld,nl NED,MF,Bournemouth,22,1997,7.0,44.3,0.71,8.71,21.9,19.0,4.14,43.3,2.86,5.00,57.1,3.14,0.00,34.7,306.1,183.7,43.4,34.4,79.3,2.14,2.14,Matches
178,Pascal Groß\Pascal-Gross,de GER,FWMF,Brighton,28,1991,20.0,61.1,0.60,6.30,28.1,30.6,2.70,54.1,0.50,0.95,52.6,0.50,0.05,40.5,190.6,81.8,55.9,42.8,76.5,1.60,1.20,Matches
179,Vicente Guaita\Vicente-Guaita,es ESP,GK,Crystal Palace,32,1987,35.0,32.8,29.4,32.7,0.20,0.00,0.00,22.7,0.00,0.00,,0.00,0.00,14.3,67.8,45.7,12.1,12.1,100.0,0.00,0.00,Matches
180,Mattéo Guendouzi\Matteo-Guendouzi,fr FRA,MF,Arsenal,20,1999,19.4,69.9,3.97,18.8,44.3,13.5,1.08,68.7,1.49,2.16,69.0,1.49,0.10,53.7,371.9,200.8,54.3,51.2,94.3,0.46,1.44,Matches
181,Frederic Guilbert\Frederic-Guilbert,fr FRA,DF,Aston Villa,24,1994,22.7,59.9,4.85,19.4,26.7,17.1,0.53,50.5,1.06,1.81,58.5,1.23,0.09,27.6,160.7,92.4,31.7,28.1,88.8,0.62,1.41,Matches
182,?lkay Gündo?an\Ilkay-Gundogan,de GER,MF,Manchester City,28,1990,22.4,94.5,2.46,13.3,59.8,27.1,2.10,91.8,0.98,1.21,81.5,1.03,0.00,67.9,296.1,144.7,79.8,76.4,95.7,0.22,0.54,Matches
183,Angus Gunn\Angus-Gunn,eng ENG,GK,Southampton,23,1996,10.0,27.8,23.5,27.7,0.10,0.00,0.00,16.7,0.00,0.00,,0.00,0.00,10.0,66.9,36.8,8.30,8.10,97.6,0.00,0.00,Matches
184,Sébastien Haller\Sebastien-Haller,ci CIV,FW,West Ham,25,1994,25.2,42.1,1.23,3.81,24.2,16.0,4.84,40.8,0.95,1.51,63.2,0.99,0.08,23.0,98.2,45.7,60.3,32.1,53.2,2.78,1.59,Matches
185,Grant Hanley\Grant-Hanley,sco SCO,DF,Norwich City,27,1991,14.0,59.4,10.7,38.8,23.1,1.07,0.71,57.2,0.14,0.21,66.7,0.14,0.00,34.7,164.4,72.6,36.9,35.9,97.3,0.07,0.14,Matches
186,Kortney Hause\Kortney-Hause,eng ENG,DF,Aston Villa,24,1995,17.2,59.5,10.6,35.1,25.1,2.67,1.57,57.0,0.64,0.81,78.6,0.64,0.06,29.7,190.6,94.1,31.9,30.7,96.2,0.35,0.81,Matches
187,Isaac Hayden\Isaac-Hayden,eng ENG,MF,Newcastle Utd,24,1995,24.7,44.2,1.90,12.7,22.5,10.8,1.17,42.4,1.26,1.82,68.9,1.38,0.04,26.3,111.6,54.3,29.1,24.7,84.7,1.01,1.26,Matches
188,Tom Heaton\Tom-Heaton,eng ENG,GK,Aston Villa,33,1986,19.9,33.7,30.0,33.1,0.55,0.05,0.00,20.1,0.00,0.00,,0.00,0.00,12.0,61.6,35.1,10.3,10.2,98.5,0.00,0.00,Matches
189,Dean Henderson\Dean-Henderson,eng ENG,GK,Sheffield Utd,22,1997,36.0,31.3,28.0,31.0,0.22,0.03,0.03,20.9,0.00,0.00,,0.00,0.00,13.5,101.0,57.8,10.3,10.3,99.7,0.03,0.00,Matches
190,Jordan Henderson\Jordan-Henderson,eng ENG,MF,Liverpool,29,1990,24.9,84.3,1.61,13.2,55.3,20.4,1.81,82.5,0.72,1.33,54.5,0.88,0.12,58.5,295.5,141.6,67.2,62.4,92.8,0.68,0.44,Matches
191,Jeff Hendrick\Jeff-Hendrick,ie IRL,MF,Burnley,27,1992,21.5,36.3,1.86,7.02,18.0,13.1,1.91,35.0,1.16,2.23,52.1,1.26,0.00,24.0,129.1,60.3,28.0,21.9,78.1,0.88,1.63,Matches
192,Wayne Hennessey\Wayne-Hennessey,wal WAL,GK,Crystal Palace,32,1987,3.0,38.7,34.7,38.0,0.67,0.00,0.00,21.3,0.00,0.00,,0.00,0.00,12.3,55.7,35.0,12.0,12.0,100.0,0.00,0.00,Matches
193,Javier Hernández\Javier-Hernandez,mx MEX,FW,West Ham,31,1988,1.2,24.2,0.00,0.83,15.8,8.33,3.33,20.0,0.00,0.83,0.0,0.83,0.83,11.7,29.2,6.67,32.5,15.0,46.2,0.00,1.67,Matches
194,Onel Hernández\Onel-Hernandez,cu CUB,FWMF,Norwich City,26,1993,15.4,36.7,1.23,6.75,13.3,20.1,5.06,36.1,2.79,4.42,63.2,2.92,0.19,29.5,271.8,191.9,36.0,23.9,66.4,2.08,3.25,Matches
195,Son Heung-min\Son-Heung-min,kr KOR,FWMF,Tottenham,27,1992,27.5,45.1,0.95,5.64,18.0,25.0,5.31,42.3,2.44,4.22,57.8,2.73,0.15,34.0,248.5,148.5,46.3,31.6,68.2,1.67,2.51,Matches
196,George Hirst\George-Hirst,eng ENG,FW,Leicester City,20,1999,0.1,140.0,0.00,0.00,60.0,80.0,20.0,140.0,0.00,0.00,,0.00,0.00,80.0,330.0,100.0,140.0,120.0,85.7,10.0,10.0,Matches
197,Rob Holding\Rob-Holding,eng ENG,DF,Arsenal,23,1995,6.5,64.8,12.9,38.2,29.1,2.15,1.08,63.5,0.31,0.92,33.3,0.31,0.15,42.2,243.8,142.5,46.5,45.7,98.3,0.46,0.00,Matches
198,José Holebas\Jose-Holebas,gr GRE,DF,Watford,35,1984,11.4,63.2,3.16,15.6,31.3,18.9,0.79,47.1,0.53,1.23,42.9,0.61,0.09,28.9,139.9,79.7,33.9,30.4,89.7,0.35,0.44,Matches
199,Mason Holgate\Mason-Holgate,eng ENG,DF,Everton,22,1996,22.8,55.6,8.29,31.8,26.0,2.02,0.61,54.1,0.44,0.53,83.3,0.44,0.00,32.2,220.4,127.5,33.9,33.4,98.4,0.09,0.18,Matches
200,Nathan Holland\Nathan-Holland,eng ENG,MF,West Ham,21,1998,0.4,52.5,0.00,7.50,15.0,35.0,2.50,50.0,7.50,10.0,75.0,7.50,0.00,52.5,340.0,225.0,52.5,45.0,85.7,2.50,2.50,Matches
201,Conor Hourihane\Conor-Hourihane,ie IRL,MF,Aston Villa,28,1991,17.0,50.3,2.41,7.94,23.7,20.2,1.88,41.4,0.35,0.53,66.7,0.35,0.00,26.4,99.6,42.6,34.4,28.9,84.1,0.59,0.65,Matches
202,Callum Hudson-Odoi\Callum-Hudson-Odoi,eng ENG,FW,Chelsea,18,2000,9.6,65.0,0.31,5.73,22.3,41.3,5.83,62.4,3.54,5.63,63.0,3.85,0.10,55.2,394.1,240.9,64.7,51.5,79.5,2.60,3.02,Matches
203,Will Hughes\Will-Hughes,eng ENG,MFFW,Watford,24,1995,25.0,50.4,1.92,9.80,25.4,18.5,2.04,47.9,1.00,1.24,80.6,1.04,0.08,29.6,161.0,99.3,33.6,27.7,82.6,1.24,1.52,Matches
204,Pierre H?jbjerg\Pierre-Hojbjerg,dk DEN,MF,Southampton,23,1995,30.6,72.4,3.10,14.6,44.4,17.1,1.60,70.5,1.34,1.80,74.5,1.50,0.00,46.1,245.5,107.2,47.6,43.7,91.6,1.31,1.21,Matches
205,Jordon Ibe\Jordon-Ibe,eng ENG,DF,Bournemouth,23,1995,0.6,51.7,5.00,11.7,33.3,13.3,1.67,46.7,1.67,5.00,33.3,3.33,1.67,38.3,475.0,315.0,30.0,28.3,94.4,5.00,1.67,Matches
206,Adam Idah\Adam-Idah,ie IRL,FWMF,Norwich City,18,2001,2.5,35.2,0.40,3.20,17.2,15.6,4.00,33.2,0.00,1.20,0.0,0.00,0.00,21.2,131.2,52.0,45.2,24.4,54.0,4.40,3.60,Matches
207,Odion Ighalo\Odion-Ighalo,ng NGA,FW,Manchester Utd,30,1989,1.1,41.8,0.91,0.91,20.0,22.7,12.7,41.8,3.64,6.36,57.1,3.64,0.00,34.5,187.3,87.3,50.9,31.8,62.5,1.82,4.55,Matches
208,Kelechi Iheanacho\Kelechi-Iheanacho,ng NGA,FW,Leicester City,22,1996,10.7,39.8,0.47,2.99,16.2,22.7,7.48,39.3,1.78,2.71,65.5,1.96,0.09,31.0,171.6,98.7,54.5,32.1,59.0,4.02,2.62,Matches
209,Danny Ings\Danny-Ings,eng ENG,FW,Southampton,27,1992,31.2,35.7,1.19,3.75,14.9,19.3,5.77,35.2,1.83,2.98,61.3,2.02,0.22,23.9,139.9,74.8,40.3,23.2,57.6,2.24,1.70,Matches
210,Alex Iwobi\Alex-Iwobi,ng NGA,MFFW,Everton,23,1996,17.7,44.5,0.96,7.06,21.8,19.7,2.71,43.8,1.53,2.26,67.5,1.53,0.23,35.0,245.1,145.1,39.4,30.7,77.9,1.64,1.69,Matches
211,Phil Jagielka\Phil-Jagielka,eng ENG,DF,Sheffield Utd,36,1982,2.7,43.3,9.63,28.1,15.6,1.11,0.37,42.2,0.00,0.00,,0.00,0.00,15.2,74.1,17.0,16.7,15.9,95.6,0.37,0.00,Matches
212,Alireza Jahanbakhsh\Alireza-Jahanbakhsh,ir IRN,FWMF,Brighton,25,1993,3.5,55.4,1.14,6.00,17.1,36.3,3.43,54.3,2.00,3.71,53.8,2.00,0.00,43.4,222.3,114.9,51.4,40.6,78.9,1.71,2.29,Matches
213,Daniel James\Daniel-James,wal WAL,FW,Manchester Utd,21,1997,25.4,42.7,0.39,5.31,17.2,24.5,3.94,42.3,1.10,2.48,44.4,1.18,0.20,34.3,284.3,199.0,43.2,32.6,75.4,1.30,1.81,Matches
214,Matty James\Matty-James,eng ENG,MF,Leicester City,28,1991,0.1,60.0,0.00,30.0,30.0,0.00,0.00,60.0,0.00,0.00,,0.00,0.00,50.0,210.0,50.0,60.0,60.0,100.0,0.00,0.00,Matches
215,Reece James\Reece-James,eng ENG,DF,Chelsea,19,1999,16.8,88.3,2.56,21.0,42.5,29.9,1.37,77.4,1.67,2.26,73.7,1.73,0.00,61.1,291.6,146.0,62.1,58.5,94.2,0.83,1.61,Matches
216,Daryl Janmaat\Daryl-Janmaat,nl NED,DF,Watford,30,1989,6.7,61.0,4.63,16.6,26.9,21.3,1.19,53.0,1.34,1.79,75.0,1.34,0.00,39.9,197.9,114.8,41.2,36.9,89.5,0.60,0.60,Matches
217,Gabriel Jesus\Gabriel-Jesus,br BRA,FW,Manchester City,22,1997,22.6,40.5,0.35,2.52,15.8,24.0,9.03,39.6,2.26,3.23,69.9,2.30,0.04,28.6,143.5,71.6,48.2,30.4,62.9,2.26,1.55,Matches
218,Raúl Jiménez\Raul-Jimenez,mx MEX,FW,Wolves,28,1991,36.0,41.4,1.03,3.50,21.9,18.5,5.47,40.2,2.08,3.06,68.2,2.11,0.11,29.2,182.9,102.0,51.1,31.9,62.6,2.69,2.44,Matches
219,Joelinton\Joelinton,br BRA,FW,Newcastle Utd,22,1996,29.8,41.1,1.34,4.33,23.0,15.9,3.66,39.8,1.61,2.48,64.9,1.74,0.07,25.9,160.3,75.8,52.8,29.3,55.5,4.26,2.75,Matches
220,Ben Johnson\Ben-Johnson,eng ENG,DF,West Ham,19,2000,3.0,65.3,5.00,23.7,29.0,14.3,0.00,55.7,0.33,0.33,100.0,0.33,0.00,31.7,155.0,66.3,36.3,34.7,95.4,0.33,0.67,Matches
221,Curtis Jones\Curtis-Jones,eng ENG,MF,Liverpool,18,2001,1.4,104.3,0.71,15.0,56.4,38.6,5.00,104.3,2.86,2.86,100.0,2.86,0.00,82.9,420.0,247.9,88.6,82.1,92.7,2.14,2.14,Matches
222,Phil Jones\Phil-Jones,eng ENG,DF,Manchester Utd,27,1992,1.5,77.3,8.00,40.0,37.3,6.00,1.33,75.3,0.00,0.00,,0.00,0.00,44.0,290.0,174.7,45.3,44.7,98.5,0.00,0.00,Matches
223,Bruno Jord?o\Bruno-Jordao,pt POR,FW,Wolves,20,1998,0.1,60.0,0.00,0.00,40.0,20.0,0.00,60.0,0.00,0.00,,0.00,0.00,50.0,390.0,270.0,30.0,30.0,100.0,0.00,0.00,Matches
224,Jorginho\Jorginho,it ITA,MF,Chelsea,27,1991,26.4,93.6,3.07,22.5,61.5,15.3,0.57,91.6,0.64,0.91,70.8,0.72,0.00,68.2,290.8,143.4,70.5,67.8,96.2,0.30,0.83,Matches
225,Jota\Jota,es ESP,FWMF,Aston Villa,28,1991,3.7,39.2,2.43,6.49,18.4,18.9,2.97,37.8,2.16,4.59,47.1,3.24,0.27,31.9,268.4,148.6,35.4,26.5,74.8,1.35,2.97,Matches
226,Diogo Jota\Diogo-Jota,pt POR,FWMF,Wolves,22,1996,25.4,49.1,0.39,5.12,24.6,24.7,6.10,47.6,2.99,5.24,57.1,3.39,0.47,40.5,322.0,230.5,50.9,37.1,72.9,2.56,2.83,Matches
227,James Justin\James-Justin,eng ENG,DF,Leicester City,21,1998,11.2,84.2,2.41,22.1,43.7,23.8,1.70,74.5,1.16,1.52,76.5,1.25,0.00,53.2,258.7,150.4,59.0,54.1,91.7,1.16,1.34,Matches
228,Christian Kabasele\Christian-Kabasele,be BEL,DF,Watford,28,1991,25.0,37.9,7.92,23.0,15.5,1.12,0.76,37.5,0.28,0.32,87.5,0.32,0.00,18.3,91.1,35.3,17.9,17.4,96.9,0.32,0.32,Matches
229,Harry Kane\Harry-Kane,eng ENG,FW,Tottenham,26,1993,28.7,32.2,1.36,2.96,16.3,15.1,4.60,30.9,0.98,2.06,47.5,1.18,0.10,21.1,136.7,70.4,46.3,24.0,51.9,1.81,1.50,Matches
230,N'Golo Kanté\NGolo-Kante,fr FRA,MF,Chelsea,28,1991,19.2,72.8,2.60,15.1,40.9,21.7,1.93,72.3,1.46,2.40,60.9,1.56,0.05,50.5,276.5,146.7,54.4,47.7,87.6,1.35,1.67,Matches
231,Moise Kean\Moise-Kean,it ITA,FW,Everton,19,2000,9.5,28.9,0.63,2.63,11.6,17.4,5.47,28.4,3.16,4.63,68.2,3.37,0.53,22.7,179.9,101.3,44.1,20.8,47.3,2.32,2.74,Matches
232,Michael Keane\Michael-Keane,eng ENG,DF,Everton,26,1993,28.4,60.6,11.6,36.3,25.7,1.55,1.02,59.2,0.00,0.00,,0.00,0.00,33.4,196.6,101.4,37.5,36.7,97.9,0.11,0.11,Matches
233,Naby Ke?ta\Naby-Keita,gn GUI,MF,Liverpool,24,1995,9.1,86.0,0.88,9.67,54.2,28.7,2.86,85.2,2.20,2.86,76.9,2.31,0.11,64.6,390.2,229.2,73.4,66.5,90.6,0.88,1.10,Matches
234,Lloyd Kelly\Lloyd-Kelly,eng ENG,DF,Bournemouth,20,1998,7.1,39.9,6.20,21.3,13.4,7.75,0.99,34.6,0.14,0.14,100.0,0.14,0.00,19.3,123.9,52.8,18.9,17.6,93.3,0.56,0.14,Matches
235,Martin Kelly\Martin-Kelly,eng ENG,DF,Crystal Palace,29,1990,17.2,50.3,5.87,23.5,23.2,5.41,0.29,42.9,0.17,0.29,60.0,0.17,0.06,24.9,118.4,52.6,26.6,25.2,94.7,0.41,0.41,Matches
236,Max Kilman\Max-Kilman,eng ENG,DF,Wolves,22,1997,2.1,56.2,7.62,31.0,27.6,0.48,0.00,56.2,0.48,0.48,100.0,0.48,0.00,31.4,143.8,82.4,36.7,35.2,96.1,0.00,0.00,Matches
237,Joshua King\Joshua-King,no NOR,FWMF,Bournemouth,27,1992,22.3,37.0,0.54,4.71,16.1,20.2,4.66,36.3,2.78,5.47,50.8,3.00,0.31,30.0,260.0,157.4,44.1,27.0,61.1,3.27,3.23,Matches
238,Timm Klose\Timm-Klose,ch SUI,DF,Norwich City,31,1988,6.5,69.5,10.2,41.8,30.5,1.23,0.62,67.4,0.00,0.31,0.0,0.15,0.00,41.7,208.8,103.8,47.5,46.9,98.7,0.31,0.31,Matches
239,Jonathan Kodjia\Jonathan-Kodjia,ci CIV,FWMF,Aston Villa,29,1989,1.3,37.7,2.31,3.85,16.9,18.5,5.38,33.1,1.54,1.54,100.0,1.54,0.00,20.8,159.2,76.2,47.7,22.3,46.8,3.08,1.54,Matches
240,Sead Kolašinac\Sead-Kolasinac,ba BIH,DF,Arsenal,26,1993,18.9,62.5,3.54,19.0,32.0,15.6,1.64,56.7,0.74,0.95,77.8,0.74,0.00,38.6,199.2,125.0,42.1,39.4,93.5,0.53,0.74,Matches
241,Ezri Konsa\Ezri-Konsa,eng ENG,DF,Aston Villa,21,1997,22.7,47.0,5.37,22.4,22.2,4.67,0.84,42.7,0.31,0.48,63.6,0.31,0.00,24.5,113.6,61.0,26.9,25.4,94.6,0.22,0.26,Matches
242,Cheikhou Kouyaté\Cheikhou-Kouyate,sn SEN,MFDF,Crystal Palace,29,1989,28.1,43.1,2.99,14.1,22.1,8.93,1.92,42.5,0.64,1.25,51.4,0.71,0.04,24.2,123.6,59.0,30.6,24.3,79.4,1.35,0.78,Matches
243,Mateo Kovaèiæ\Mateo-Kovacic,hr CRO,MF,Chelsea,25,1994,23.0,90.7,1.65,17.6,59.2,20.6,0.91,89.0,2.57,3.35,76.6,2.61,0.04,73.6,426.0,214.1,75.2,71.6,95.2,0.91,1.04,Matches
244,Emil Krafth\Emil-Krafth,se SWE,DF,Newcastle Utd,24,1994,11.3,47.8,4.87,21.9,19.2,9.65,1.33,41.2,0.53,0.53,100.0,0.53,0.09,25.8,123.4,71.4,27.5,25.3,92.0,0.62,0.27,Matches
245,Tim Krul\Tim-Krul,nl NED,GK,Norwich City,31,1988,36.0,46.1,38.8,45.4,0.78,0.00,0.00,33.9,0.00,0.03,0.0,0.00,0.00,21.4,100.4,54.4,23.3,23.2,99.3,0.00,0.00,Matches
246,Alexandre Lacazette\Alexandre-Lacazette,fr FRA,FW,Arsenal,28,1991,20.8,37.8,1.06,4.66,17.6,17.3,5.53,35.7,1.20,2.21,54.3,1.30,0.14,26.1,128.3,60.6,43.6,26.7,61.3,2.88,2.07,Matches
247,Adam Lallana\Adam-Lallana,eng ENG,MFFW,Liverpool,31,1988,4.2,79.3,1.67,12.4,42.4,30.0,2.86,78.8,0.48,1.43,33.3,0.95,0.24,56.2,266.4,124.8,65.0,56.2,86.4,1.19,1.67,Matches
248,Érik Lamela\Erik-Lamela,ar ARG,MFFW,Tottenham,27,1992,13.5,57.2,1.33,7.04,26.7,29.3,3.19,53.1,2.30,3.33,68.9,2.44,0.00,43.0,323.8,190.6,51.9,40.8,78.6,2.07,2.22,Matches
249,Tariq Lamptey\Tariq-Lamptey,eng ENG,DF,Chelsea,18,2000,0.4,45.0,0.00,7.50,20.0,22.5,2.50,32.5,0.00,0.00,,0.00,0.00,20.0,182.5,140.0,12.5,12.5,100.0,0.00,2.50,Matches
250,Tariq Lamptey\Tariq-Lamptey,eng ENG,DF,Brighton,18,2000,6.5,50.2,3.38,16.9,21.1,16.6,1.69,43.1,3.54,4.62,76.7,3.69,0.15,32.5,224.0,145.2,30.2,26.3,87.2,1.69,2.00,Matches
251,Henri Lansbury\Henri-Lansbury,eng ENG,MF,Aston Villa,28,1990,2.2,47.7,0.91,10.9,24.1,13.6,2.27,47.3,0.45,0.45,100.0,0.45,0.00,24.1,86.4,26.4,36.8,27.7,75.3,1.36,0.45,Matches
252,Manuel Lanzini\Manuel-Lanzini,ar ARG,MFFW,West Ham,26,1993,15.3,61.5,0.92,7.71,36.7,21.8,2.22,57.6,1.83,2.75,66.7,1.83,0.00,47.9,302.4,155.0,56.1,46.3,82.5,1.70,1.57,Matches
253,Aymeric Laporte\Aymeric-Laporte,fr FRA,DF,Manchester City,25,1994,12.2,97.7,9.43,40.1,63.6,2.87,0.33,96.1,0.16,0.16,100.0,0.16,0.00,74.0,488.9,332.4,80.1,78.7,98.3,0.25,0.08,Matches
254,Jamaal Lascelles\Jamaal-Lascelles,eng ENG,DF,Newcastle Utd,25,1993,23.1,46.5,9.05,31.6,15.2,1.77,0.78,45.8,0.35,0.52,66.7,0.35,0.00,23.5,123.7,47.6,24.5,23.8,97.2,0.22,0.13,Matches
255,Valentino Lazaro\Valentino-Lazaro,at AUT,DFMF,Newcastle Utd,23,1996,5.3,45.3,3.40,17.4,18.1,12.1,1.32,39.8,2.26,3.77,60.0,2.83,0.00,30.4,171.9,88.7,35.8,27.9,77.9,0.94,1.13,Matches
256,Moritz Leitner\Moritz-Leitner,de GER,MF,Norwich City,26,1992,7.6,84.7,2.37,23.4,46.7,21.1,1.32,81.8,0.92,1.71,53.8,1.18,0.00,61.7,361.4,216.2,69.7,63.7,91.3,1.18,1.32,Matches
257,Florian Lejeune\Florian-Lejeune,fr FRA,DF,Newcastle Utd,28,1991,4.9,50.8,4.49,27.8,21.0,3.67,1.02,47.1,0.41,0.61,66.7,0.41,0.00,25.1,120.8,46.3,23.9,22.9,95.7,0.00,1.02,Matches
258,Aaron Lennon\Aaron-Lennon,eng ENG,MF,Burnley,32,1987,5.5,34.4,2.18,7.09,14.4,14.9,1.09,34.0,1.09,1.45,75.0,1.09,0.00,22.7,143.6,85.8,28.4,20.9,73.7,1.27,0.91,Matches
259,Bernd Leno\Bernd-Leno,de GER,GK,Arsenal,27,1992,29.4,36.5,33.1,36.3,0.27,0.00,0.00,26.1,0.03,0.07,50.0,0.03,0.00,16.9,67.7,35.5,15.1,15.0,99.5,0.00,0.00,Matches
260,Jefferson Lerma\Jefferson-Lerma,co COL,MF,Bournemouth,24,1994,30.0,56.7,4.20,17.0,32.7,9.40,0.60,55.9,0.83,1.10,75.8,0.90,0.03,33.7,158.0,66.5,34.2,31.7,92.8,0.73,0.70,Matches
261,Jamal Lewis\Jamal-Lewis,nir NIR,DF,Norwich City,21,1998,25.6,62.5,4.80,25.9,26.5,15.4,0.90,52.8,1.45,2.42,59.7,1.52,0.08,37.5,287.7,167.3,40.3,36.1,89.7,1.02,0.90,Matches
262,Victor Lindelöf\Victor-Lindelof,se SWE,DF,Manchester Utd,25,1994,34.4,67.1,10.0,36.4,32.8,2.01,0.32,65.5,0.09,0.23,37.5,0.12,0.00,42.6,256.6,142.9,45.7,45.2,99.0,0.20,0.12,Matches
263,Jesse Lingard\Jesse-Lingard,eng ENG,MFFW,Manchester Utd,26,1992,10.4,50.0,0.19,2.60,25.9,25.1,3.65,48.1,0.87,1.73,50.0,0.96,0.10,36.7,216.9,107.1,53.5,39.2,73.4,2.21,1.15,Matches
264,Hugo Lloris\Hugo-Lloris,fr FRA,GK,Tottenham,32,1986,20.1,30.9,29.4,30.9,0.00,0.00,0.00,21.6,0.00,0.05,0.0,0.00,0.00,12.0,53.6,30.4,11.0,10.9,99.1,0.05,0.00,Matches
265,Giovani Lo Celso\Giovani-Lo-Celso,ar ARG,MFFW,Tottenham,23,1996,16.6,74.3,1.75,11.5,42.4,26.9,1.69,69.6,2.29,4.10,55.9,2.47,0.06,53.8,411.0,227.0,57.3,51.9,90.6,1.33,1.51,Matches
266,Jürgen Locadia\Jurgen-Locadia,nl NED,MFFW,Brighton,25,1993,1.0,34.0,0.00,2.00,16.0,17.0,7.00,34.0,1.00,1.00,100.0,1.00,0.00,25.0,103.0,62.0,43.0,22.0,51.2,8.00,2.00,Matches
267,Ruben Loftus-Cheek\Ruben-Loftus-Cheek,eng ENG,MFFW,Chelsea,23,1996,2.3,63.0,2.61,7.83,34.3,24.8,5.22,62.6,0.87,0.87,100.0,0.87,0.00,43.9,274.3,139.1,63.9,50.4,78.9,0.87,1.30,Matches
268,Kevin Long\Kevin-Long,ie IRL,DF,Burnley,28,1990,6.3,40.3,5.56,24.3,17.1,0.63,0.48,39.8,0.16,0.16,100.0,0.16,0.00,16.0,75.2,27.5,19.2,18.6,96.7,0.00,0.16,Matches
269,Shane Long\Shane-Long,ie IRL,FW,Southampton,32,1987,15.5,39.4,1.03,3.10,16.5,21.2,4.58,39.1,0.52,1.16,44.4,0.58,0.00,19.0,99.9,46.6,57.1,29.4,51.5,4.00,1.74,Matches
270,Matthew Longstaff\Matthew-Longstaff,eng ENG,MF,Newcastle Utd,19,2000,6.4,42.8,1.41,10.5,26.1,7.50,0.78,42.2,0.78,1.09,71.4,0.78,0.00,26.4,93.4,35.6,32.2,30.0,93.2,0.63,1.25,Matches
271,Sean Longstaff\Sean-Longstaff,eng ENG,MF,Newcastle Utd,21,1997,15.3,55.6,2.55,14.6,31.8,11.1,0.59,52.7,0.59,0.92,64.3,0.65,0.07,31.3,146.3,57.5,36.5,32.5,89.1,1.18,1.24,Matches
272,Dejan Lovren\Dejan-Lovren,hr CRO,DF,Liverpool,30,1989,8.6,84.9,8.72,41.2,47.3,2.56,1.51,83.1,0.12,0.12,100.0,0.12,0.00,50.7,286.2,165.1,56.9,56.5,99.4,0.23,0.12,Matches
273,Matthew Lowton\Matthew-Lowton,eng ENG,DF,Burnley,30,1989,17.0,54.6,4.71,15.9,27.9,13.8,0.47,45.2,0.65,1.06,61.1,0.65,0.00,25.3,120.1,70.6,27.7,25.6,92.6,0.65,0.29,Matches
274,David Luiz\David-Luiz,br BRA,DF,Arsenal,32,1987,31.2,65.7,12.6,37.9,31.1,1.73,0.61,62.4,0.13,0.29,44.4,0.13,0.00,42.7,302.1,182.3,46.6,45.7,98.1,0.22,0.19,Matches
275,Douglas Luiz\Douglas-Luiz,br BRA,MF,Aston Villa,21,1998,29.0,52.4,3.79,15.1,31.4,10.3,1.24,50.3,1.03,1.41,73.2,1.17,0.07,32.5,217.1,117.0,35.8,31.9,89.2,0.83,0.97,Matches
276,John Lundstram\John-Lundstram,eng ENG,MF,Sheffield Utd,25,1994,27.3,54.5,2.09,9.45,25.9,22.5,2.34,53.7,0.62,1.25,50.0,0.73,0.15,35.6,195.5,70.8,46.7,38.8,83.1,1.32,0.77,Matches
277,Alexis Mac Allister\Alexis-Mac-Allister,ar ARG,MFFW,Brighton,20,1998,3.9,46.9,0.51,6.41,18.5,23.8,1.54,39.0,0.77,1.54,50.0,1.03,0.00,22.8,110.5,59.5,30.8,24.1,78.3,1.79,2.31,Matches
278,James Maddison\James-Maddison,eng ENG,MF,Leicester City,22,1996,29.2,68.8,0.68,7.29,35.7,29.8,2.84,60.9,1.92,2.84,67.5,1.99,0.21,49.8,264.8,122.6,56.5,49.3,87.2,1.58,1.61,Matches
279,Harry Maguire\Harry-Maguire,eng ENG,DF,Manchester Utd,26,1993,38.0,74.4,11.3,37.7,38.6,4.37,1.50,72.5,0.26,0.34,76.9,0.26,0.00,48.2,376.2,221.3,51.6,50.4,97.8,0.18,0.26,Matches
280,Riyad Mahrez\Riyad-Mahrez,dz ALG,FW,Manchester City,28,1991,21.6,68.3,1.11,5.65,28.0,40.4,6.94,64.9,2.78,4.31,64.5,2.82,0.05,53.4,366.5,211.7,63.3,53.4,84.4,1.53,1.81,Matches
281,Ainsley Maitland-Niles\Ainsley-Maitland-Niles,eng ENG,DF,Arsenal,21,1997,15.4,76.6,4.81,29.3,37.0,14.9,1.17,65.1,1.43,2.86,50.0,1.62,0.13,47.2,253.2,147.5,49.9,47.5,95.2,0.84,1.04,Matches
282,Sadio Mané\Sadio-Mane,sn SEN,FW,Liverpool,27,1992,30.5,52.1,0.43,4.10,20.6,32.8,7.18,51.5,2.49,3.80,65.5,2.75,0.20,40.9,317.3,178.2,60.4,41.8,69.2,2.79,2.36,Matches
283,Javier Manquillo\Javier-Manquillo,es ESP,DF,Newcastle Utd,25,1994,17.8,45.8,4.33,17.9,18.2,11.9,0.79,38.5,0.73,1.12,65.0,0.79,0.00,22.8,130.3,76.0,25.7,22.5,87.6,0.84,0.45,Matches
284,Solly March\Solly-March,eng ENG,DFFW,Brighton,25,1994,12.7,59.8,1.73,10.9,25.0,28.6,3.70,53.1,1.42,2.36,60.0,1.50,0.08,40.8,297.1,171.3,46.1,38.1,82.7,0.94,2.20,Matches
285,Pablo Marí\Pablo-Mari,es ESP,DF,Arsenal,25,1993,1.3,85.4,16.2,40.0,50.0,0.77,0.00,84.6,0.00,0.00,,0.00,0.00,53.8,386.9,257.7,63.1,62.3,98.8,0.00,0.00,Matches
286,Adrian Mariappa\Adrian-Mariappa,jm JAM,DF,Watford,32,1986,16.8,45.4,5.00,18.8,20.4,7.20,0.30,37.4,0.06,0.18,33.3,0.12,0.00,18.8,62.4,25.8,20.6,19.6,95.4,0.30,0.18,Matches
287,Anthony Martial\Anthony-Martial,fr FRA,FW,Manchester Utd,23,1995,29.2,36.8,0.62,1.75,13.7,23.7,6.44,35.9,2.19,3.56,61.5,2.26,0.07,30.5,196.5,109.8,47.9,30.7,64.1,2.26,2.33,Matches
288,David Martin\David-Martin,eng ENG,GK,West Ham,33,1986,4.8,27.9,24.4,27.9,0.00,0.00,0.00,15.0,0.00,0.00,,0.00,0.00,9.17,52.9,33.8,6.46,6.46,100.0,0.00,0.00,Matches
289,Josh Martin\Josh-Martin,eng ENG,FW,Norwich City,17,2001,0.4,50.0,0.00,7.50,30.0,12.5,2.50,50.0,2.50,2.50,100.0,2.50,0.00,40.0,307.5,52.5,50.0,37.5,75.0,2.50,2.50,Matches
290,Martinelli\Martinelli,br BRA,FW,Arsenal,18,2001,7.4,37.2,1.35,8.38,15.0,17.7,5.41,36.9,1.49,3.92,37.9,1.62,0.00,25.5,248.5,168.2,42.0,24.5,58.2,3.24,2.84,Matches
291,Emiliano Martínez\Emiliano-Martinez,ar ARG,GK,Arsenal,26,1992,8.6,35.8,32.0,35.8,0.00,0.00,0.00,26.3,0.00,0.00,,0.00,0.00,17.2,68.5,35.2,15.7,15.7,100.0,0.00,0.00,Matches
292,Adam Masina\Adam-Masina,it ITA,DF,Watford,25,1994,20.2,58.7,5.05,19.4,28.1,13.3,1.04,48.2,0.54,0.89,61.1,0.54,0.00,26.5,131.7,66.8,28.1,25.9,92.1,0.54,0.64,Matches
293,Arthur Masuaku\Arthur-Masuaku,cd COD,DF,West Ham,25,1993,10.4,71.6,5.00,23.1,37.0,16.7,1.35,63.4,2.98,3.75,79.5,2.98,0.10,47.0,314.3,197.7,44.5,40.8,91.6,0.87,2.21,Matches
294,Juan Mata\Juan-Mata,es ESP,MFFW,Manchester Utd,31,1988,8.4,70.1,0.36,4.29,38.1,31.7,3.93,66.7,0.60,1.43,41.7,0.83,0.00,54.6,266.3,133.3,72.0,58.2,80.8,1.19,1.43,Matches
295,Nemanja Matiæ\Nemanja-Matic,rs SRB,MF,Manchester Utd,30,1988,17.6,80.5,3.12,22.2,51.3,14.0,0.51,78.9,1.31,1.65,79.3,1.36,0.00,56.9,358.2,209.7,59.8,57.6,96.3,0.57,1.36,Matches
296,Joël Matip\Joel-Matip,cm CMR,DF,Liverpool,27,1991,7.8,80.3,6.28,35.6,46.3,4.10,1.03,78.2,0.26,0.26,100.0,0.26,0.00,51.0,322.8,227.1,52.8,52.3,99.0,0.13,0.26,Matches
297,Neal Maupay\Neal-Maupay,fr FRA,FW,Brighton,22,1996,30.7,34.6,0.52,2.57,14.5,19.4,6.19,32.5,1.11,2.28,48.6,1.17,0.03,25.2,163.1,82.9,46.9,24.9,53.0,1.86,2.28,Matches
298,James McArthur\James-McArthur,sco SCO,MF,Crystal Palace,31,1987,34.3,56.4,3.18,14.0,30.3,15.1,3.03,54.5,0.93,1.43,65.3,0.96,0.03,36.4,194.3,92.9,39.3,34.3,87.5,1.22,1.28,Matches
299,Oliver McBurnie\Oliver-McBurnie,sco SCO,FW,Sheffield Utd,23,1996,23.5,39.7,2.13,4.85,17.2,19.6,4.85,39.0,1.06,1.87,56.8,1.11,0.04,18.6,104.9,52.5,51.5,27.1,52.5,2.21,1.79,Matches
300,Alex McCarthy\Alex-McCarthy,eng ENG,GK,Southampton,29,1989,28.0,32.0,25.4,31.9,0.21,0.00,0.00,22.0,0.07,0.07,100.0,0.07,0.00,14.0,68.7,37.8,12.6,12.6,99.7,0.04,0.00,Matches
301,James McCarthy\James-McCarthy,ie IRL,MF,Crystal Palace,28,1990,18.7,54.4,1.87,12.7,33.3,11.0,0.80,50.7,0.32,0.59,54.5,0.48,0.11,27.6,130.3,47.8,32.4,28.8,88.9,0.59,0.80,Matches
302,John McGinn\John-McGinn,sco SCO,MF,Aston Villa,24,1994,25.7,43.0,1.67,8.37,20.7,17.1,2.92,40.5,2.06,2.68,76.8,2.14,0.00,29.9,207.7,109.4,32.1,26.6,82.8,1.44,2.22,Matches
303,David McGoldrick\David-McGoldrick,ie IRL,FW,Sheffield Utd,31,1987,20.2,44.3,1.24,4.70,20.7,21.0,3.27,43.6,1.53,2.33,66.0,1.68,0.10,28.0,152.2,62.8,53.9,32.5,60.4,2.82,1.53,Matches
304,Michael McGovern\Michael-McGovern,nir NIR,GK,Norwich City,35,1984,1.8,31.7,28.9,31.7,0.00,0.00,0.00,21.1,0.00,0.00,,0.00,0.00,12.2,52.2,26.1,11.1,11.1,100.0,0.00,0.00,Matches
305,Kenny McLean\Kenny-McLean,sco SCO,MF,Norwich City,27,1992,33.0,61.5,3.27,17.2,34.5,13.8,0.82,59.1,1.03,1.48,69.4,1.09,0.15,39.7,216.5,107.7,49.2,42.5,86.4,1.21,1.15,Matches
306,Dwight McNeil\Dwight-McNeil,eng ENG,MF,Burnley,19,1999,37.1,45.8,1.35,7.87,23.2,20.1,1.37,42.5,2.16,3.64,59.3,2.26,0.16,34.4,304.3,154.7,33.3,28.0,83.9,1.05,2.18,Matches
307,Scott McTominay\Scott-McTominay,sco SCO,MF,Manchester Utd,22,1996,19.7,65.4,3.50,16.4,39.7,13.1,1.17,64.4,1.57,2.39,66.0,1.78,0.25,46.2,258.9,124.4,46.4,43.1,92.9,1.22,1.62,Matches
308,Ben Mee\Ben-Mee,eng ENG,DF,Burnley,29,1989,32.0,50.3,7.38,26.8,23.9,1.69,1.19,48.5,0.19,0.22,85.7,0.19,0.03,24.2,102.0,41.5,25.5,24.5,96.3,0.19,0.09,Matches
309,Benjamin Mendy\Benjamin-Mendy,fr FRA,DF,Manchester City,25,1994,16.6,85.5,1.99,14.3,42.8,33.3,0.66,78.0,1.39,1.87,74.2,1.45,0.30,59.2,263.1,162.6,67.7,64.3,95.0,0.36,0.96,Matches
310,Nampalys Mendy\Nampalys-Mendy,fr FRA,MF,Leicester City,27,1992,3.2,76.9,1.56,15.9,53.1,10.9,0.31,76.6,0.63,0.94,66.7,0.63,0.00,59.7,261.9,105.6,60.3,58.4,96.9,0.94,1.25,Matches
311,Chris Mepham\Chris-Mepham,wal WAL,DF,Bournemouth,21,1997,10.1,62.0,12.6,38.0,25.4,2.38,1.09,61.2,0.20,0.40,50.0,0.30,0.00,36.5,232.8,121.8,37.9,37.1,97.9,0.30,0.40,Matches
312,Max Meyer\Max-Meyer,de GER,MFFW,Crystal Palace,23,1995,7.3,41.1,0.41,7.95,20.7,16.2,3.15,41.0,0.55,1.64,33.3,0.55,0.00,29.9,174.0,84.0,38.2,29.0,76.0,1.64,1.78,Matches
313,Luka Milivojeviæ\Luka-Milivojevic,rs SRB,MF,Crystal Palace,28,1991,27.9,63.9,3.44,18.2,35.8,12.8,0.39,54.8,0.39,0.61,64.7,0.43,0.04,34.5,161.5,70.5,36.7,34.8,94.8,0.68,0.39,Matches
314,James Milner\James-Milner,eng ENG,MFDF,Liverpool,33,1986,10.4,84.0,2.79,15.8,48.9,23.2,1.15,77.9,0.87,1.25,69.2,0.96,0.00,54.0,241.0,114.5,64.7,61.1,94.4,0.29,0.67,Matches
315,Yerry Mina\Yerry-Mina,co COL,DF,Everton,24,1994,25.4,61.9,10.7,37.2,26.2,2.83,2.01,60.6,0.12,0.20,60.0,0.16,0.00,36.4,242.2,134.0,39.4,38.1,96.8,0.35,0.12,Matches
316,Takumi Minamino\Takumi-Minamino,jp JPN,FWMF,Liverpool,24,1995,2.8,55.7,1.07,3.93,27.1,29.6,7.14,55.4,1.43,2.86,50.0,1.43,0.00,43.9,220.4,90.0,60.4,46.4,76.9,3.21,3.21,Matches
317,Tyrone Mings\Tyrone-Mings,eng ENG,DF,Aston Villa,26,1993,32.2,52.6,12.0,34.8,19.5,1.68,0.75,51.1,0.34,0.43,78.6,0.40,0.00,29.7,211.9,86.2,31.0,30.2,97.6,0.22,0.25,Matches
318,Tyrick Mitchell\Tyrick-Mitchell,eng ENG,DF,Crystal Palace,19,1999,2.2,64.5,2.73,19.1,31.8,17.3,0.91,51.8,0.45,0.45,100.0,0.45,0.00,35.0,165.5,104.5,39.1,36.4,93.0,0.45,2.27,Matches
319,Henrikh Mkhitaryan\Henrikh-Mkhitaryan,am ARM,FW,Arsenal,30,1989,1.2,81.7,0.83,8.33,35.0,49.2,15.0,78.3,1.67,4.17,40.0,1.67,0.00,64.2,351.7,212.5,74.2,61.7,83.1,2.50,3.33,Matches
320,Nacho Monreal\Nacho-Monreal,es ESP,DF,Arsenal,33,1986,3.0,77.0,6.00,30.3,30.3,19.7,1.67,68.3,0.33,1.00,33.3,0.33,0.00,54.3,207.3,119.0,59.0,53.3,90.4,1.00,0.33,Matches
321,Martín Montoya\Martin-Montoya,es ESP,DF,Brighton,28,1991,21.1,70.4,3.32,21.1,31.5,22.7,1.94,59.3,0.90,1.61,55.9,0.90,0.19,42.7,232.4,141.7,48.0,43.2,90.1,1.42,0.90,Matches
322,Simon Moore\Simon-Moore,eng ENG,GK,Sheffield Utd,29,1990,2.0,25.5,22.0,25.0,0.50,0.00,0.00,14.0,0.00,0.00,,0.00,0.00,7.50,54.0,29.5,5.50,5.50,100.0,0.00,0.00,Matches
323,Aaron Mooy\Aaron-Mooy,au AUS,MFFW,Brighton,28,1990,23.2,58.6,1.72,8.75,26.9,27.6,1.81,55.1,1.59,2.20,72.5,1.68,0.00,41.7,277.9,135.9,47.6,40.0,84.0,1.29,2.33,Matches
324,Wesley Moraes\Wesley-Moraes,br BRA,FW,Aston Villa,22,1996,19.8,30.3,1.41,2.27,14.6,14.8,4.85,29.4,0.71,1.11,63.6,0.71,0.05,17.8,87.0,28.6,44.1,22.1,50.0,3.08,1.52,Matches
325,Wes Morgan\Wes-Morgan,jm JAM,DF,Leicester City,35,1984,4.8,60.0,4.58,28.5,31.7,1.67,0.83,59.2,0.42,0.42,100.0,0.42,0.00,39.4,180.4,67.9,41.0,40.4,98.5,0.63,0.00,Matches
326,Ravel Morrison\Ravel-Morrison,jm JAM,MF,Sheffield Utd,26,1993,0.1,80.0,0.00,0.00,40.0,40.0,10.0,80.0,0.00,0.00,,0.00,0.00,70.0,530.0,150.0,80.0,60.0,75.0,0.00,10.0,Matches
327,Mason Mount\Mason-Mount,eng ENG,MFFW,Chelsea,20,1999,31.9,55.1,0.82,5.14,25.8,28.1,4.61,50.4,1.47,2.41,61.0,1.54,0.09,41.6,246.1,135.4,53.3,39.7,74.5,2.35,2.07,Matches
328,Lucas Moura\Lucas-Moura,br BRA,FWMF,Tottenham,26,1992,24.9,47.8,1.24,5.86,24.4,22.0,3.41,47.3,2.85,4.58,62.3,3.01,0.12,35.7,257.9,153.7,48.2,33.3,69.1,2.29,2.77,Matches
329,Lys Mousset\Lys-Mousset,fr FRA,FW,Sheffield Utd,23,1996,13.8,31.2,0.14,1.59,13.9,18.0,5.80,30.7,2.46,3.84,64.2,2.68,0.29,24.4,160.1,87.7,53.6,22.5,41.9,3.33,2.90,Matches
330,Jo?o Moutinho\Joao-Moutinho,pt POR,MF,Wolves,32,1986,34.5,66.5,1.39,12.2,36.8,20.2,0.32,57.2,0.61,0.84,72.4,0.67,0.00,39.6,178.3,96.2,43.8,39.8,90.9,0.43,0.58,Matches
331,Glenn Murray\Glenn-Murray,eng ENG,FW,Brighton,35,1983,8.9,30.7,1.24,2.70,13.6,15.4,4.61,30.0,0.11,0.56,20.0,0.11,0.00,18.2,56.4,22.4,48.9,23.1,47.4,2.81,1.57,Matches
332,Shkodran Mustafi\Shkodran-Mustafi,de GER,DF,Arsenal,27,1992,13.4,71.2,9.25,35.2,38.3,2.31,1.04,70.1,0.15,0.15,100.0,0.15,0.00,44.0,257.8,157.8,50.1,49.2,98.2,0.07,0.15,Matches
333,Yoshinori Mut?\Yoshinori-Muto,jp JPN,FWMF,Newcastle Utd,27,1992,2.4,21.3,0.00,2.92,11.3,10.0,1.25,20.8,2.50,2.92,85.7,2.50,0.00,18.8,144.2,78.8,33.3,14.6,43.8,2.50,2.50,Matches
334,Georges-Kévin N'Koudou\Georges-Kevin-NKoudou,fr FRA,FW,Tottenham,24,1995,0.0,1,0,0,0,1,1,1,0,0,,0,0,1,25,25,3,1,33.3,0,0,Matches
335,Marvelous Nakamba\Marvelous-Nakamba,zw ZIM,MF,Aston Villa,25,1994,20.4,49.7,4.46,17.1,27.2,7.89,0.20,48.6,0.69,0.98,70.0,0.78,0.05,29.1,145.0,53.2,28.0,26.6,94.9,0.29,0.69,Matches
336,Wilfred Ndidi\Wilfred-Ndidi,ng NGA,MF,Leicester City,22,1996,29.7,69.0,3.47,19.3,43.0,10.1,0.71,68.4,0.81,1.01,80.0,0.84,0.10,41.2,183.6,70.8,43.8,41.5,94.6,0.61,0.88,Matches
337,Tanguy Ndombele\Tanguy-Ndombele,fr FRA,MF,Tottenham,22,1996,11.2,68.9,1.79,12.7,41.1,19.6,2.32,67.7,3.21,4.46,72.0,3.39,0.18,54.8,282.0,164.9,54.6,50.3,92.1,1.34,1.43,Matches
338,Reiss Nelson\Reiss-Nelson,eng ENG,FW,Arsenal,19,1999,7.0,46.9,0.86,7.14,21.9,22.4,4.86,44.3,2.29,4.14,55.2,2.43,0.00,35.6,250.4,146.9,45.7,33.6,73.4,2.00,2.00,Matches
339,Pedro Neto\Pedro-Neto,pt POR,FWMF,Wolves,19,2000,10.4,51.7,0.58,5.38,25.4,26.9,4.23,49.1,3.08,5.58,55.2,3.65,0.19,40.5,370.9,226.7,53.7,37.0,69.0,2.12,2.40,Matches
340,Rúben Neves\Ruben-Neves,pt POR,MF,Wolves,22,1997,34.0,67.2,2.32,15.8,42.6,11.6,0.12,65.3,0.74,0.94,78.1,0.79,0.00,44.0,170.4,81.4,46.1,44.1,95.6,0.32,0.32,Matches
341,Jeremy Ngakia\Jeremy-Ngakia,eng ENG,DF,West Ham,18,2000,4.9,44.9,4.08,21.0,18.4,8.98,0.20,36.1,1.63,2.45,66.7,1.63,0.00,23.1,163.7,110.2,20.6,18.0,87.1,0.82,0.82,Matches
342,Oumar Niasse\Oumar-Niasse,sn SEN,FW,Everton,29,1990,0.2,90.0,0.00,5.00,45.0,40.0,5.00,90.0,5.00,5.00,100.0,5.00,0.00,50.0,285.0,145.0,85.0,55.0,64.7,5.00,30.0,Matches
343,Eddie Nketiah\Eddie-Nketiah,eng ENG,FW,Arsenal,20,1999,7.0,33.4,1.14,4.14,18.3,13.3,4.29,31.9,1.43,2.29,62.5,1.57,0.14,24.9,152.0,64.9,38.0,23.7,62.4,3.71,2.57,Matches
344,Mark Noble\Mark-Noble,eng ENG,MF,West Ham,32,1987,29.7,58.4,1.25,10.5,37.0,13.9,1.01,54.7,0.98,1.38,70.7,1.08,0.00,39.4,191.7,83.9,44.6,39.6,88.7,1.04,1.01,Matches
345,Oliver Norwood\Oliver-Norwood,nir NIR,MF,Sheffield Utd,28,1991,34.3,70.3,2.62,15.5,40.5,16.4,0.09,64.0,0.44,0.50,88.2,0.44,0.00,39.9,124.3,53.6,44.6,43.1,96.7,0.29,0.41,Matches
346,?rjan Nyland\Orjan-Nyland,no NOR,GK,Aston Villa,28,1990,6.0,32.3,28.0,31.5,0.83,0.00,0.00,20.5,0.00,0.00,,0.00,0.00,14.2,102.0,60.0,12.5,12.3,98.7,0.00,0.00,Matches
347,Jack O'Connell\Jack-OConnell,eng ENG,DF,Sheffield Utd,25,1994,32.4,60.6,5.71,25.7,28.3,9.20,1.57,58.0,0.25,0.40,61.5,0.25,0.00,34.9,140.0,65.4,36.5,34.6,94.8,0.40,0.34,Matches
348,Michael Obafemi\Michael-Obafemi,ie IRL,FW,Southampton,19,2000,7.4,32.2,0.00,1.89,15.4,16.6,4.86,31.9,2.43,4.19,58.1,2.70,0.00,25.4,143.0,71.8,44.5,24.6,55.3,3.92,2.43,Matches
349,Angelo Ogbonna\Angelo-Ogbonna,it ITA,DF,West Ham,31,1988,31.0,41.2,7.87,22.9,18.7,1.65,0.90,40.6,0.06,0.10,66.7,0.06,0.00,20.5,134.4,51.7,20.8,20.0,96.0,0.19,0.06,Matches
350,Divock Origi\Divock-Origi,be BEL,FW,Liverpool,24,1995,8.0,42.8,0.75,3.25,17.8,25.3,5.63,42.5,1.38,3.25,42.3,1.63,0.13,31.9,233.1,145.8,48.4,32.0,66.1,2.63,3.00,Matches
351,Ben Osborn\Ben-Osborn,eng ENG,MFDF,Sheffield Utd,24,1994,6.6,48.9,2.73,10.5,19.8,22.0,2.42,46.8,0.45,0.91,50.0,0.45,0.00,27.0,154.1,68.0,36.2,30.2,83.3,1.21,0.61,Matches
352,Nicolás Otamendi\Nicolas-Otamendi,ar ARG,DF,Manchester City,31,1988,19.1,86.9,10.3,37.5,54.0,2.36,1.57,86.2,0.16,0.16,100.0,0.16,0.00,63.6,404.1,230.7,70.8,69.7,98.4,0.37,0.10,Matches
353,Alex Oxlade-Chamberlain\Alex-Oxlade-Chamberlain,eng ENG,MFFW,Liverpool,25,1993,16.5,58.5,0.79,5.21,31.9,26.2,2.85,57.7,2.12,3.27,64.8,2.18,0.00,42.6,267.8,136.1,53.6,44.3,82.6,2.00,2.30,Matches
354,Mesut Özil\Mesut-Ozil,de GER,MF,Arsenal,30,1988,16.0,63.5,0.56,7.50,33.1,28.8,2.88,58.2,1.31,1.94,67.7,1.44,0.19,48.8,294.6,147.9,60.0,49.9,83.2,1.69,1.81,Matches
355,Emerson Palmieri\Emerson-Palmieri,it ITA,DF,Chelsea,24,1994,11.4,86.8,3.07,21.8,41.1,30.0,2.89,75.4,1.23,1.93,63.6,1.40,0.00,56.8,304.5,196.4,60.4,56.5,93.5,0.96,0.79,Matches
356,Sokratis Papastathopoulos\Sokratis-Papastathopoulos,gr GRE,DF,Arsenal,31,1988,18.8,62.0,11.0,37.6,25.6,2.07,0.69,59.9,0.27,0.32,83.3,0.27,0.00,42.2,204.3,107.8,45.6,44.6,97.8,0.21,0.32,Matches
357,Troy Parrott\Troy-Parrott,ie IRL,MF,Tottenham,17,2002,0.1,50.0,0.00,20.0,30.0,0.00,0.00,40.0,0.00,0.00,,0.00,0.00,40.0,160.0,10.0,80.0,40.0,50.0,0.00,0.00,Matches
358,Rui Patrício\Rui-Patricio,pt POR,GK,Wolves,31,1988,38.0,23.8,22.1,23.7,0.08,0.00,0.00,14.4,0.00,0.00,,0.00,0.00,8.92,44.4,25.5,6.26,6.18,98.7,0.00,0.00,Matches
359,Pedro\Pedro,es ESP,FW,Chelsea,32,1987,7.3,58.1,0.68,7.12,29.2,26.6,5.48,57.8,2.19,3.70,59.3,2.33,0.14,47.0,318.2,145.9,54.1,44.0,81.3,1.64,0.96,Matches
360,Jo?o Pedro\Joao-Pedro,br BRA,FWMF,Watford,17,2001,0.3,60.0,0.00,10.0,23.3,33.3,10.0,60.0,10.0,10.0,100.0,10.0,0.00,46.7,640.0,353.3,66.7,46.7,70.0,0.00,3.33,Matches
361,Nicolas Pépé\Nicolas-Pepe,ci CIV,FW,Arsenal,24,1995,22.3,50.5,0.45,6.32,21.0,28.1,4.98,46.8,3.23,5.92,54.5,3.45,0.27,42.2,326.4,209.0,49.5,37.0,74.8,2.51,2.87,Matches
362,Andreas Pereira\Andreas-Pereira,br BRA,MFFW,Manchester Utd,23,1996,16.5,60.0,0.73,6.18,30.5,27.7,3.70,55.2,1.21,2.30,52.6,1.39,0.00,43.5,265.8,143.4,53.3,43.3,81.3,2.48,2.48,Matches
363,Ricardo Pereira\Ricardo-Pereira,pt POR,DF,Leicester City,25,1993,28.0,83.2,3.89,21.4,41.2,26.6,2.21,72.1,2.11,3.14,67.0,2.25,0.04,52.3,302.1,209.9,55.7,51.4,92.2,1.14,1.96,Matches
364,Roberto Pereyra\Roberto-Pereyra,ar ARG,FWMF,Watford,28,1991,18.3,49.1,0.87,7.60,24.0,21.5,3.11,46.7,1.37,3.33,41.0,1.53,0.00,36.6,256.6,148.1,47.9,33.9,70.9,2.57,2.02,Matches
365,Ayoze Pérez\Ayoze-Perez,es ESP,MFFW,Leicester City,26,1993,22.3,49.6,0.67,6.41,22.2,24.1,5.16,48.7,1.97,3.05,64.7,2.11,0.04,35.7,191.0,104.7,50.3,36.1,71.7,2.15,3.54,Matches
366,Jordan Pickford\Jordan-Pickford,eng ENG,GK,Everton,25,1994,38.0,38.3,33.3,37.8,0.50,0.00,0.00,27.4,0.00,0.03,0.0,0.00,0.00,19.0,102.5,55.0,16.7,16.7,99.7,0.00,0.00,Matches
367,Brandon Pierrick\Brandon-Pierrick,eng ENG,DFFW,Crystal Palace,17,2001,0.2,80.0,5.00,15.0,15.0,55.0,10.0,80.0,10.0,15.0,66.7,10.0,0.00,65.0,425.0,180.0,55.0,40.0,72.7,10.0,5.00,Matches
368,Erik Pieters\Erik-Pieters,nl NED,DFMF,Burnley,30,1988,20.9,57.9,3.73,15.4,30.1,15.3,0.96,49.2,0.19,0.62,30.8,0.29,0.10,28.2,140.4,78.7,30.8,28.2,91.8,0.72,0.67,Matches
369,Daniel Podence\Daniel-Podence,pt POR,FWMF,Wolves,23,1995,3.2,47.8,0.63,4.69,21.6,26.3,5.00,46.9,2.81,4.06,69.2,3.13,0.00,35.3,284.4,178.1,49.7,36.6,73.6,0.94,2.50,Matches
370,Paul Pogba\Paul-Pogba,fr FRA,MF,Manchester Utd,26,1993,13.4,87.9,2.54,15.7,56.3,21.4,2.16,85.9,1.64,2.61,62.9,1.87,0.07,66.9,299.2,156.2,71.0,67.8,95.4,0.97,1.94,Matches
371,Nick Pope\Nick-Pope,eng ENG,GK,Burnley,27,1992,38.0,33.8,28.1,32.9,0.76,0.05,0.03,21.8,0.00,0.00,,0.00,0.00,14.2,91.4,62.2,9.97,9.95,99.7,0.00,0.00,Matches
372,Dennis Praet\Dennis-Praet,be BEL,MF,Leicester City,25,1994,12.6,55.2,2.06,12.9,28.7,17.1,1.75,54.7,1.27,2.54,50.0,1.43,0.00,36.6,191.4,101.2,42.6,36.1,84.7,2.30,1.03,Matches
373,Sebastian Prödl\Sebastian-Prodl,at AUT,DF,Watford,32,1987,0.6,26.7,5.00,13.3,10.0,3.33,3.33,26.7,0.00,0.00,,0.00,0.00,8.33,10.0,0.00,11.7,11.7,100.0,0.00,0.00,Matches
374,Davy Pröpper\Davy-Propper,nl NED,MF,Brighton,27,1991,31.4,66.8,2.32,17.1,40.2,14.5,0.92,66.1,1.27,2.07,61.5,1.31,0.06,48.3,292.8,135.7,51.0,47.7,93.6,1.02,1.11,Matches
375,Teemu Pukki\Teemu-Pukki,fi FIN,FW,Norwich City,29,1990,32.1,24.7,0.44,2.18,9.84,14.1,5.51,22.6,0.84,1.43,58.7,0.87,0.19,15.8,109.9,63.0,35.6,16.5,46.5,1.56,1.15,Matches
376,Christian Pulisic\Christian-Pulisic,us USA,FW,Chelsea,20,1998,19.1,53.7,0.31,5.24,24.2,29.7,7.38,53.4,2.67,5.29,50.5,2.98,0.16,44.4,355.6,231.0,58.7,43.8,74.5,2.57,3.40,Matches
377,Ignacio Pussetto\Ignacio-Pussetto,ar ARG,FWDF,Watford,23,1995,0.8,72.5,3.75,27.5,31.3,16.3,1.25,67.5,1.25,6.25,20.0,2.50,0.00,33.8,211.3,87.5,36.3,27.5,75.9,2.50,6.25,Matches
378,Domingos Quina\Domingos-Quina,pt POR,MF,Watford,19,1999,0.2,95.0,0.00,30.0,50.0,20.0,0.00,95.0,5.00,10.0,50.0,5.00,0.00,70.0,480.0,260.0,90.0,55.0,61.1,5.00,10.0,Matches
379,Aaron Ramsdale\Aaron-Ramsdale,eng ENG,GK,Bournemouth,21,1998,37.0,33.6,30.3,33.3,0.38,0.00,0.00,22.3,0.00,0.00,,0.00,0.00,14.7,84.0,48.0,11.1,11.0,99.0,0.00,0.00,Matches
380,Darren Randolph\Darren-Randolph,ie IRL,GK,West Ham,32,1987,2.0,23.5,21.0,23.5,0.00,0.00,0.00,14.5,0.00,0.00,,0.00,0.00,8.00,64.0,50.0,5.50,5.50,100.0,0.00,0.00,Matches
381,Marcus Rashford\Marcus-Rashford,eng ENG,FW,Manchester Utd,21,1997,29.4,46.9,0.68,3.10,19.0,29.0,5.54,45.3,2.45,4.49,54.5,2.62,0.44,34.7,254.6,178.0,53.0,37.5,70.8,2.41,1.63,Matches
382,Nathan Redmond\Nathan-Redmond,eng ENG,MFFW,Southampton,25,1994,30.7,47.0,0.94,6.09,21.8,23.6,3.97,46.4,2.93,4.76,61.6,3.19,0.16,37.8,315.8,190.3,46.6,32.9,70.7,1.82,1.89,Matches
383,Pepe Reina\Pepe-Reina,es ESP,GK,Aston Villa,36,1982,12.0,35.6,31.1,35.2,0.50,0.00,0.00,24.0,0.00,0.00,,0.00,0.00,14.6,83.8,46.4,14.7,14.6,99.4,0.08,0.00,Matches
384,Declan Rice\Declan-Rice,eng ENG,MF,West Ham,20,1999,38.0,54.8,2.95,16.6,34.4,7.97,0.76,54.0,1.08,1.39,77.4,1.13,0.00,35.9,242.4,103.2,35.6,33.3,93.8,0.50,0.74,Matches
385,Richarlison\Richarlison,br BRA,FW,Everton,22,1997,34.1,40.3,1.55,5.22,17.2,21.3,5.31,39.7,1.94,3.14,61.7,2.05,0.06,29.2,229.3,133.3,44.2,27.5,62.2,2.64,2.90,Matches
386,Diego Rico\Diego-Rico,es ESP,DF,Bournemouth,26,1993,25.9,70.5,3.75,24.8,29.7,18.9,0.50,56.1,0.73,1.54,47.5,0.89,0.19,33.3,155.5,84.5,34.5,32.4,93.8,0.50,0.81,Matches
387,Ja?ro Riedewald\Jairo-Riedewald,nl NED,DFMF,Crystal Palace,22,1996,8.5,56.7,4.12,17.4,30.2,11.9,0.94,48.0,1.29,1.76,73.3,1.29,0.12,30.9,125.9,67.9,32.9,29.8,90.4,0.94,0.94,Matches
388,Matt Ritchie\Matt-Ritchie,sco SCO,DFMF,Newcastle Utd,29,1989,14.6,58.2,3.15,15.5,23.9,21.8,0.96,47.7,0.75,1.10,68.8,0.82,0.00,32.3,193.7,94.5,38.0,31.6,83.1,0.48,0.75,Matches
389,Roberto\Roberto,es ESP,GK,West Ham,33,1986,7.6,34.9,30.9,34.6,0.39,0.00,0.00,24.7,0.00,0.00,,0.00,0.00,13.9,77.5,48.6,11.2,11.1,98.8,0.00,0.00,Matches
390,Patrick Roberts\Patrick-Roberts,eng ENG,MFFW,Norwich City,22,1997,0.3,43.3,0.00,6.67,30.0,10.0,0.00,40.0,10.0,10.0,100.0,10.0,0.00,46.7,366.7,253.3,40.0,36.7,91.7,0.00,0.00,Matches
391,Andrew Robertson\Andrew-Robertson,sco SCO,DF,Liverpool,25,1994,34.6,94.4,2.89,19.8,46.8,35.2,2.75,83.2,0.69,1.39,50.0,0.87,0.00,62.5,329.7,204.0,70.5,65.8,93.4,1.13,0.58,Matches
392,Callum Robinson\Callum-Robinson,ie IRL,FW,Sheffield Utd,24,1995,7.5,30.7,0.00,3.20,12.8,16.5,4.00,29.5,0.93,2.00,46.7,1.20,0.00,23.5,139.5,69.3,48.8,22.0,45.1,1.87,2.27,Matches
393,Jack Robinson\Jack-Robinson,eng ENG,DF,Sheffield Utd,25,1993,5.6,59.3,5.71,25.0,31.3,6.25,0.00,54.8,0.36,0.36,100.0,0.36,0.00,33.2,168.0,89.3,32.9,32.0,97.3,0.89,0.36,Matches
394,Rodri\Rodri,es ESP,MF,Manchester City,23,1996,27.6,100.6,3.22,20.5,68.8,17.7,1.05,99.8,0.91,1.12,80.6,0.94,0.00,75.0,346.4,188.6,82.1,79.4,96.7,0.36,0.76,Matches
395,Jay Rodriguez\Jay-Rodriguez,eng ENG,FW,Burnley,30,1989,22.4,35.9,0.85,3.30,16.0,18.2,4.11,35.3,0.85,1.88,45.2,0.98,0.04,20.4,120.4,52.9,48.8,25.0,51.3,2.86,1.83,Matches
396,Jack Rodwell\Jack-Rodwell,eng ENG,MF,Sheffield Utd,28,1991,0.2,15.0,5.00,15.0,0.00,0.00,0.00,15.0,0.00,0.00,,0.00,0.00,5.00,35.0,35.0,5.00,5.00,100.0,0.00,0.00,Matches
397,Marcos Rojo\Marcos-Rojo,ar ARG,DF,Manchester Utd,29,1990,1.4,50.0,6.43,17.1,25.0,8.57,2.14,42.9,0.00,0.71,0.0,0.00,0.00,27.9,143.6,62.1,29.3,28.6,97.6,0.71,0.00,Matches
398,Oriol Romeu\Oriol-Romeu,es ESP,MF,Southampton,27,1991,20.7,60.9,3.09,14.0,39.7,10.0,0.19,60.0,0.63,0.77,81.3,0.63,0.00,35.5,152.8,78.6,37.1,35.2,94.8,0.43,0.39,Matches
399,Danny Rose\Danny-Rose,eng ENG,DF,Tottenham,29,1990,9.9,68.9,4.75,19.8,34.4,19.6,1.31,60.0,1.11,2.22,50.0,1.41,0.10,44.7,250.4,144.4,43.2,41.9,97.0,0.51,0.71,Matches
400,Danny Rose\Danny-Rose,eng ENG,DF,Newcastle Utd,29,1990,9.6,52.6,2.60,19.0,28.5,8.44,0.42,46.8,0.31,0.63,50.0,0.31,0.00,30.5,142.3,77.4,32.5,30.2,92.9,0.21,0.42,Matches
401,Antonio Rüdiger\Antonio-Rudiger,de GER,DF,Chelsea,26,1993,19.0,86.4,10.2,42.7,47.6,3.53,0.74,84.8,0.00,0.00,,0.00,0.00,59.8,349.6,202.3,63.2,62.8,99.3,0.11,0.26,Matches
402,Lukas Rupp\Lukas-Rupp,de GER,FWMF,Norwich City,28,1991,7.7,44.4,2.47,12.3,22.9,11.8,1.95,43.5,1.17,1.95,60.0,1.17,0.00,30.0,146.5,53.0,36.5,28.1,76.9,1.69,1.69,Matches
403,Mathew Ryan\Mathew-Ryan,au AUS,GK,Brighton,27,1992,38.0,40.7,34.2,40.6,0.16,0.03,0.03,32.1,0.00,0.00,,0.00,0.00,23.6,104.0,48.9,22.2,22.1,99.5,0.03,0.00,Matches
404,Allan Saint-Maximin\Allan-Saint-Maximin,fr FRA,MFFW,Newcastle Utd,22,1997,20.7,38.4,0.43,6.57,16.1,20.9,3.86,38.0,4.93,7.25,68.0,5.12,0.14,37.1,377.8,260.6,37.3,28.2,75.4,2.56,2.95,Matches
405,Romain Sa?ss\Romain-Saiss,ma MAR,DF,Wolves,29,1990,30.1,64.2,5.81,30.8,33.5,2.92,0.86,62.8,0.23,0.30,77.8,0.27,0.03,35.1,156.1,83.4,39.9,38.7,97.0,0.20,0.27,Matches
406,Bukayo Saka\Bukayo-Saka,eng ENG,DFFW,Arsenal,17,2001,19.5,54.8,2.05,13.9,24.1,20.8,3.13,48.6,1.59,2.46,64.6,1.59,0.10,37.2,244.6,154.4,42.8,35.7,83.4,1.64,1.90,Matches
407,Mamadou Sakho\Mamadou-Sakho,fr FRA,DF,Crystal Palace,29,1990,10.3,59.0,9.03,34.4,27.5,1.07,0.29,57.4,0.49,0.58,83.3,0.49,0.00,35.7,168.1,84.3,37.7,36.7,97.4,0.29,0.19,Matches
408,Mohamed Salah\Mohamed-Salah,eg EGY,FW,Liverpool,27,1992,32.0,43.9,0.16,1.78,12.8,31.8,9.91,42.2,2.06,3.09,66.7,2.19,0.09,33.4,200.1,121.8,56.7,34.7,61.1,2.66,2.47,Matches
409,Mbwana Samatta\Mbwana-Samatta,tz TAN,FW,Aston Villa,26,1992,10.5,26.4,0.57,1.43,11.8,14.1,2.76,25.6,0.86,1.43,60.0,0.86,0.00,15.3,87.2,25.6,41.0,19.3,47.2,2.48,1.05,Matches
410,Carlos Sánchez\Carlos-Sanchez,co COL,MFDF,West Ham,33,1986,1.3,50.8,2.31,8.46,37.7,6.15,0.00,50.8,0.77,0.77,100.0,0.77,0.00,23.1,76.2,22.3,28.5,25.4,89.2,0.00,0.77,Matches
411,Davinson Sánchez\Davinson-Sanchez,co COL,DF,Tottenham,23,1996,27.0,66.3,10.5,36.5,31.4,1.74,0.63,65.0,0.30,0.41,72.7,0.30,0.00,43.6,210.9,95.2,44.8,44.4,99.1,0.22,0.19,Matches
412,Leroy Sané\Leroy-Sane,de GER,FW,Manchester City,23,1996,0.1,90.0,0.00,0.00,30.0,70.0,10.0,80.0,0.00,0.00,,0.00,0.00,70.0,540.0,230.0,90.0,80.0,88.9,0.00,0.00,Matches
413,Ismaila Sarr\Ismaila-Sarr,sn SEN,FWMF,Watford,21,1998,22.5,41.4,0.62,5.11,16.0,24.9,5.07,41.0,2.36,4.53,52.0,2.49,0.04,34.6,286.4,182.8,46.8,30.8,65.8,2.89,2.62,Matches
414,Fabian Schär\Fabian-Schar,ch SUI,DFMF,Newcastle Utd,27,1991,18.6,54.6,7.04,30.9,22.8,4.62,0.81,51.2,0.86,1.02,84.2,0.86,0.05,30.6,199.7,128.8,30.3,29.0,95.7,0.32,0.65,Matches
415,Ezequiel Schelotto\Ezequiel-Schelotto,it ITA,DF,Brighton,30,1989,4.0,58.0,3.25,19.8,20.5,22.5,2.50,48.0,1.50,2.25,66.7,1.50,0.25,31.8,260.5,146.0,38.3,30.8,80.4,2.75,1.25,Matches
416,Jeffrey Schlupp\Jeffrey-Schlupp,gh GHA,MFDF,Crystal Palace,26,1992,11.5,43.1,1.39,10.1,20.5,15.2,2.87,41.4,1.13,2.00,56.5,1.22,0.09,27.7,163.0,99.0,35.0,27.9,79.9,1.83,2.70,Matches
417,Kasper Schmeichel\Kasper-Schmeichel,dk DEN,GK,Leicester City,32,1986,38.0,32.8,28.4,32.3,0.53,0.00,0.00,23.4,0.00,0.03,0.0,0.00,0.00,16.2,75.4,40.2,14.7,14.7,99.5,0.00,0.00,Matches
418,Morgan Schneiderlin\Morgan-Schneiderlin,fr FRA,MF,Everton,29,1989,11.1,61.4,2.43,14.6,40.4,9.10,0.63,59.9,0.27,0.27,100.0,0.27,0.00,35.5,157.8,67.9,41.4,38.6,93.2,0.36,0.63,Matches
419,Ryan Sessegnon\Ryan-Sessegnon,eng ENG,DF,Tottenham,19,2000,3.8,62.6,2.11,13.9,28.2,23.4,2.37,55.5,0.53,0.79,66.7,0.53,0.00,39.7,185.3,117.9,44.2,39.5,89.3,2.11,0.79,Matches
420,Xherdan Shaqiri\Xherdan-Shaqiri,ch SUI,FW,Liverpool,27,1991,2.1,61.4,0.48,8.57,31.0,23.8,1.43,55.2,0.95,1.90,50.0,0.95,0.00,42.9,172.9,63.3,56.7,45.7,80.7,1.43,2.38,Matches
421,Billy Sharp\Billy-Sharp,eng ENG,FW,Sheffield Utd,33,1986,11.7,28.5,0.09,2.48,10.4,17.9,5.90,28.0,1.11,1.71,65.0,1.11,0.09,21.8,134.3,61.6,44.7,21.7,48.6,2.05,2.56,Matches
422,Luke Shaw\Luke-Shaw,eng ENG,DF,Manchester Utd,24,1995,19.3,76.9,3.99,21.7,37.3,24.3,1.76,68.9,1.24,1.71,72.7,1.30,0.05,49.8,284.4,170.0,52.6,49.5,94.1,0.57,0.26,Matches
423,Jonjo Shelvey\Jonjo-Shelvey,eng ENG,MF,Newcastle Utd,27,1992,23.5,55.0,2.47,15.9,29.7,12.3,0.94,49.4,0.85,1.11,76.9,0.89,0.00,33.1,169.7,80.7,37.1,33.7,90.6,0.55,0.55,Matches
424,Djibril Sidibé\Djibril-Sidibe,fr FRA,DF,Everton,27,1992,20.3,70.0,2.91,20.5,34.3,20.0,0.94,60.4,0.69,1.28,53.8,0.79,0.20,40.6,227.4,127.0,43.5,39.0,89.5,1.18,1.03,Matches
425,Gylfi Sigur?sson\Gylfi-Sigurdsson,is ISL,MF,Everton,29,1989,28.4,49.6,1.30,7.96,25.5,17.9,1.94,44.8,0.81,1.34,60.5,0.92,0.07,30.2,129.3,51.1,35.4,29.8,84.1,1.20,1.20,Matches
426,Bernardo Silva\Bernardo-Silva,pt POR,FWMF,Manchester City,24,1994,22.6,74.6,0.93,8.58,33.5,38.1,7.08,72.3,1.90,2.83,67.2,1.99,0.00,56.9,358.4,209.3,67.0,58.6,87.5,0.66,0.97,Matches
427,David Silva\David-Silva,es ESP,MF,Manchester City,33,1986,20.3,83.8,0.99,6.95,40.6,42.1,8.87,81.0,1.67,2.46,68.0,1.72,0.00,62.1,326.3,177.2,79.5,69.2,87.0,1.43,0.94,Matches
428,Jack Simpson\Jack-Simpson,eng ENG,DF,Bournemouth,22,1996,2.7,47.8,7.04,24.1,22.6,1.85,0.37,42.6,0.74,1.11,66.7,0.74,0.00,28.1,126.7,36.3,25.6,23.7,92.8,0.74,0.00,Matches
429,Moussa Sissoko\Moussa-Sissoko,fr FRA,MF,Tottenham,29,1989,27.2,56.5,2.83,14.3,32.0,14.3,1.21,54.3,1.51,2.46,61.2,1.69,0.15,38.1,250.3,137.8,41.3,36.7,88.8,0.77,1.14,Matches
430,Oliver Skipp\Oliver-Skipp,eng ENG,MFDF,Tottenham,18,2000,0.9,51.1,1.11,17.8,33.3,2.22,0.00,51.1,2.22,2.22,100.0,2.22,0.00,33.3,146.7,75.6,30.0,28.9,96.3,1.11,1.11,Matches
431,William Smallbone\William-Smallbone,ie IRL,MF,Southampton,19,2000,4.4,57.0,0.91,10.2,30.7,18.4,1.36,55.5,0.45,0.91,50.0,0.45,0.00,36.1,147.3,64.3,43.9,39.8,90.7,0.45,0.68,Matches
432,Adam Smith\Adam-Smith,eng ENG,DF,Bournemouth,28,1991,22.8,58.2,3.07,18.2,28.9,16.1,1.10,49.5,1.14,2.28,50.0,1.32,0.18,34.5,260.4,152.6,35.0,32.4,92.5,1.01,0.92,Matches
433,Emile Smith-Rowe\Emile-Smith-Rowe,eng ENG,MF,Arsenal,19,2000,1.1,45.5,2.73,10.9,27.3,14.5,0.00,45.5,0.91,0.91,100.0,0.91,0.00,32.7,255.5,163.6,42.7,35.5,83.0,4.55,1.82,Matches
434,Robert Snodgrass\Robert-Snodgrass,sco SCO,MFFW,West Ham,31,1987,16.8,47.9,0.95,8.33,18.5,23.6,3.51,42.1,0.89,1.61,55.6,0.95,0.06,30.4,200.8,100.5,39.5,29.8,75.5,0.71,2.08,Matches
435,Cédric Soares\Cedric-Soares,pt POR,DF,Arsenal,27,1991,2.8,57.5,1.79,14.3,24.3,21.1,0.71,50.4,0.71,0.71,100.0,0.71,0.00,32.1,172.9,90.7,36.4,33.6,92.2,1.07,0.71,Matches
436,Cédric Soares\Cedric-Soares,pt POR,DF,Southampton,27,1991,14.5,62.8,3.79,18.7,29.4,17.8,1.10,49.3,0.21,0.48,42.9,0.21,0.00,27.4,159.8,79.1,31.9,28.7,89.8,0.90,0.62,Matches
437,Dominic Solanke\Dominic-Solanke,eng ENG,FWMF,Bournemouth,21,1997,18.3,38.0,1.09,4.70,17.7,18.2,4.48,36.6,1.64,3.11,52.6,1.69,0.00,26.2,185.0,100.7,44.7,25.7,57.6,3.17,3.01,Matches
438,Tomáš Souèek\Tomas-Soucek,cz CZE,MF,West Ham,24,1995,11.6,45.7,4.31,13.4,23.4,10.2,2.93,45.3,0.09,0.52,16.7,0.17,0.09,20.5,72.2,27.4,32.5,25.1,77.2,0.69,0.17,Matches
439,Ça?lar Söyüncü\Caglar-Soyuncu,tr TUR,DF,Leicester City,23,1996,33.7,78.0,8.75,40.7,39.4,2.46,0.98,76.5,0.53,0.65,81.8,0.56,0.00,52.0,310.4,138.7,55.0,54.3,98.8,0.24,0.24,Matches
440,Dennis Srbeny\Dennis-Srbeny,de GER,MFFW,Norwich City,25,1994,0.5,76.0,2.00,10.0,38.0,30.0,6.00,76.0,2.00,8.00,25.0,2.00,2.00,52.0,188.0,88.0,88.0,54.0,61.4,4.00,6.00,Matches
441,Jack Stacey\Jack-Stacey,eng ENG,DF,Bournemouth,23,1996,17.2,55.9,5.17,21.1,25.0,13.7,1.51,47.0,0.93,1.51,61.5,1.10,0.00,29.8,197.4,112.3,32.0,27.8,86.9,0.93,0.76,Matches
442,Junior Stanislas\Junior-Stanislas,eng ENG,MFDF,Bournemouth,29,1989,7.9,49.0,1.27,8.61,18.7,24.8,2.28,44.1,1.65,2.66,61.9,1.77,0.25,34.3,225.4,123.8,39.1,32.3,82.5,1.27,1.14,Matches
443,Jed Steer\Jed-Steer,eng ENG,GK,Aston Villa,26,1992,0.1,20.0,20.0,20.0,0.00,0.00,0.00,10.0,0.00,0.00,,0.00,0.00,10.0,0.00,0.00,10.0,10.0,100.0,0.00,0.00,Matches
444,Dale Stephens\Dale-Stephens,eng ENG,MF,Brighton,30,1989,28.1,67.7,3.31,20.6,40.6,10.4,0.32,67.0,0.36,0.39,90.9,0.36,0.00,45.6,214.2,80.5,49.4,46.9,95.0,0.39,0.57,Matches
445,Jack Stephens\Jack-Stephens,eng ENG,DF,Southampton,25,1994,27.2,56.8,7.76,30.3,28.8,1.62,0.59,55.1,0.29,0.44,66.7,0.29,0.04,29.8,183.9,102.9,31.7,30.9,97.4,0.29,0.26,Matches
446,Raheem Sterling\Raheem-Sterling,eng ENG,FW,Manchester City,24,1994,29.5,55.5,0.41,3.15,19.4,36.8,10.0,54.8,2.00,4.34,46.1,2.27,0.10,45.0,298.1,198.3,57.2,45.5,79.6,1.73,2.41,Matches
447,Enda Stevens\Enda-Stevens,ie IRL,DF,Sheffield Utd,29,1990,37.2,61.8,2.53,14.0,26.5,24.8,2.18,53.2,1.67,2.34,71.3,1.72,0.16,38.9,219.0,124.1,39.7,36.3,91.5,1.05,1.51,Matches
448,Marco Stiepermann\Marco-Stiepermann,de GER,MF,Norwich City,28,1991,13.1,42.3,1.98,7.25,22.3,16.0,3.05,40.8,1.53,2.60,58.8,1.68,0.23,29.9,187.9,110.3,43.8,30.8,70.4,1.76,1.60,Matches
449,John Stones\John-Stones,eng ENG,DF,Manchester City,25,1994,12.5,88.0,8.80,35.1,56.5,4.40,0.88,86.9,0.24,0.32,75.0,0.32,0.00,61.3,443.3,265.8,69.3,68.2,98.4,0.16,0.00,Matches
450,Isaac Success\Isaac-Success,ng NGA,FWMF,Watford,23,1996,0.8,41.3,0.00,2.50,15.0,30.0,3.75,41.3,1.25,5.00,25.0,2.50,0.00,35.0,208.8,120.0,68.8,33.8,49.1,3.75,2.50,Matches
451,Ki Sung-yueng\Ki-Sung-yueng,kr KOR,MF,Newcastle Utd,30,1989,1.5,52.7,2.67,16.0,24.0,16.7,0.00,49.3,2.00,2.00,100.0,2.00,0.00,37.3,186.0,89.3,35.3,34.0,96.2,0.67,0.67,Matches
452,Andrew Surman\Andrew-Surman,eng ENG,MF,Bournemouth,32,1986,2.6,56.9,3.46,21.9,28.1,8.46,0.00,53.5,0.38,0.38,100.0,0.38,0.00,28.1,125.0,36.2,31.9,30.4,95.2,1.15,0.38,Matches
453,Sam Surridge\Sam-Surridge,eng ENG,FW,Bournemouth,21,1998,0.3,66.7,0.00,6.67,16.7,43.3,16.7,66.7,3.33,6.67,50.0,3.33,0.00,36.7,240.0,153.3,120.0,56.7,47.2,13.3,3.33,Matches
454,Japhet Tanganga\Japhet-Tanganga,eng ENG,DF,Tottenham,20,1999,5.8,55.2,5.52,23.6,27.9,6.55,0.34,49.3,1.21,1.72,70.0,1.21,0.00,28.6,147.4,78.4,29.5,26.9,91.2,0.86,1.38,Matches
455,Matt Targett\Matt-Targett,eng ENG,DF,Aston Villa,23,1995,25.5,58.9,4.86,20.1,25.4,16.4,1.29,49.6,0.39,0.90,43.5,0.55,0.04,29.7,129.2,72.7,32.7,30.2,92.6,0.24,0.78,Matches
456,James Tarkowski\James-Tarkowski,eng ENG,DF,Burnley,26,1992,38.0,47.7,8.24,25.2,21.0,2.92,1.89,47.0,0.39,0.42,93.8,0.42,0.00,19.2,92.1,37.4,21.9,20.8,95.2,0.37,0.13,Matches
457,Charlie Taylor\Charlie-Taylor,eng ENG,DF,Burnley,25,1993,21.6,61.2,5.09,20.2,27.5,17.4,0.46,48.5,0.88,1.81,48.7,1.02,0.14,28.4,240.1,116.4,30.4,28.4,93.5,0.56,0.79,Matches
458,Neil Taylor\Neil-Taylor,wal WAL,DF,Aston Villa,30,1989,12.1,52.1,5.12,19.2,24.6,9.92,0.41,44.0,0.17,0.25,66.7,0.17,0.00,25.0,92.7,47.2,30.0,26.6,88.7,0.33,0.17,Matches
459,Nathan Tella\Nathan-Tella,eng ENG,FW,Southampton,20,1999,0.0,3,0,0,1,2,1,3,0,0,,0,0,2,6,4,3,2,66.7,0,0,Matches
460,Alexander Tettey\Alexander-Tettey,no NOR,MFDF,Norwich City,33,1986,26.0,57.5,4.96,21.7,32.2,6.81,0.46,57.0,0.62,0.92,66.7,0.73,0.00,36.6,189.0,86.0,37.8,36.5,96.4,0.85,0.46,Matches
461,Jordan Thomas\Jordan-Thomas,eng ENG,FW,Norwich City,,,0.0,0,0,0,0,0,0,0,0,0,,0,0,0,0,0,1,0,0.0,0,0,Matches
462,Luke Thomas\Luke-Thomas,eng ENG,DF,Leicester City,,,3.0,73.3,1.67,14.0,32.7,30.7,1.67,65.0,0.67,1.00,66.7,0.67,0.00,47.3,200.3,107.0,51.0,48.0,94.1,1.33,0.67,Matches
463,Max Thompson\Max-Thompson,eng ENG,FW,Burnley,17,2002,0.0,0,0,0,0,0,0,0,0,0,,0,0,0,0,0,1,0,0.0,0,0,Matches
464,Youri Tielemans\Youri-Tielemans,be BEL,MF,Leicester City,22,1997,31.4,68.2,0.99,10.4,37.2,24.2,1.88,65.3,0.96,1.46,65.2,0.99,0.06,46.5,197.2,107.6,56.5,50.5,89.5,1.02,1.62,Matches
465,Kieran Tierney\Kieran-Tierney,sco SCO,DF,Arsenal,22,1997,11.0,60.4,3.73,19.8,25.5,17.9,1.55,52.6,1.09,1.45,75.0,1.09,0.09,34.6,196.5,102.3,38.4,35.0,91.2,1.09,0.55,Matches
466,James Tomkins\James-Tomkins,eng ENG,DF,Crystal Palace,30,1989,17.6,48.7,8.86,32.0,16.7,1.93,1.19,47.1,0.06,0.06,100.0,0.06,0.00,22.7,101.9,50.6,25.9,25.1,96.9,0.06,0.17,Matches
467,Fikayo Tomori\Fikayo-Tomori,eng ENG,DF,Chelsea,21,1997,14.3,89.3,10.3,49.4,42.2,3.50,0.56,88.2,0.49,0.77,63.6,0.63,0.00,65.5,312.2,151.2,67.1,66.0,98.4,0.28,0.35,Matches
468,Lucas Torreira\Lucas-Torreira,uy URU,MF,Arsenal,23,1996,16.8,64.9,3.45,18.2,39.5,11.1,1.85,63.2,0.77,0.95,81.3,0.77,0.06,43.3,202.6,92.4,45.7,42.2,92.4,0.65,0.95,Matches
469,Cenk Tosun\Cenk-Tosun,tr TUR,FW,Crystal Palace,28,1991,2.0,34.5,0.50,5.00,17.0,14.0,5.00,34.5,3.50,4.00,87.5,3.50,0.00,28.0,171.5,89.0,62.0,27.0,43.5,2.50,2.00,Matches
470,Cenk Tosun\Cenk-Tosun,tr TUR,FW,Everton,28,1991,3.2,30.0,0.31,1.88,9.06,20.3,7.81,29.7,0.31,1.56,20.0,0.31,0.00,16.6,83.8,25.3,41.6,22.8,54.9,0.94,0.63,Matches
471,Andros Townsend\Andros-Townsend,eng ENG,MF,Crystal Palace,28,1991,14.4,44.9,1.04,8.13,21.7,21.0,1.94,42.9,2.50,3.54,70.6,2.64,0.07,35.8,319.3,159.3,38.0,29.1,76.6,1.94,2.50,Matches
472,Adama Traoré\Adama-Traore,es ESP,FWMF,Wolves,23,1996,28.9,48.4,0.97,5.22,23.0,26.5,4.08,46.6,5.40,7.30,73.9,5.57,0.10,43.3,457.1,300.2,48.2,36.2,75.0,2.84,3.11,Matches
473,Mark Travers\Mark-Travers,ie IRL,GK,Bournemouth,20,1999,1.0,33.0,33.0,33.0,0.00,0.00,0.00,24.0,0.00,0.00,,0.00,0.00,14.0,62.0,30.0,17.0,17.0,100.0,0.00,0.00,Matches
474,Trézéguet\Trezeguet,eg EGY,FWMF,Aston Villa,24,1994,21.7,35.7,1.15,6.36,13.6,19.2,3.87,34.7,1.84,3.46,53.3,2.07,0.32,24.7,203.6,126.8,39.4,23.9,60.6,2.95,1.34,Matches
475,Leandro Trossard\Leandro-Trossard,be BEL,FWMF,Brighton,24,1994,22.3,46.6,0.94,5.87,18.8,25.7,5.25,44.8,1.52,2.69,56.7,1.61,0.04,36.7,249.1,126.1,46.2,34.4,74.6,1.84,2.11,Matches
476,Tom Trybull\Tom-Trybull,de GER,MF,Norwich City,26,1993,12.6,60.0,4.68,20.3,36.3,6.75,1.03,58.9,0.56,0.71,77.8,0.56,0.00,39.4,181.0,67.4,40.7,37.7,92.6,0.87,0.79,Matches
477,Axel Tuanzebe\Axel-Tuanzebe,eng ENG,DF,Manchester Utd,21,1997,2.1,79.0,3.81,28.1,45.2,12.4,0.00,73.3,0.00,1.43,0.0,0.00,0.00,52.9,368.6,194.3,53.8,51.9,96.5,0.48,0.95,Matches
478,Yan Valery\Yan-Valery,fr FRA,DF,Southampton,20,1999,8.7,52.3,3.33,16.0,21.7,17.4,1.15,41.5,1.38,2.87,48.0,1.49,0.00,23.8,179.3,92.4,27.9,20.7,74.1,1.49,2.18,Matches
479,Jesús Vallejo\Jesus-Vallejo,es ESP,DF,Wolves,22,1997,1.8,68.9,11.1,33.9,35.6,3.33,0.56,68.9,0.56,0.56,100.0,0.56,0.00,47.2,178.9,94.4,50.0,46.1,92.2,0.56,0.56,Matches
480,Jamie Vardy\Jamie-Vardy,eng ENG,FW,Leicester City,32,1987,33.7,21.8,0.83,1.10,9.11,12.5,5.58,19.9,0.74,1.31,56.8,0.83,0.03,11.9,95.7,59.5,36.3,14.9,41.1,1.78,0.68,Matches
481,Indiana Vassilev\Indiana-Vassilev,us USA,FWMF,Aston Villa,18,2001,0.6,26.7,0.00,0.00,5.00,23.3,5.00,25.0,1.67,3.33,50.0,3.33,0.00,25.0,131.7,33.3,51.7,16.7,32.3,1.67,1.67,Matches
482,Jan Vertonghen\Jan-Vertonghen,be BEL,DF,Tottenham,32,1987,18.3,72.5,9.07,34.0,37.5,4.54,0.33,67.0,0.11,0.27,40.0,0.11,0.00,42.9,221.9,111.7,45.5,44.8,98.3,0.22,0.33,Matches
483,Jannik Vestergaard\Jannik-Vestergaard,dk DEN,DF,Southampton,26,1992,16.6,62.7,7.29,29.8,33.6,2.89,0.90,59.9,0.18,0.30,60.0,0.18,0.00,32.2,171.3,94.0,34.9,34.2,97.9,0.18,0.24,Matches
484,Rúben Vinagre\Ruben-Vinagre,pt POR,DF,Wolves,20,1999,7.2,65.3,2.08,19.2,30.0,20.3,2.22,55.4,2.50,5.69,43.9,2.92,0.28,43.9,323.3,221.4,42.5,36.1,85.0,1.39,2.78,Matches
485,Jake Vokins\Jake-Vokins,eng ENG,DF,Southampton,19,2000,1.0,82.0,1.00,11.0,44.0,33.0,5.00,70.0,0.00,0.00,,0.00,0.00,56.0,310.0,150.0,63.0,58.0,92.1,1.00,2.00,Matches
486,Mario Vranèiæ\Mario-Vrancic,ba BIH,MF,Norwich City,30,1989,7.1,74.1,1.69,17.6,43.4,17.0,1.69,72.4,0.42,0.70,60.0,0.42,0.14,46.8,266.2,162.8,55.5,51.0,91.9,0.56,1.55,Matches
487,Matìj Vydra\Matej-Vydra,cz CZE,FW,Burnley,27,1992,9.1,26.2,1.10,2.09,10.2,15.2,3.96,25.8,0.77,1.87,41.2,0.99,0.11,12.7,82.7,51.0,45.3,18.0,39.8,2.31,0.99,Matches
488,Theo Walcott\Theo-Walcott,eng ENG,MFFW,Everton,30,1989,14.3,40.2,0.56,5.31,15.4,21.8,5.38,39.4,1.47,2.52,58.3,1.68,0.14,29.1,169.0,100.9,39.6,27.8,70.1,1.96,2.03,Matches
489,Kyle Walker\Kyle-Walker,eng ENG,DF,Manchester City,29,1990,26.6,87.9,2.44,17.6,54.7,22.4,1.35,79.6,0.94,1.20,78.1,1.02,0.08,60.9,377.0,211.0,66.5,63.6,95.6,0.53,0.68,Matches
490,Kyle Walker-Peters\Kyle-Walker-Peters,eng ENG,DF,Southampton,22,1997,7.8,68.7,4.23,20.4,36.7,18.2,1.79,56.5,2.56,2.95,87.0,2.56,0.13,42.8,310.3,178.7,38.8,36.9,95.0,0.64,1.15,Matches
491,Kyle Walker-Peters\Kyle-Walker-Peters,eng ENG,DF,Tottenham,22,1997,2.7,90.4,4.81,25.6,43.7,27.8,2.22,81.1,1.11,1.48,75.0,1.11,0.00,69.6,358.1,224.8,65.6,63.3,96.6,0.00,1.48,Matches
492,Aaron Wan-Bissaka\Aaron-Wan-Bissaka,eng ENG,DF,Manchester Utd,21,1997,34.1,75.1,3.05,21.7,34.8,22.7,1.35,64.0,1.73,2.67,64.8,1.76,0.09,45.4,244.4,145.8,46.0,42.7,92.7,0.76,1.26,Matches
493,Victor Wanyama\Victor-Wanyama,ke KEN,MF,Tottenham,28,1991,0.3,70.0,0.00,16.7,63.3,3.33,0.00,63.3,3.33,3.33,100.0,3.33,0.00,40.0,373.3,246.7,40.0,40.0,100.0,0.00,0.00,Matches
494,Joel Ward\Joel-Ward,eng ENG,DF,Crystal Palace,29,1989,26.5,58.3,4.49,19.7,28.8,12.6,0.42,47.8,0.49,0.72,68.4,0.53,0.08,28.5,137.7,75.7,30.2,28.1,93.1,0.45,0.75,Matches
495,James Ward-Prowse\James-Ward-Prowse,eng ENG,MFDF,Southampton,24,1994,38.0,63.1,3.26,11.9,33.0,20.4,1.45,53.2,0.39,0.55,71.4,0.42,0.03,29.3,111.1,44.7,35.8,31.5,87.8,0.63,0.42,Matches
496,Kelland Watts\Kelland-Watts,eng ENG,DF,Newcastle Utd,19,1999,0.2,25.0,10.0,25.0,0.00,0.00,0.00,25.0,0.00,0.00,,0.00,0.00,15.0,85.0,25.0,15.0,15.0,100.0,0.00,0.00,Matches
497,Adam Webster\Adam-Webster,eng ENG,DF,Brighton,24,1995,29.6,73.5,11.8,43.3,31.7,4.43,1.01,70.9,0.41,0.47,85.7,0.41,0.00,45.5,320.3,201.0,48.1,47.3,98.2,0.27,0.47,Matches
498,Danny Welbeck\Danny-Welbeck,eng ENG,FWMF,Watford,28,1990,9.1,31.0,0.55,3.63,12.1,17.4,5.27,30.1,0.99,2.09,47.4,0.99,0.00,21.4,154.3,73.8,38.9,21.8,55.9,2.42,2.09,Matches
499,Ashley Westwood\Ashley-Westwood,eng ENG,MF,Burnley,29,1990,35.0,59.5,1.80,9.23,36.7,15.5,0.54,53.8,0.29,0.66,43.5,0.31,0.03,34.3,133.0,58.9,39.4,36.2,91.8,0.49,0.46,Matches
500,Connor Wickham\Connor-Wickham,eng ENG,FWMF,Crystal Palace,26,1993,1.1,56.4,0.00,4.55,25.5,28.2,6.36,54.5,1.82,2.73,66.7,1.82,0.00,26.4,142.7,50.9,71.8,41.8,58.2,3.64,3.64,Matches
501,Georginio Wijnaldum\Georginio-Wijnaldum,nl NED,MF,Liverpool,28,1990,32.6,58.9,1.26,8.87,36.5,17.3,2.52,58.0,1.50,2.39,62.8,1.53,0.15,46.1,249.8,111.0,50.2,44.2,88.1,1.10,1.26,Matches
502,Jetro Willems\Jetro-Willems,nl NED,DF,Newcastle Utd,25,1994,16.6,45.5,3.67,15.8,18.2,13.4,1.33,37.8,1.81,2.35,76.9,1.81,0.00,24.6,123.3,79.2,24.5,20.8,85.0,0.54,0.42,Matches
503,Brandon Williams\Brandon-Williams,eng ENG,DF,Manchester Utd,18,2000,11.2,68.2,3.39,21.0,32.6,20.2,2.59,61.0,1.25,1.79,70.0,1.34,0.00,45.3,286.2,183.8,48.0,44.6,92.9,1.25,0.89,Matches
504,Neco Williams\Neco-Williams,wal WAL,DF,Liverpool,18,2001,2.6,94.2,1.15,22.7,42.3,34.6,3.85,80.8,2.31,5.00,46.2,2.69,0.00,58.1,305.0,147.7,64.6,56.5,87.5,1.15,0.00,Matches
505,Willian\Willian,br BRA,FW,Chelsea,30,1988,28.9,66.7,0.69,7.23,27.4,37.8,4.81,61.8,2.15,2.98,72.1,2.25,0.10,50.3,426.9,238.5,59.9,49.8,83.1,1.76,1.38,Matches
506,Joe Willock\Joe-Willock,eng ENG,MFFW,Arsenal,19,1999,9.5,54.2,2.95,11.5,29.4,18.6,3.89,53.2,2.32,3.47,66.7,2.42,0.32,40.4,298.2,177.7,43.7,35.1,80.2,2.84,2.00,Matches
507,Jack Wilshere\Jack-Wilshere,eng ENG,MF,West Ham,27,1992,2.4,45.0,0.42,5.42,28.3,12.9,1.67,44.2,2.08,4.17,50.0,2.50,0.42,33.3,211.3,103.8,39.2,31.7,80.9,1.25,5.42,Matches
508,Callum Wilson\Callum-Wilson,eng ENG,FW,Bournemouth,27,1992,32.3,27.3,0.65,2.11,10.7,16.0,5.45,26.4,0.74,1.49,50.0,0.77,0.00,18.7,104.6,56.8,43.0,19.9,46.2,3.25,1.70,Matches
509,Harry Wilson\Harry-Wilson,wal WAL,MFFW,Bournemouth,22,1997,18.3,46.8,1.42,6.89,20.8,21.9,3.22,43.4,1.09,2.08,52.6,1.26,0.00,30.9,197.6,96.3,36.3,29.5,81.1,1.64,1.09,Matches
510,Harry Winks\Harry-Winks,eng ENG,MF,Tottenham,23,1996,24.7,74.5,2.35,16.7,49.8,12.9,0.16,71.8,0.57,0.89,63.6,0.61,0.04,53.1,298.1,151.8,57.6,55.8,96.8,0.40,0.61,Matches
511,Chris Wood\Chris-Wood,nz NZL,FW,Burnley,27,1991,27.1,28.2,0.81,2.18,11.4,15.5,4.13,27.6,0.33,0.74,45.0,0.37,0.04,13.5,53.4,25.5,48.5,21.4,44.1,3.14,1.14,Matches
512,Granit Xhaka\Granit-Xhaka,ch SUI,MF,Arsenal,26,1992,28.7,74.7,4.39,22.2,46.1,10.9,0.63,73.0,0.94,1.11,84.4,0.94,0.07,53.2,258.9,125.9,57.2,54.3,94.9,0.35,0.42,Matches
513,Andriy Yarmolenko\Andriy-Yarmolenko,ua UKR,MFFW,West Ham,29,1989,11.0,49.5,1.00,7.45,20.3,24.3,5.27,48.5,0.91,1.45,62.5,0.91,0.00,36.9,215.3,118.1,52.0,38.0,73.1,2.18,1.64,Matches
514,DeAndre Yedlin\DeAndre-Yedlin,us USA,DF,Newcastle Utd,26,1993,10.4,39.1,3.75,14.5,15.9,10.6,0.48,35.2,0.48,1.06,45.5,0.58,0.00,20.4,110.8,67.2,26.6,21.6,81.2,0.58,0.48,Matches
515,Maya Yoshida\Maya-Yoshida,jp JPN,DF,Southampton,30,1988,6.2,51.1,6.29,26.9,23.2,3.23,0.81,49.8,0.16,0.16,100.0,0.16,0.00,27.4,132.7,46.8,31.3,30.2,96.4,0.16,0.48,Matches
516,Ashley Young\Ashley-Young,eng ENG,DF,Manchester Utd,34,1985,10.6,78.9,3.49,18.3,41.7,22.5,1.04,61.9,0.75,1.60,47.1,0.85,0.19,47.5,204.4,114.8,47.9,45.2,94.3,0.47,0.28,Matches
517,Pablo Zabaleta\Pablo-Zabaleta,ar ARG,DF,West Ham,34,1985,6.6,60.3,5.61,17.9,31.1,14.1,1.21,50.3,0.00,0.30,0.0,0.00,0.00,29.8,152.1,80.3,34.5,30.6,88.6,0.30,0.30,Matches
518,Wilfried Zaha\Wilfried-Zaha,ci CIV,MFFW,Crystal Palace,26,1992,36.4,51.1,0.27,5.33,23.9,27.3,6.21,50.3,4.45,7.20,61.8,4.73,0.19,47.1,373.4,246.8,53.7,40.1,74.6,3.38,4.73,Matches
519,Christoph Zimmermann\Christoph-Zimmermann,de GER,DF,Norwich City,26,1993,15.9,51.9,11.5,34.6,20.2,1.26,0.44,50.8,0.25,0.38,66.7,0.25,0.00,27.9,201.1,122.3,28.7,28.5,99.3,0.25,0.31,Matches
520,Oleksandr Zinchenko\Oleksandr-Zinchenko,ua UKR,DF,Manchester City,22,1996,14.2,103.3,2.04,19.7,52.7,37.1,0.70,95.3,0.35,0.70,50.0,0.35,0.00,67.7,284.0,162.8,80.5,77.5,96.3,0.42,0.56,Matches
521,Richairo Živkoviæ\Richairo-Zivkovic,nl NED,FW,Sheffield Utd,22,1996,1.2,25.8,0.00,0.83,12.5,15.0,1.67,23.3,0.83,2.50,33.3,0.83,0.00,19.2,118.3,61.7,46.7,19.2,41.1,3.33,2.50,Matches
522,Kurt Zouma\Kurt-Zouma,fr FRA,DF,Chelsea,24,1994,26.0,88.1,10.2,47.0,44.6,1.92,0.77,87.0,0.31,0.46,66.7,0.35,0.00,61.1,310.0,165.8,65.3,64.4,98.6,0.23,0.19,Matches
