Rk,Player,Nation,Pos,Squad,Age,Born,90s,Gls,Sh,SoT,SoT%,Sh/90,SoT/90,G/Sh,G/SoT,Dist,FK,PK,PKatt,xG,npxG,npxG/Sh,G-xG,np:G-xG,Matches
1,Patrick van Aanholt\Patrick-van-Aanholt,nl NED,DF,Crystal Palace,28,1990,27.9,0.11,0.93,0.18,19.2,0.93,0.18,0.08,0.40,20.6,0.11,0.04,0.04,0.09,0.06,0.06,0.02,0.01,Matches
2,Max Aarons\Max-Aarons,eng ENG,DF,Norwich City,19,2000,36.0,0.00,0.39,0.11,28.6,0.39,0.11,0.00,0.00,17.8,0.00,0.00,0.00,0.01,0.01,0.04,-0.01,-0.01,Matches
3,Tammy Abraham\Tammy-Abraham,eng ENG,FW,Chelsea,21,1997,24.6,0.61,3.58,1.42,39.8,3.58,1.42,0.17,0.43,11.1,0.00,0.00,0.00,0.57,0.57,0.16,0.04,0.04,Matches
4,Che Adams\Che-Adams,eng ENG,FW,Southampton,23,1996,12.3,0.33,3.01,0.73,24.3,3.00,0.73,0.11,0.44,15.2,0.00,0.00,0.00,0.33,0.33,0.11,0.00,0.00,Matches
5,Adrián\Adrian,es ESP,GK,Liverpool,32,1987,9.7,0.00,0.00,0.00,,0.00,0.00,,,,0.00,0.00,0.00,0.00,0.00,,0.00,0.00,Matches
6,Sergio Agüero\Sergio-Aguero,ar ARG,FW,Manchester City,31,1988,16.1,0.99,4.53,1.55,34.2,4.52,1.55,0.19,0.56,12.4,0.00,0.12,0.19,0.87,0.73,0.16,0.12,0.14,Matches
7,Albian Ajeti\Albian-Ajeti,ch SUI,MFFW,West Ham,22,1997,1.5,0.00,2.00,0.00,0.0,1.94,0.00,0.00,,14.2,0.00,0.00,0.00,0.07,0.07,0.04,-0.07,-0.07,Matches
8,Nathan Aké\Nathan-Ake,nl NED,DF,Bournemouth,24,1995,27.8,0.07,0.86,0.25,29.2,0.86,0.25,0.08,0.29,9.7,0.00,0.00,0.00,0.09,0.09,0.10,-0.01,-0.01,Matches
9,Marc Albrighton\Marc-Albrighton,eng ENG,MFDF,Leicester City,29,1989,9.6,0.00,1.04,0.21,20.0,1.04,0.21,0.00,0.00,20.7,0.00,0.00,0.00,0.06,0.06,0.06,-0.06,-0.06,Matches
10,Toby Alderweireld\Toby-Alderweireld,be BEL,DF,Tottenham,30,1989,32.9,0.06,0.49,0.15,31.3,0.49,0.15,0.13,0.40,11.2,0.00,0.00,0.00,0.03,0.03,0.07,0.03,0.03,Matches
11,Trent Alexander-Arnold\Trent-Alexander-Arnold,eng ENG,DF,Liverpool,20,1998,35.3,0.11,1.25,0.37,29.5,1.25,0.37,0.09,0.31,22.6,0.34,0.00,0.00,0.08,0.08,0.06,0.03,0.03,Matches
12,Alisson\Alisson,br BRA,GK,Liverpool,26,1992,28.3,0.00,0.00,0.00,,0.00,0.00,,,,0.00,0.00,0.00,0.00,0.00,,0.00,0.00,Matches
13,Dele Alli\Dele-Alli,eng ENG,MFFW,Tottenham,23,1996,20.5,0.39,1.90,0.88,46.2,1.90,0.88,0.18,0.39,14.0,0.00,0.05,0.05,0.35,0.31,0.16,0.04,0.03,Matches
14,Miguel Almirón\Miguel-Almiron,py PAR,MFFW,Newcastle Utd,25,1994,33.6,0.12,1.64,0.51,30.9,1.64,0.51,0.07,0.24,15.7,0.00,0.00,0.00,0.19,0.19,0.12,-0.07,-0.07,Matches
15,Marcos Alonso\Marcos-Alonso,es ESP,DF,Chelsea,28,1990,15.9,0.25,1.89,0.50,26.7,1.89,0.50,0.13,0.50,16.9,0.06,0.00,0.00,0.13,0.13,0.07,0.13,0.13,Matches
16,Steven Alzate\Steven-Alzate,co COL,MFDF,Brighton,20,1998,13.2,0.00,0.98,0.23,23.1,0.98,0.23,0.00,0.00,16.8,0.00,0.00,0.00,0.09,0.09,0.09,-0.09,-0.09,Matches
17,Ibrahim Amadou\Ibrahim-Amadou,fr FRA,DFMF,Norwich City,26,1993,8.4,0.00,0.71,0.12,16.7,0.71,0.12,0.00,0.00,16.5,0.00,0.00,0.00,0.12,0.12,0.16,-0.12,-0.12,Matches
18,Felipe Anderson\Felipe-Anderson,br BRA,MFFW,West Ham,26,1993,16.6,0.06,1.39,0.48,34.8,1.38,0.48,0.04,0.13,16.7,0.00,0.00,0.00,0.15,0.15,0.11,-0.09,-0.09,Matches
19,Florin Andone\Florin-Andone,ro ROU,MFFW,Brighton,26,1993,0.8,1.25,1.25,1.25,100.0,1.23,1.23,1.00,1.00,6.7,0.00,0.00,0.00,0.13,0.13,0.15,1.13,1.13,Matches
20,Angeli?o\Angelino,es ESP,DF,Manchester City,22,1997,4.7,0.00,1.06,0.00,0.0,1.06,0.00,0.00,,19.1,0.00,0.00,0.00,0.04,0.04,0.04,-0.04,-0.04,Matches
21,Faustino Anjorin\Faustino-Anjorin,eng ENG,FW,Chelsea,17,2001,0.2,0.00,5.00,0.00,0.0,4.50,0.00,0.00,,31.3,0.00,0.00,0.00,0.00,0.00,0.01,0.00,0.00,Matches
22,Michail Antonio\Michail-Antonio,eng ENG,FW,West Ham,29,1990,19.6,0.51,3.42,1.53,44.8,3.41,1.53,0.13,0.30,13.2,0.00,0.05,0.05,0.60,0.56,0.16,-0.09,-0.10,Matches
23,Stuart Armstrong\Stuart-Armstrong,sco SCO,MF,Southampton,27,1992,19.1,0.26,2.41,0.99,41.3,2.41,1.00,0.11,0.26,20.4,0.00,0.00,0.00,0.15,0.15,0.06,0.11,0.11,Matches
24,Kepa Arrizabalaga\Kepa-Arrizabalaga,es ESP,GK,Chelsea,24,1994,33.0,0.00,0.00,0.00,,0.00,0.00,,,,0.00,0.00,0.00,0.00,0.00,,0.00,0.00,Matches
25,Christian Atsu\Christian-Atsu,gh GHA,FWMF,Newcastle Utd,27,1992,8.3,0.00,0.60,0.12,20.0,0.60,0.12,0.00,0.00,19.7,0.00,0.00,0.00,0.02,0.02,0.04,-0.02,-0.02,Matches
26,Pierre-Emerick Aubameyang\Pierre-Emerick-Aubameyang,ga GAB,FW,Arsenal,30,1989,34.8,0.63,2.59,1.15,44.4,2.58,1.15,0.22,0.50,15.0,0.06,0.06,0.06,0.45,0.41,0.16,0.18,0.16,Matches
27,Serge Aurier\Serge-Aurier,ci CIV,DF,Tottenham,26,1992,30.0,0.03,0.43,0.13,30.8,0.43,0.13,0.08,0.25,18.7,0.00,0.00,0.00,0.02,0.02,0.04,0.01,0.01,Matches
28,Jordan Ayew\Jordan-Ayew,gh GHA,FWMF,Crystal Palace,27,1991,35.0,0.26,1.60,0.69,42.9,1.60,0.69,0.16,0.38,14.7,0.00,0.00,0.00,0.19,0.19,0.12,0.07,0.07,Matches
29,César Azpilicueta\Cesar-Azpilicueta,es ESP,DF,Chelsea,29,1989,35.9,0.06,0.81,0.17,20.7,0.81,0.17,0.07,0.33,13.2,0.00,0.00,0.00,0.08,0.08,0.09,-0.02,-0.02,Matches
30,Eric Bailly\Eric-Bailly,ci CIV,DF,Manchester Utd,25,1994,1.7,0.00,0.00,0.00,,0.00,0.00,,,,0.00,0.00,0.00,0.00,0.00,,0.00,0.00,Matches
31,Leighton Baines\Leighton-Baines,eng ENG,DF,Everton,34,1984,4.5,0.00,0.22,0.00,0.0,0.22,0.00,0.00,,32.4,0.22,0.00,0.00,0.00,0.00,0.03,0.00,0.00,Matches
32,Fabián Balbuena\Fabian-Balbuena,py PAR,DF,West Ham,27,1991,13.1,0.08,0.76,0.31,40.0,0.76,0.31,0.10,0.25,7.2,0.00,0.00,0.00,0.13,0.13,0.17,-0.05,-0.05,Matches
33,George Baldock\George-Baldock,eng ENG,DF,Sheffield Utd,26,1993,38.0,0.05,0.34,0.13,38.5,0.34,0.13,0.15,0.40,16.9,0.00,0.00,0.00,0.02,0.02,0.07,0.03,0.03,Matches
34,Phil Bardsley\Phil-Bardsley,sco SCO,DF,Burnley,34,1985,21.0,0.00,0.57,0.24,41.7,0.57,0.24,0.00,0.00,25.7,0.00,0.00,0.00,0.01,0.01,0.02,-0.01,-0.01,Matches
35,Ross Barkley\Ross-Barkley,eng ENG,MF,Chelsea,25,1993,12.3,0.08,3.25,0.98,30.0,3.26,0.98,0.03,0.08,21.9,0.33,0.00,0.00,0.18,0.18,0.05,-0.10,-0.10,Matches
36,Ashley Barnes\Ashley-Barnes,eng ENG,FW,Burnley,29,1989,15.0,0.40,2.60,0.73,28.2,2.60,0.73,0.13,0.45,15.0,0.00,0.07,0.07,0.37,0.32,0.12,0.03,0.01,Matches
37,Harvey Barnes\Harvey-Barnes,eng ENG,MFFW,Leicester City,21,1997,23.1,0.26,2.64,1.17,44.3,2.64,1.17,0.10,0.22,16.2,0.00,0.00,0.00,0.38,0.38,0.14,-0.12,-0.12,Matches
38,Chris Basham\Chris-Basham,eng ENG,DF,Sheffield Utd,31,1988,36.0,0.00,0.17,0.00,0.0,0.17,0.00,0.00,,12.2,0.00,0.00,0.00,0.01,0.01,0.09,-0.01,-0.01,Matches
39,Borja Bastón\Borja-Baston,es ESP,MFFW,Aston Villa,26,1992,0.2,0.00,0.00,0.00,,0.00,0.00,,,,0.00,0.00,0.00,0.00,0.00,,0.00,0.00,Matches
40,Michy Batshuayi\Michy-Batshuayi,be BEL,FW,Chelsea,25,1993,2.7,0.37,5.56,0.74,13.3,5.65,0.75,0.07,0.50,13.1,0.00,0.00,0.00,0.81,0.81,0.15,-0.44,-0.44,Matches
41,Jan Bednarek\Jan-Bednarek,pl POL,DF,Southampton,23,1996,34.0,0.03,0.21,0.03,14.3,0.21,0.03,0.14,1.00,7.4,0.00,0.00,0.00,0.02,0.02,0.12,0.01,0.01,Matches
42,Héctor Bellerín\Hector-Bellerin,es ESP,DF,Arsenal,24,1995,12.9,0.08,0.54,0.16,28.6,0.54,0.16,0.14,0.50,16.9,0.00,0.00,0.00,0.04,0.04,0.07,0.04,0.04,Matches
43,Ryan Bennett\Ryan-Bennett,eng ENG,DF,Wolves,29,1990,6.7,0.00,0.00,0.00,,0.00,0.00,,,,0.00,0.00,0.00,0.00,0.00,,0.00,0.00,Matches
44,Ryan Bennett\Ryan-Bennett,eng ENG,DF,Leicester City,29,1990,3.7,0.00,0.00,0.00,,0.00,0.00,,,,0.00,0.00,0.00,0.00,0.00,,0.00,0.00,Matches
45,Nabil Bentaleb\Nabil-Bentaleb,dz ALG,MF,Newcastle Utd,24,1994,8.3,0.00,0.48,0.00,0.0,0.48,0.00,0.00,,27.4,0.00,0.00,0.00,0.01,0.01,0.02,-0.01,-0.01,Matches
46,Christian Benteke\Christian-Benteke,be BEL,FW,Crystal Palace,28,1990,14.0,0.14,3.00,1.36,45.2,3.00,1.36,0.05,0.11,12.3,0.00,0.00,0.00,0.36,0.36,0.12,-0.22,-0.22,Matches
47,Jóhann Berg Gu?mundsson\Johann-Berg-Gudmundsson,is ISL,MF,Burnley,28,1990,6.9,0.14,1.59,0.29,18.2,1.59,0.29,0.09,0.50,14.5,0.29,0.00,0.00,0.16,0.16,0.10,-0.01,-0.01,Matches
48,Sander Berge\Sander-Berge,no NOR,MF,Sheffield Utd,21,1998,10.5,0.10,0.48,0.19,40.0,0.48,0.19,0.20,0.50,13.0,0.00,0.00,0.00,0.05,0.05,0.09,0.05,0.05,Matches
49,Steven Bergwijn\Steven-Bergwijn,nl NED,FWMF,Tottenham,21,1997,7.8,0.38,1.15,0.51,44.4,1.15,0.51,0.33,0.75,15.0,0.00,0.00,0.00,0.15,0.15,0.13,0.23,0.23,Matches
50,Bernard\Bernard,br BRA,MFFW,Everton,26,1992,14.2,0.21,0.85,0.28,33.3,0.84,0.28,0.25,0.75,15.7,0.07,0.00,0.00,0.08,0.08,0.09,0.13,0.13,Matches
51,Bernardo\Bernardo,br BRA,DF,Brighton,24,1995,7.5,0.00,0.93,0.27,28.6,0.93,0.27,0.00,0.00,18.1,0.00,0.00,0.00,0.03,0.03,0.04,-0.03,-0.03,Matches
52,Ryan Bertrand\Ryan-Bertrand,eng ENG,DF,Southampton,29,1989,30.5,0.03,0.62,0.13,21.1,0.62,0.13,0.05,0.25,19.7,0.03,0.00,0.00,0.06,0.06,0.09,-0.02,-0.02,Matches
53,Muhamed Bešiæ\Muhamed-Besic,ba BIH,MF,Sheffield Utd,26,1992,2.8,0.00,1.43,0.71,50.0,1.44,0.72,0.00,0.00,21.5,0.00,0.00,0.00,0.04,0.04,0.03,-0.04,-0.04,Matches
54,Philip Billing\Philip-Billing,dk DEN,MF,Bournemouth,23,1996,28.1,0.04,1.21,0.28,23.5,1.21,0.28,0.03,0.13,19.0,0.04,0.00,0.00,0.09,0.09,0.07,-0.05,-0.05,Matches
55,Yves Bissouma\Yves-Bissouma,ml MLI,MF,Brighton,22,1996,14.0,0.07,1.14,0.43,37.5,1.14,0.43,0.06,0.17,28.0,0.00,0.00,0.00,0.03,0.03,0.03,0.04,0.04,Matches
56,Willy Boly\Willy-Boly,ci CIV,DF,Wolves,28,1991,22.0,0.00,0.18,0.14,75.0,0.18,0.14,0.00,0.00,10.3,0.00,0.00,0.00,0.01,0.01,0.07,-0.01,-0.01,Matches
57,Gaëtan Bong\Gaetan-Bong,cm CMR,MFDF,Brighton,31,1988,0.7,0.00,0.00,0.00,,0.00,0.00,,,,0.00,0.00,0.00,0.00,0.00,,0.00,0.00,Matches
58,Sofiane Boufal\Sofiane-Boufal,ma MAR,MFFW,Southampton,25,1993,8.5,0.00,2.47,0.82,33.3,2.47,0.82,0.00,0.00,20.0,0.00,0.00,0.00,0.12,0.12,0.05,-0.12,-0.12,Matches
59,Jarrod Bowen\Jarrod-Bowen,eng ENG,FW,West Ham,22,1996,10.2,0.10,2.35,0.69,29.2,2.36,0.69,0.04,0.14,17.9,0.00,0.00,0.00,0.17,0.17,0.07,-0.07,-0.07,Matches
60,Robbie Brady\Robbie-Brady,ie IRL,MF,Burnley,27,1992,5.0,0.20,2.40,0.20,8.3,2.38,0.20,0.08,1.00,15.2,0.40,0.00,0.00,0.24,0.24,0.10,-0.04,-0.04,Matches
61,Jarrad Branthwaite\Jarrad-Branthwaite,eng ENG,DF,Everton,17,2002,3.3,0.00,0.00,0.00,,0.00,0.00,,,,0.00,0.00,0.00,0.00,0.00,,0.00,0.00,Matches
62,Claudio Bravo\Claudio-Bravo,cl CHI,GK,Manchester City,36,1983,3.9,0.00,0.00,0.00,,0.00,0.00,,,,0.00,0.00,0.00,0.00,0.00,,0.00,0.00,Matches
63,Armando Broja\Armando-Broja,al ALB,FW,Chelsea,17,2001,0.1,0.00,0.00,0.00,,0.00,0.00,,,,0.00,0.00,0.00,0.00,0.00,,0.00,0.00,Matches
64,David Brooks\David-Brooks,wal WAL,MF,Bournemouth,22,1997,5.6,0.18,1.07,0.36,33.3,1.07,0.36,0.17,0.50,21.7,0.18,0.00,0.00,0.14,0.14,0.13,0.04,0.04,Matches
65,Josh Brownhill\Josh-Brownhill,eng ENG,MF,Burnley,23,1995,8.9,0.00,0.56,0.00,0.0,0.56,0.00,0.00,,15.5,0.00,0.00,0.00,0.04,0.04,0.07,-0.04,-0.04,Matches
66,Emi Buendía\Emi-Buendia,ar ARG,FWMF,Norwich City,22,1996,27.4,0.04,1.46,0.40,27.5,1.46,0.40,0.03,0.09,22.1,0.36,0.00,0.00,0.08,0.08,0.05,-0.04,-0.04,Matches
67,Dan Burn\Dan-Burn,eng ENG,DF,Brighton,27,1992,32.0,0.00,0.41,0.00,0.0,0.41,0.00,0.00,,11.6,0.00,0.00,0.00,0.04,0.04,0.10,-0.04,-0.04,Matches
68,Sam Byram\Sam-Byram,eng ENG,DF,Norwich City,25,1993,14.4,0.00,1.11,0.14,12.5,1.11,0.14,0.00,0.00,11.3,0.00,0.00,0.00,0.08,0.08,0.07,-0.08,-0.08,Matches
69,Willy Caballero\Willy-Caballero,ar ARG,GK,Chelsea,37,1981,5.0,0.00,0.00,0.00,,0.00,0.00,,,,0.00,0.00,0.00,0.00,0.00,,0.00,0.00,Matches
70,Gary Cahill\Gary-Cahill,eng ENG,DF,Crystal Palace,33,1985,24.1,0.00,0.83,0.21,25.0,0.83,0.21,0.00,0.00,11.6,0.00,0.00,0.00,0.05,0.05,0.06,-0.05,-0.05,Matches
71,Dominic Calvert-Lewin\Dominic-Calvert-Lewin,eng ENG,FW,Everton,22,1997,29.2,0.45,2.84,1.27,44.6,2.84,1.27,0.16,0.35,12.2,0.00,0.00,0.00,0.49,0.49,0.17,-0.04,-0.04,Matches
72,Víctor Camarasa\Victor-Camarasa,es ESP,MF,Crystal Palace,25,1994,0.1,0.00,0.00,0.00,,0.00,0.00,,,,0.00,0.00,0.00,0.00,0.00,,0.00,0.00,Matches
73,Jo?o Cancelo\Joao-Cancelo,pt POR,DF,Manchester City,25,1994,13.4,0.00,1.12,0.30,26.7,1.12,0.30,0.00,0.00,23.8,0.00,0.00,0.00,0.04,0.04,0.03,-0.04,-0.04,Matches
74,Todd Cantwell\Todd-Cantwell,eng ENG,FWMF,Norwich City,21,1998,27.7,0.22,1.52,0.58,38.1,1.52,0.58,0.14,0.38,15.7,0.00,0.00,0.00,0.21,0.21,0.14,0.01,0.01,Matches
75,Étienne Capoue\Etienne-Capoue,fr FRA,MF,Watford,31,1988,29.2,0.00,0.65,0.03,5.3,0.65,0.03,0.00,0.00,26.6,0.07,0.00,0.00,0.03,0.03,0.04,-0.03,-0.03,Matches
76,Andy Carroll\Andy-Carroll,eng ENG,FW,Newcastle Utd,30,1989,7.0,0.00,2.14,0.43,20.0,2.14,0.43,0.00,0.00,13.8,0.00,0.00,0.00,0.13,0.13,0.06,-0.13,-0.13,Matches
77,Jonny Castro\Jonny-Castro,es ESP,DF,Wolves,25,1994,32.1,0.06,0.53,0.16,29.4,0.53,0.16,0.12,0.40,17.9,0.00,0.00,0.00,0.04,0.04,0.08,0.02,0.02,Matches
78,Craig Cathcart\Craig-Cathcart,nir NIR,DF,Watford,30,1989,27.6,0.00,0.07,0.04,50.0,0.07,0.04,0.00,0.00,8.0,0.00,0.00,0.00,0.01,0.01,0.15,-0.01,-0.01,Matches
79,Dani Ceballos\Dani-Ceballos,es ESP,MF,Arsenal,22,1996,18.8,0.00,0.69,0.16,23.1,0.69,0.16,0.00,0.00,21.6,0.00,0.00,0.00,0.03,0.03,0.04,-0.03,-0.03,Matches
80,Nathaniel Chalobah\Nathaniel-Chalobah,eng ENG,MF,Watford,24,1994,10.3,0.00,0.87,0.00,0.0,0.87,0.00,0.00,,21.6,0.19,0.00,0.00,0.04,0.04,0.05,-0.04,-0.04,Matches
81,Calum Chambers\Calum-Chambers,eng ENG,DF,Arsenal,24,1995,12.2,0.08,0.98,0.16,16.7,0.98,0.16,0.08,0.50,11.6,0.00,0.00,0.00,0.06,0.06,0.06,0.02,0.02,Matches
82,Ben Chilwell\Ben-Chilwell,eng ENG,DF,Leicester City,22,1996,26.4,0.11,0.57,0.23,40.0,0.57,0.23,0.20,0.50,18.1,0.00,0.00,0.00,0.04,0.04,0.07,0.08,0.08,Matches
83,Tahith Chong\Tahith-Chong,nl NED,FWMF,Manchester Utd,19,1999,0.4,0.00,2.50,0.00,0.0,2.43,0.00,0.00,,12.8,0.00,0.00,0.00,0.25,0.25,0.06,-0.25,-0.25,Matches
84,Hamza Choudhury\Hamza-Choudhury,eng ENG,MF,Leicester City,21,1997,9.9,0.10,0.71,0.20,28.6,0.71,0.20,0.14,0.50,16.1,0.00,0.00,0.00,0.05,0.05,0.07,0.05,0.05,Matches
85,Andreas Christensen\Andreas-Christensen,dk DEN,DF,Chelsea,23,1996,19.5,0.00,0.36,0.10,28.6,0.36,0.10,0.00,0.00,11.2,0.00,0.00,0.00,0.04,0.04,0.11,-0.04,-0.04,Matches
86,Ciaran Clark\Ciaran-Clark,ie IRL,DF,Newcastle Utd,29,1989,13.2,0.15,0.45,0.30,66.7,0.46,0.30,0.33,0.50,8.2,0.00,0.00,0.00,0.10,0.10,0.22,0.05,0.05,Matches
87,Leon Clarke\Leon-Clarke,eng ENG,FWMF,Sheffield Utd,34,1985,0.4,0.00,2.50,0.00,0.0,2.57,0.00,0.00,,9.0,0.00,0.00,0.00,0.75,0.75,0.33,-0.75,-0.75,Matches
88,Tom Cleverley\Tom-Cleverley,eng ENG,MF,Watford,29,1989,10.8,0.09,1.57,0.46,29.4,1.58,0.46,0.06,0.20,16.9,0.00,0.00,0.00,0.15,0.15,0.09,-0.06,-0.06,Matches
89,Conor Coady\Conor-Coady,eng ENG,DF,Wolves,26,1993,38.0,0.00,0.00,0.00,,0.00,0.00,,,,0.00,0.00,0.00,0.00,0.00,,0.00,0.00,Matches
90,Séamus Coleman\Seamus-Coleman,ie IRL,DF,Everton,30,1988,20.4,0.00,0.39,0.15,37.5,0.39,0.15,0.00,0.00,16.3,0.00,0.00,0.00,0.03,0.03,0.09,-0.03,-0.03,Matches
91,Aaron Connolly\Aaron-Connolly,ie IRL,FW,Brighton,19,2000,14.0,0.21,2.71,0.93,34.2,2.72,0.93,0.08,0.23,15.9,0.00,0.00,0.00,0.23,0.23,0.08,-0.01,-0.01,Matches
92,Lewis Cook\Lewis-Cook,eng ENG,MF,Bournemouth,22,1997,15.0,0.00,0.60,0.13,22.2,0.60,0.13,0.00,0.00,23.0,0.00,0.00,0.00,0.02,0.02,0.03,-0.02,-0.02,Matches
93,Steve Cook\Steve-Cook,eng ENG,DF,Bournemouth,28,1991,27.0,0.04,0.48,0.07,15.4,0.48,0.07,0.08,0.50,12.1,0.00,0.00,0.00,0.03,0.03,0.06,0.01,0.01,Matches
94,Jack Cork\Jack-Cork,eng ENG,MF,Burnley,30,1989,29.0,0.00,0.62,0.17,27.8,0.62,0.17,0.00,0.00,13.7,0.00,0.00,0.00,0.06,0.06,0.10,-0.06,-0.06,Matches
95,Aaron Cresswell\Aaron-Cresswell,eng ENG,DF,West Ham,29,1989,30.3,0.10,0.59,0.17,27.8,0.59,0.17,0.17,0.60,20.1,0.23,0.00,0.00,0.04,0.04,0.07,0.06,0.06,Matches
96,Patrick Cutrone\Patrick-Cutrone,it ITA,FW,Wolves,21,1998,3.3,0.61,3.33,0.91,27.3,3.33,0.91,0.18,0.67,12.5,0.00,0.00,0.00,0.73,0.73,0.21,-0.12,-0.12,Matches
97,Diogo Dalot\Diogo-Dalot,pt POR,DF,Manchester Utd,20,1999,0.7,0.00,1.43,0.00,0.0,1.34,0.00,0.00,,7.0,0.00,0.00,0.00,0.29,0.29,0.18,-0.29,-0.29,Matches
98,Charlie Daniels\Charlie-Daniels,eng ENG,DF,Bournemouth,32,1986,1.4,0.00,0.00,0.00,,0.00,0.00,,,,0.00,0.00,0.00,0.00,0.00,,0.00,0.00,Matches
99,Scott Dann\Scott-Dann,eng ENG,DF,Crystal Palace,32,1987,14.1,0.00,0.57,0.14,25.0,0.57,0.14,0.00,0.00,8.7,0.00,0.00,0.00,0.03,0.03,0.05,-0.03,-0.03,Matches
100,Kevin Danso\Kevin-Danso,at AUT,DF,Southampton,20,1998,3.1,0.00,0.32,0.00,0.0,0.32,0.00,0.00,,9.0,0.00,0.00,0.00,0.03,0.03,0.11,-0.03,-0.03,Matches
101,Ben Davies\Ben-Davies,wal WAL,DF,Tottenham,26,1993,15.9,0.00,0.44,0.06,14.3,0.44,0.06,0.00,0.00,23.1,0.00,0.00,0.00,0.01,0.01,0.03,-0.01,-0.01,Matches
102,Tom Davies\Tom-Davies,eng ENG,MF,Everton,21,1998,22.5,0.04,0.76,0.22,29.4,0.75,0.22,0.06,0.20,15.9,0.00,0.00,0.00,0.09,0.09,0.12,-0.04,-0.04,Matches
103,Keinan Davis\Keinan-Davis,eng ENG,FW,Aston Villa,21,1998,6.1,0.00,2.62,0.82,31.3,2.63,0.82,0.00,0.00,9.4,0.00,0.00,0.00,0.31,0.31,0.12,-0.31,-0.31,Matches
104,Craig Dawson\Craig-Dawson,eng ENG,DF,Watford,29,1990,26.2,0.08,0.88,0.27,30.4,0.88,0.27,0.09,0.29,9.2,0.00,0.00,0.00,0.09,0.09,0.10,-0.01,-0.01,Matches
105,Kevin De Bruyne\Kevin-De-Bruyne,be BEL,MF,Manchester City,28,1991,31.0,0.42,3.10,0.87,28.1,3.10,0.87,0.11,0.41,20.8,0.35,0.06,0.06,0.25,0.20,0.06,0.17,0.16,Matches
106,Troy Deeney\Troy-Deeney,eng ENG,FW,Watford,31,1988,24.7,0.40,1.54,0.65,42.1,1.54,0.65,0.13,0.31,13.3,0.00,0.20,0.24,0.40,0.21,0.14,0.01,-0.01,Matches
107,Fabian Delph\Fabian-Delph,eng ENG,MF,Everton,29,1989,13.2,0.00,0.23,0.00,0.0,0.23,0.00,0.00,,29.4,0.00,0.00,0.00,0.01,0.01,0.02,-0.01,-0.01,Matches
108,Leander Dendoncker\Leander-Dendoncker,be BEL,MFDF,Wolves,24,1995,31.1,0.13,0.64,0.16,25.0,0.64,0.16,0.20,0.80,13.4,0.00,0.00,0.00,0.05,0.05,0.08,0.08,0.08,Matches
109,Gerard Deulofeu\Gerard-Deulofeu,es ESP,FW,Watford,25,1994,23.3,0.17,2.70,0.94,34.9,2.70,0.94,0.05,0.14,18.3,0.34,0.04,0.04,0.22,0.19,0.07,-0.05,-0.06,Matches
110,Eric Dier\Eric-Dier,eng ENG,DFMF,Tottenham,25,1994,14.9,0.00,0.54,0.07,12.5,0.54,0.07,0.00,0.00,14.0,0.07,0.00,0.00,0.07,0.07,0.12,-0.07,-0.07,Matches
111,Lucas Digne\Lucas-Digne,fr FRA,DF,Everton,26,1993,33.7,0.00,0.86,0.15,17.2,0.86,0.15,0.00,0.00,24.3,0.39,0.00,0.00,0.04,0.04,0.05,-0.04,-0.04,Matches
112,Virgil van Dijk\Virgil-van-Dijk,nl NED,DF,Liverpool,28,1991,38.0,0.13,0.79,0.37,46.7,0.79,0.37,0.17,0.36,11.3,0.00,0.00,0.00,0.08,0.08,0.10,0.06,0.06,Matches
113,Issa Diop\Issa-Diop,fr FRA,DF,West Ham,22,1997,30.7,0.10,0.49,0.20,40.0,0.49,0.20,0.20,0.50,7.7,0.00,0.00,0.00,0.05,0.05,0.11,0.05,0.05,Matches
114,Moussa Djenepo\Moussa-Djenepo,ml MLI,MFDF,Southampton,21,1998,10.3,0.19,1.94,0.68,35.0,1.94,0.68,0.10,0.29,17.4,0.00,0.00,0.00,0.26,0.26,0.14,-0.07,-0.07,Matches
115,Matt Doherty\Matt-Doherty,ie IRL,DF,Wolves,27,1992,31.5,0.13,1.08,0.48,44.1,1.08,0.48,0.12,0.27,10.9,0.00,0.00,0.00,0.17,0.17,0.15,-0.04,-0.04,Matches
116,Abdoulaye Doucouré\Abdoulaye-Doucoure,fr FRA,MF,Watford,26,1993,35.1,0.11,1.77,0.34,19.4,1.77,0.34,0.06,0.33,16.7,0.00,0.00,0.00,0.15,0.15,0.09,-0.04,-0.04,Matches
117,Thomas Doyle\Thomas-Doyle,eng ENG,MFFW,Manchester City,17,2001,0.2,0.00,5.00,5.00,100.0,5.63,5.63,0.00,0.00,19.0,0.00,0.00,0.00,0.50,0.50,0.08,-0.50,-0.50,Matches
118,Danny Drinkwater\Danny-Drinkwater,eng ENG,MF,Burnley,29,1990,0.6,0.00,0.00,0.00,,0.00,0.00,,,,0.00,0.00,0.00,0.00,0.00,,0.00,0.00,Matches
119,Danny Drinkwater\Danny-Drinkwater,eng ENG,MF,Aston Villa,29,1990,2.9,0.00,0.69,0.00,0.0,0.69,0.00,0.00,,19.5,0.00,0.00,0.00,0.03,0.03,0.05,-0.03,-0.03,Matches
120,Josip Drmiæ\Josip-Drmic,ch SUI,FWMF,Norwich City,26,1992,7.2,0.14,1.81,0.69,38.5,1.81,0.70,0.08,0.20,13.2,0.00,0.00,0.00,0.36,0.36,0.23,-0.22,-0.22,Matches
121,Martin Dúbravka\Martin-Dubravka,sk SVK,GK,Newcastle Utd,30,1989,38.0,0.00,0.00,0.00,,0.00,0.00,,,,0.00,0.00,0.00,0.00,0.00,,0.00,0.00,Matches
122,Ondrej Duda\Ondrej-Duda,sk SVK,MF,Norwich City,24,1994,8.0,0.00,1.25,0.38,30.0,1.24,0.37,0.00,0.00,20.4,0.25,0.00,0.00,0.09,0.09,0.07,-0.09,-0.09,Matches
123,Shane Duffy\Shane-Duffy,ie IRL,DF,Brighton,27,1992,13.8,0.07,0.43,0.07,16.7,0.44,0.07,0.17,1.00,11.4,0.00,0.00,0.00,0.11,0.11,0.25,-0.04,-0.04,Matches
124,Paul Dummett\Paul-Dummett,wal WAL,DF,Newcastle Utd,27,1991,13.6,0.00,0.07,0.07,100.0,0.07,0.07,0.00,0.00,7.8,0.00,0.00,0.00,0.00,0.00,0.04,0.00,0.00,Matches
125,Lewis Dunk\Lewis-Dunk,eng ENG,DF,Brighton,27,1991,35.9,0.08,0.84,0.28,33.3,0.84,0.28,0.10,0.30,11.0,0.14,0.00,0.00,0.11,0.11,0.13,-0.03,-0.03,Matches
126,Ederson\Ederson,br BRA,GK,Manchester City,25,1993,34.1,0.00,0.00,0.00,,0.00,0.00,,,,0.00,0.00,0.00,0.00,0.00,,0.00,0.00,Matches
127,John Egan\John-Egan,ie IRL,DF,Sheffield Utd,26,1992,35.4,0.06,0.79,0.14,17.9,0.79,0.14,0.07,0.40,8.8,0.00,0.00,0.00,0.06,0.06,0.08,-0.01,-0.01,Matches
128,Harvey Elliot\Harvey-Elliot,eng ENG,DF,Liverpool,16,2003,0.1,0.00,0.00,0.00,,0.00,0.00,,,,0.00,0.00,0.00,0.00,0.00,,0.00,0.00,Matches
129,Ahmed Elmohamady\Ahmed-Elmohamady,eg EGY,DF,Aston Villa,31,1987,11.5,0.09,0.43,0.09,20.0,0.44,0.09,0.20,1.00,11.1,0.00,0.00,0.00,0.02,0.02,0.04,0.07,0.07,Matches
130,Björn Engels\Bjorn-Engels,be BEL,DF,Aston Villa,24,1994,16.1,0.06,0.43,0.06,14.3,0.44,0.06,0.14,1.00,6.2,0.00,0.00,0.00,0.05,0.05,0.11,0.01,0.01,Matches
131,Christian Eriksen\Christian-Eriksen,dk DEN,MFFW,Tottenham,27,1992,12.2,0.16,2.13,0.74,34.6,2.13,0.74,0.08,0.22,24.2,0.57,0.00,0.00,0.16,0.16,0.07,0.01,0.01,Matches
132,Jonny Evans\Jonny-Evans,nir NIR,DF,Leicester City,31,1988,37.6,0.03,0.64,0.27,41.7,0.64,0.27,0.04,0.10,7.7,0.00,0.00,0.00,0.07,0.07,0.11,-0.04,-0.04,Matches
133,£ukasz Fabiañski\Lukasz-Fabianski,pl POL,GK,West Ham,34,1985,23.5,0.00,0.00,0.00,,0.00,0.00,,,,0.00,0.00,0.00,0.00,0.00,,0.00,0.00,Matches
134,Fabinho\Fabinho,br BRA,MF,Liverpool,25,1993,23.1,0.09,0.52,0.17,33.3,0.52,0.17,0.17,0.50,26.7,0.09,0.00,0.00,0.02,0.02,0.03,0.07,0.07,Matches
135,Ralf Fährmann\Ralf-Fahrmann,de GER,GK,Norwich City,30,1988,0.2,0.00,0.00,0.00,,0.00,0.00,,,,0.00,0.00,0.00,0.00,0.00,,0.00,0.00,Matches
136,Akin Famewo\Akin-Famewo,eng ENG,MF,Norwich City,20,1998,0.0,0,0,0,,0.00,0.00,,,,0,0,0,0.0,0.0,,0.0,0.0,Matches
137,Kiko Femenía\Kiko-Femenia,es ESP,DF,Watford,28,1991,24.9,0.00,0.20,0.04,20.0,0.20,0.04,0.00,0.00,26.7,0.00,0.00,0.00,0.00,0.00,0.02,-0.00,-0.00,Matches
138,Bruno Fernandes\Bruno-Fernandes,pt POR,MF,Manchester Utd,24,1994,13.2,0.61,3.03,1.06,35.0,3.04,1.06,0.10,0.29,23.0,0.53,0.30,0.30,0.44,0.21,0.07,0.17,0.09,Matches
139,Gedson Fernandes\Gedson-Fernandes,pt POR,MFDF,Tottenham,20,1999,0.8,0.00,2.50,0.00,0.0,2.65,0.00,0.00,,20.4,0.00,0.00,0.00,0.00,0.00,0.02,0.00,0.00,Matches
140,Federico Fernández\Federico-Fernandez,ar ARG,DF,Newcastle Utd,30,1989,29.1,0.07,0.55,0.21,37.5,0.55,0.21,0.13,0.33,10.7,0.00,0.00,0.00,0.06,0.06,0.11,0.01,0.01,Matches
141,Fernandinho\Fernandinho,br BRA,DF,Manchester City,34,1985,26.6,0.00,0.64,0.08,11.8,0.64,0.08,0.00,0.00,13.2,0.00,0.00,0.00,0.04,0.04,0.06,-0.04,-0.04,Matches
142,Roberto Firmino\Roberto-Firmino,br BRA,FW,Liverpool,27,1991,33.2,0.27,3.01,1.11,37.0,3.01,1.11,0.09,0.24,13.3,0.00,0.00,0.00,0.41,0.41,0.13,-0.14,-0.14,Matches
143,John Fleck\John-Fleck,sco SCO,MF,Sheffield Utd,27,1991,28.0,0.18,1.14,0.43,37.5,1.14,0.43,0.16,0.42,19.3,0.00,0.00,0.00,0.13,0.13,0.11,0.05,0.05,Matches
144,Phil Foden\Phil-Foden,eng ENG,FWMF,Manchester City,19,2000,10.0,0.50,3.40,1.40,41.2,3.40,1.40,0.15,0.36,16.0,0.00,0.00,0.00,0.43,0.43,0.13,0.07,0.07,Matches
145,Pablo Fornals\Pablo-Fornals,es ESP,MFFW,West Ham,23,1996,24.1,0.08,1.54,0.50,32.4,1.53,0.50,0.05,0.17,16.8,0.00,0.00,0.00,0.12,0.12,0.08,-0.04,-0.04,Matches
146,Ben Foster\Ben-Foster,eng ENG,GK,Watford,36,1983,38.0,0.00,0.03,0.03,100.0,0.03,0.03,0.00,0.00,9.0,0.00,0.00,0.00,0.00,0.00,0.09,-0.00,-0.00,Matches
147,Timothy Fosu-Mensah\Timothy-Fosu-Mensah,nl NED,DF,Manchester Utd,21,1998,1.5,0.00,0.67,0.00,0.0,0.66,0.00,0.00,,10.1,0.00,0.00,0.00,0.07,0.07,0.06,-0.07,-0.07,Matches
148,Dimitri Foulquier\Dimitri-Foulquier,fr FRA,MFDF,Watford,26,1993,0.7,0.00,0.00,0.00,,0.00,0.00,,,,0.00,0.00,0.00,0.00,0.00,,0.00,0.00,Matches
149,Juan Foyth\Juan-Foyth,ar ARG,DF,Tottenham,21,1998,0.8,0.00,0.00,0.00,,0.00,0.00,,,,0.00,0.00,0.00,0.00,0.00,,0.00,0.00,Matches
150,Simon Francis\Simon-Francis,eng ENG,DF,Bournemouth,34,1985,10.8,0.00,0.28,0.00,0.0,0.28,0.00,0.00,,12.4,0.00,0.00,0.00,0.02,0.02,0.07,-0.02,-0.02,Matches
151,Ryan Fraser\Ryan-Fraser,sco SCO,MFFW,Bournemouth,25,1994,23.0,0.04,1.17,0.52,44.4,1.18,0.52,0.04,0.08,17.3,0.09,0.00,0.00,0.14,0.14,0.12,-0.10,-0.10,Matches
152,Fred\Fred,br BRA,MF,Manchester Utd,26,1993,24.0,0.00,1.67,0.42,25.0,1.66,0.42,0.00,0.00,22.9,0.13,0.00,0.00,0.08,0.08,0.05,-0.08,-0.08,Matches
153,Ryan Fredericks\Ryan-Fredericks,eng ENG,DF,West Ham,26,1992,24.9,0.00,0.12,0.00,0.0,0.12,0.00,0.00,,21.7,0.00,0.00,0.00,0.00,0.00,0.05,-0.00,-0.00,Matches
154,Kieron Freeman\Kieron-Freeman,wal WAL,FW,Sheffield Utd,27,1992,0.1,0.00,0.00,0.00,,0.00,0.00,,,,0.00,0.00,0.00,0.00,0.00,,0.00,0.00,Matches
155,Luke Freeman\Luke-Freeman,eng ENG,MF,Sheffield Utd,27,1992,4.1,0.00,0.73,0.00,0.0,0.74,0.00,0.00,,29.4,0.00,0.00,0.00,0.02,0.02,0.02,-0.02,-0.02,Matches
156,Christian Fuchs\Christian-Fuchs,at AUT,DF,Leicester City,33,1986,8.6,0.00,0.58,0.12,20.0,0.58,0.12,0.00,0.00,26.1,0.23,0.00,0.00,0.02,0.02,0.03,-0.02,-0.02,Matches
157,Eric García\Eric-Garcia,es ESP,DF,Manchester City,18,2001,8.8,0.00,0.23,0.11,50.0,0.23,0.11,0.00,0.00,6.5,0.00,0.00,0.00,0.06,0.06,0.26,-0.06,-0.06,Matches
158,James Garner\James-Garner,eng ENG,MF,Manchester Utd,18,2001,0.1,0.00,0.00,0.00,,0.00,0.00,,,,0.00,0.00,0.00,0.00,0.00,,0.00,0.00,Matches
159,Dwight Gayle\Dwight-Gayle,eng ENG,FW,Newcastle Utd,28,1990,9.4,0.43,2.45,1.06,43.5,2.44,1.06,0.17,0.40,11.7,0.11,0.00,0.00,0.47,0.47,0.19,-0.04,-0.04,Matches
160,Paulo Gazzaniga\Paulo-Gazzaniga,ar ARG,GK,Tottenham,27,1992,17.9,0.00,0.00,0.00,,0.00,0.00,,,,0.00,0.00,0.00,0.00,0.00,,0.00,0.00,Matches
161,Jean-Philippe Gbamin\Jean-Philippe-Gbamin,ci CIV,MF,Everton,23,1995,1.5,0.00,0.00,0.00,,0.00,0.00,,,,0.00,0.00,0.00,0.00,0.00,,0.00,0.00,Matches
162,David de Gea\David-de-Gea,es ESP,GK,Manchester Utd,28,1990,38.0,0.00,0.00,0.00,,0.00,0.00,,,,0.00,0.00,0.00,0.00,0.00,,0.00,0.00,Matches
163,Anwar El Ghazi\Anwar-El-Ghazi,nl NED,FWMF,Aston Villa,24,1995,22.8,0.18,2.19,0.83,38.0,2.19,0.83,0.06,0.16,17.9,0.22,0.04,0.04,0.26,0.23,0.10,-0.09,-0.10,Matches
164,Morgan Gibbs-White\Morgan-Gibbs-White,eng ENG,MFFW,Wolves,19,2000,1.4,0.00,1.43,0.00,0.0,1.40,0.00,0.00,,16.0,0.00,0.00,0.00,0.07,0.07,0.03,-0.07,-0.07,Matches
165,Billy Gilmour\Billy-Gilmour,sco SCO,MF,Chelsea,18,2001,2.2,0.00,0.45,0.00,0.0,0.46,0.00,0.00,,24.0,0.00,0.00,0.00,0.00,0.00,0.03,0.00,0.00,Matches
166,Olivier Giroud\Olivier-Giroud,fr FRA,FW,Chelsea,32,1986,11.0,0.73,3.55,1.73,48.7,3.53,1.72,0.21,0.42,10.9,0.09,0.00,0.00,0.61,0.61,0.17,0.12,0.12,Matches
167,Ben Godfrey\Ben-Godfrey,eng ENG,DF,Norwich City,21,1998,29.4,0.00,0.51,0.17,33.3,0.51,0.17,0.00,0.00,17.0,0.00,0.00,0.00,0.03,0.03,0.05,-0.03,-0.03,Matches
168,André Gomes\Andre-Gomes,pt POR,MF,Everton,26,1993,16.2,0.00,0.31,0.00,0.0,0.31,0.00,0.00,,22.7,0.00,0.00,0.00,0.01,0.01,0.05,-0.01,-0.01,Matches
169,Angel Gomes\Angel-Gomes,eng ENG,MF,Manchester Utd,18,2000,0.2,0.00,0.00,0.00,,0.00,0.00,,,,0.00,0.00,0.00,0.00,0.00,,0.00,0.00,Matches
170,Joe Gomez\Joe-Gomez,eng ENG,DF,Liverpool,22,1997,22.3,0.00,0.04,0.00,0.0,0.04,0.00,0.00,,30.0,0.00,0.00,0.00,0.00,0.00,0.02,0.00,0.00,Matches
171,Anthony Gordon\Anthony-Gordon,eng ENG,MFFW,Everton,18,2001,4.9,0.00,1.22,0.20,16.7,1.23,0.20,0.00,0.00,19.1,0.00,0.00,0.00,0.04,0.04,0.04,-0.04,-0.04,Matches
172,Dan Gosling\Dan-Gosling,eng ENG,MF,Bournemouth,29,1990,14.0,0.21,0.86,0.43,50.0,0.85,0.43,0.25,0.50,10.9,0.00,0.00,0.00,0.15,0.15,0.18,0.06,0.06,Matches
173,Andre Gray\Andre-Gray,eng ENG,FW,Watford,28,1991,8.4,0.24,2.26,0.71,31.6,2.26,0.72,0.11,0.33,11.8,0.00,0.00,0.00,0.33,0.33,0.15,-0.10,-0.10,Matches
174,Demarai Gray\Demarai-Gray,eng ENG,MFFW,Leicester City,23,1996,6.9,0.29,3.04,0.87,28.6,3.04,0.87,0.10,0.33,19.3,0.43,0.00,0.14,0.36,0.25,0.08,-0.07,0.04,Matches
175,Jack Grealish\Jack-Grealish,eng ENG,FWMF,Aston Villa,23,1995,35.9,0.22,2.01,0.61,30.6,2.00,0.61,0.11,0.36,17.9,0.03,0.00,0.03,0.18,0.16,0.08,0.04,0.06,Matches
176,Mason Greenwood\Mason-Greenwood,eng ENG,FW,Manchester Utd,17,2001,14.7,0.68,2.59,1.36,52.6,2.59,1.36,0.26,0.50,16.4,0.00,0.00,0.00,0.24,0.24,0.10,0.44,0.44,Matches
177,Arnaut Groeneveld\Arnaut-Groeneveld,nl NED,MF,Bournemouth,22,1997,7.0,0.00,1.86,0.57,30.8,1.86,0.57,0.00,0.00,18.7,0.14,0.00,0.00,0.14,0.14,0.08,-0.14,-0.14,Matches
178,Pascal Groß\Pascal-Gross,de GER,FWMF,Brighton,28,1991,20.0,0.10,1.45,0.45,31.0,1.45,0.45,0.07,0.22,22.1,0.20,0.00,0.00,0.10,0.10,0.07,0.01,0.01,Matches
179,Vicente Guaita\Vicente-Guaita,es ESP,GK,Crystal Palace,32,1987,35.0,0.00,0.00,0.00,,0.00,0.00,,,,0.00,0.00,0.00,0.00,0.00,,0.00,0.00,Matches
180,Mattéo Guendouzi\Matteo-Guendouzi,fr FRA,MF,Arsenal,20,1999,19.4,0.00,0.57,0.26,45.5,0.57,0.26,0.00,0.00,21.7,0.00,0.00,0.00,0.03,0.03,0.06,-0.03,-0.03,Matches
181,Frederic Guilbert\Frederic-Guilbert,fr FRA,DF,Aston Villa,24,1994,22.7,0.00,0.35,0.13,37.5,0.35,0.13,0.00,0.00,22.1,0.00,0.00,0.00,0.02,0.02,0.05,-0.02,-0.02,Matches
182,?lkay Gündo?an\Ilkay-Gundogan,de GER,MF,Manchester City,28,1990,22.4,0.09,1.38,0.27,19.4,1.38,0.27,0.03,0.17,19.9,0.09,0.04,0.09,0.20,0.13,0.09,-0.11,-0.08,Matches
183,Angus Gunn\Angus-Gunn,eng ENG,GK,Southampton,23,1996,10.0,0.00,0.00,0.00,,0.00,0.00,,,,0.00,0.00,0.00,0.00,0.00,,0.00,0.00,Matches
184,Sébastien Haller\Sebastien-Haller,ci CIV,FW,West Ham,25,1994,25.2,0.28,2.18,1.07,49.1,2.18,1.07,0.13,0.26,10.4,0.00,0.00,0.00,0.31,0.31,0.15,-0.03,-0.03,Matches
185,Grant Hanley\Grant-Hanley,sco SCO,DF,Norwich City,27,1991,14.0,0.00,0.50,0.14,28.6,0.50,0.14,0.00,0.00,9.3,0.00,0.00,0.00,0.04,0.04,0.07,-0.04,-0.04,Matches
186,Kortney Hause\Kortney-Hause,eng ENG,DF,Aston Villa,24,1995,17.2,0.06,1.16,0.17,15.0,1.17,0.17,0.05,0.33,7.5,0.00,0.00,0.00,0.12,0.12,0.11,-0.06,-0.06,Matches
187,Isaac Hayden\Isaac-Hayden,eng ENG,MF,Newcastle Utd,24,1995,24.7,0.04,0.69,0.12,17.6,0.69,0.12,0.06,0.33,19.7,0.00,0.00,0.00,0.05,0.05,0.07,-0.01,-0.01,Matches
188,Tom Heaton\Tom-Heaton,eng ENG,GK,Aston Villa,33,1986,19.9,0.00,0.00,0.00,,0.00,0.00,,,,0.00,0.00,0.00,0.00,0.00,,0.00,0.00,Matches
189,Dean Henderson\Dean-Henderson,eng ENG,GK,Sheffield Utd,22,1997,36.0,0.00,0.03,0.00,0.0,0.03,0.00,0.00,,7.3,0.00,0.00,0.00,0.00,0.00,0.07,-0.00,-0.00,Matches
190,Jordan Henderson\Jordan-Henderson,eng ENG,MF,Liverpool,29,1990,24.9,0.16,0.80,0.32,40.0,0.80,0.32,0.20,0.50,18.5,0.00,0.00,0.00,0.06,0.06,0.07,0.10,0.10,Matches
191,Jeff Hendrick\Jeff-Hendrick,ie IRL,MF,Burnley,27,1992,21.5,0.09,1.02,0.28,27.3,1.03,0.28,0.09,0.33,18.0,0.05,0.00,0.00,0.07,0.07,0.07,0.02,0.02,Matches
192,Wayne Hennessey\Wayne-Hennessey,wal WAL,GK,Crystal Palace,32,1987,3.0,0.00,0.00,0.00,,0.00,0.00,,,,0.00,0.00,0.00,0.00,0.00,,0.00,0.00,Matches
193,Javier Hernández\Javier-Hernandez,mx MEX,FW,West Ham,31,1988,1.2,0.83,2.50,1.67,66.7,2.52,1.68,0.33,0.50,16.4,0.83,0.00,0.00,0.67,0.67,0.27,0.17,0.17,Matches
194,Onel Hernández\Onel-Hernandez,cu CUB,FWMF,Norwich City,26,1993,15.4,0.06,1.95,0.58,30.0,1.95,0.59,0.03,0.11,17.5,0.00,0.00,0.00,0.16,0.16,0.08,-0.10,-0.10,Matches
195,Son Heung-min\Son-Heung-min,kr KOR,FWMF,Tottenham,27,1992,27.5,0.40,2.95,1.42,48.1,2.94,1.42,0.14,0.28,16.5,0.04,0.00,0.04,0.32,0.29,0.10,0.08,0.11,Matches
196,George Hirst\George-Hirst,eng ENG,FW,Leicester City,20,1999,0.1,0.00,30.0,10.0,33.3,24.55,8.18,0.00,0.00,13.9,0.00,0.00,0.00,1.00,1.00,0.04,-1.00,-1.00,Matches
197,Rob Holding\Rob-Holding,eng ENG,DF,Arsenal,23,1995,6.5,0.00,0.15,0.00,0.0,0.15,0.00,0.00,,5.8,0.00,0.00,0.00,0.02,0.02,0.06,-0.02,-0.02,Matches
198,José Holebas\Jose-Holebas,gr GRE,DF,Watford,35,1984,11.4,0.00,0.53,0.26,50.0,0.53,0.26,0.00,0.00,18.8,0.09,0.00,0.00,0.04,0.04,0.08,-0.04,-0.04,Matches
199,Mason Holgate\Mason-Holgate,eng ENG,DF,Everton,22,1996,22.8,0.00,0.53,0.22,41.7,0.53,0.22,0.00,0.00,12.8,0.00,0.00,0.00,0.10,0.10,0.18,-0.10,-0.10,Matches
200,Nathan Holland\Nathan-Holland,eng ENG,MF,West Ham,21,1998,0.4,0.00,2.50,2.50,100.0,2.73,2.73,0.00,0.00,24.0,0.00,0.00,0.00,0.00,0.00,0.05,0.00,0.00,Matches
201,Conor Hourihane\Conor-Hourihane,ie IRL,MF,Aston Villa,28,1991,17.0,0.18,1.71,0.59,34.5,1.70,0.59,0.10,0.30,20.5,0.24,0.00,0.00,0.09,0.09,0.06,0.08,0.08,Matches
202,Callum Hudson-Odoi\Callum-Hudson-Odoi,eng ENG,FW,Chelsea,18,2000,9.6,0.10,2.29,0.42,18.2,2.29,0.42,0.05,0.25,17.4,0.00,0.00,0.00,0.18,0.18,0.08,-0.07,-0.07,Matches
203,Will Hughes\Will-Hughes,eng ENG,MFFW,Watford,24,1995,25.0,0.04,1.08,0.12,11.1,1.08,0.12,0.04,0.33,18.1,0.00,0.00,0.00,0.10,0.10,0.09,-0.06,-0.06,Matches
204,Pierre H?jbjerg\Pierre-Hojbjerg,dk DEN,MF,Southampton,23,1995,30.6,0.00,1.54,0.33,21.3,1.54,0.33,0.00,0.00,21.9,0.00,0.00,0.00,0.09,0.09,0.06,-0.09,-0.09,Matches
205,Jordon Ibe\Jordon-Ibe,eng ENG,DF,Bournemouth,23,1995,0.6,0.00,0.00,0.00,,0.00,0.00,,,,0.00,0.00,0.00,0.00,0.00,,0.00,0.00,Matches
206,Adam Idah\Adam-Idah,ie IRL,FWMF,Norwich City,18,2001,2.5,0.00,2.40,0.80,33.3,2.37,0.79,0.00,0.00,16.6,0.00,0.00,0.00,0.40,0.40,0.17,-0.40,-0.40,Matches
207,Odion Ighalo\Odion-Ighalo,ng NGA,FW,Manchester Utd,30,1989,1.1,0.00,6.36,2.73,42.9,6.24,2.67,0.00,0.00,11.2,0.00,0.00,0.00,1.36,1.36,0.22,-1.36,-1.36,Matches
208,Kelechi Iheanacho\Kelechi-Iheanacho,ng NGA,FW,Leicester City,22,1996,10.7,0.47,3.18,1.68,52.9,3.19,1.69,0.15,0.28,15.1,0.00,0.00,0.00,0.45,0.45,0.14,0.02,0.02,Matches
209,Danny Ings\Danny-Ings,eng ENG,FW,Southampton,27,1992,31.2,0.71,2.88,1.12,38.9,2.89,1.12,0.23,0.60,13.3,0.00,0.03,0.06,0.54,0.49,0.17,0.17,0.19,Matches
210,Alex Iwobi\Alex-Iwobi,ng NGA,MFFW,Everton,23,1996,17.7,0.06,1.30,0.51,39.1,1.30,0.51,0.04,0.11,17.0,0.00,0.00,0.00,0.14,0.14,0.10,-0.08,-0.08,Matches
211,Phil Jagielka\Phil-Jagielka,eng ENG,DF,Sheffield Utd,36,1982,2.7,0.00,0.00,0.00,,0.00,0.00,,,,0.00,0.00,0.00,0.00,0.00,,0.00,0.00,Matches
212,Alireza Jahanbakhsh\Alireza-Jahanbakhsh,ir IRN,FWMF,Brighton,25,1993,3.5,0.57,3.14,0.57,18.2,3.18,0.58,0.18,1.00,19.4,0.00,0.00,0.00,0.14,0.14,0.05,0.43,0.43,Matches
213,Daniel James\Daniel-James,wal WAL,FW,Manchester Utd,21,1997,25.4,0.12,1.65,0.75,45.2,1.65,0.75,0.07,0.16,16.8,0.00,0.00,0.00,0.14,0.14,0.09,-0.02,-0.02,Matches
214,Matty James\Matty-James,eng ENG,MF,Leicester City,28,1991,0.1,0.00,0.00,0.00,,0.00,0.00,,,,0.00,0.00,0.00,0.00,0.00,,0.00,0.00,Matches
215,Reece James\Reece-James,eng ENG,DF,Chelsea,19,1999,16.8,0.00,1.07,0.18,16.7,1.07,0.18,0.00,0.00,20.2,0.00,0.00,0.00,0.04,0.04,0.04,-0.04,-0.04,Matches
216,Daryl Janmaat\Daryl-Janmaat,nl NED,DF,Watford,30,1989,6.7,0.00,0.60,0.00,0.0,0.59,0.00,0.00,,17.7,0.00,0.00,0.00,0.04,0.04,0.08,-0.04,-0.04,Matches
217,Gabriel Jesus\Gabriel-Jesus,br BRA,FW,Manchester City,22,1997,22.6,0.62,4.51,1.90,42.2,4.52,1.91,0.14,0.33,10.7,0.00,0.00,0.04,0.82,0.78,0.18,-0.20,-0.16,Matches
218,Raúl Jiménez\Raul-Jimenez,mx MEX,FW,Wolves,28,1991,36.0,0.47,3.17,1.08,34.2,3.17,1.08,0.11,0.33,14.7,0.00,0.11,0.11,0.41,0.32,0.10,0.06,0.04,Matches
219,Joelinton\Joelinton,br BRA,FW,Newcastle Utd,22,1996,29.8,0.07,1.74,0.50,28.8,1.74,0.50,0.04,0.13,13.8,0.00,0.00,0.00,0.16,0.16,0.09,-0.09,-0.09,Matches
220,Ben Johnson\Ben-Johnson,eng ENG,DF,West Ham,19,2000,3.0,0.00,0.33,0.00,0.0,0.33,0.00,0.00,,28.3,0.00,0.00,0.00,0.00,0.00,0.01,0.00,0.00,Matches
221,Curtis Jones\Curtis-Jones,eng ENG,MF,Liverpool,18,2001,1.4,0.71,4.29,1.43,33.3,4.29,1.43,0.17,0.50,16.7,0.00,0.00,0.00,0.64,0.64,0.15,0.07,0.07,Matches
222,Phil Jones\Phil-Jones,eng ENG,DF,Manchester Utd,27,1992,1.5,0.00,1.33,0.67,50.0,1.33,0.67,0.00,0.00,10.0,0.00,0.00,0.00,0.13,0.13,0.09,-0.13,-0.13,Matches
223,Bruno Jord?o\Bruno-Jordao,pt POR,FW,Wolves,20,1998,0.1,0.00,0.00,0.00,,0.00,0.00,,,,0.00,0.00,0.00,0.00,0.00,,0.00,0.00,Matches
224,Jorginho\Jorginho,it ITA,MF,Chelsea,27,1991,26.4,0.15,0.38,0.04,10.0,0.38,0.04,0.10,1.00,20.5,0.00,0.11,0.11,0.13,0.04,0.11,0.02,-0.00,Matches
225,Jota\Jota,es ESP,FWMF,Aston Villa,28,1991,3.7,0.00,1.62,0.27,16.7,1.61,0.27,0.00,0.00,19.5,0.00,0.00,0.00,0.05,0.05,0.04,-0.05,-0.05,Matches
226,Diogo Jota\Diogo-Jota,pt POR,FWMF,Wolves,22,1996,25.4,0.28,2.72,1.02,37.7,2.72,1.02,0.10,0.27,13.7,0.00,0.00,0.00,0.38,0.38,0.14,-0.10,-0.10,Matches
227,James Justin\James-Justin,eng ENG,DF,Leicester City,21,1998,11.2,0.00,0.63,0.00,0.0,0.62,0.00,0.00,,19.8,0.00,0.00,0.00,0.04,0.04,0.06,-0.04,-0.04,Matches
228,Christian Kabasele\Christian-Kabasele,be BEL,DF,Watford,28,1991,25.0,0.00,0.32,0.04,12.5,0.32,0.04,0.00,0.00,9.4,0.00,0.00,0.00,0.04,0.04,0.13,-0.04,-0.04,Matches
229,Harry Kane\Harry-Kane,eng ENG,FW,Tottenham,26,1993,28.7,0.63,2.72,1.18,43.6,2.71,1.18,0.21,0.47,18.8,0.24,0.07,0.07,0.37,0.31,0.12,0.26,0.24,Matches
230,N'Golo Kanté\NGolo-Kante,fr FRA,MF,Chelsea,28,1991,19.2,0.16,0.94,0.31,33.3,0.94,0.31,0.17,0.50,19.8,0.00,0.00,0.00,0.08,0.08,0.09,0.07,0.07,Matches
231,Moise Kean\Moise-Kean,it ITA,FW,Everton,19,2000,9.5,0.21,3.16,1.37,43.3,3.17,1.37,0.07,0.15,15.6,0.00,0.00,0.00,0.43,0.43,0.14,-0.22,-0.22,Matches
232,Michael Keane\Michael-Keane,eng ENG,DF,Everton,26,1993,28.4,0.07,0.46,0.14,30.8,0.46,0.14,0.15,0.50,6.9,0.00,0.00,0.00,0.06,0.06,0.13,0.01,0.01,Matches
233,Naby Ke?ta\Naby-Keita,gn GUI,MF,Liverpool,24,1995,9.1,0.22,1.32,0.77,58.3,1.33,0.77,0.17,0.29,18.4,0.00,0.00,0.00,0.16,0.16,0.13,0.05,0.05,Matches
234,Lloyd Kelly\Lloyd-Kelly,eng ENG,DF,Bournemouth,20,1998,7.1,0.00,0.14,0.00,0.0,0.14,0.00,0.00,,20.0,0.00,0.00,0.00,0.00,0.00,0.03,0.00,0.00,Matches
235,Martin Kelly\Martin-Kelly,eng ENG,DF,Crystal Palace,29,1990,17.2,0.00,0.17,0.00,0.0,0.17,0.00,0.00,,19.8,0.00,0.00,0.00,0.01,0.01,0.03,-0.01,-0.01,Matches
236,Max Kilman\Max-Kilman,eng ENG,DF,Wolves,22,1997,2.1,0.00,0.00,0.00,,0.00,0.00,,,,0.00,0.00,0.00,0.00,0.00,,0.00,0.00,Matches
237,Joshua King\Joshua-King,no NOR,FWMF,Bournemouth,27,1992,22.3,0.27,1.03,0.40,39.1,1.03,0.40,0.13,0.33,11.8,0.00,0.13,0.13,0.30,0.19,0.19,-0.03,-0.06,Matches
238,Timm Klose\Timm-Klose,ch SUI,DF,Norwich City,31,1988,6.5,0.00,0.46,0.00,0.0,0.46,0.00,0.00,,10.0,0.00,0.00,0.00,0.06,0.06,0.13,-0.06,-0.06,Matches
239,Jonathan Kodjia\Jonathan-Kodjia,ci CIV,FWMF,Aston Villa,29,1989,1.3,0.00,1.54,0.00,0.0,1.54,0.00,0.00,,19.6,0.00,0.00,0.00,0.08,0.08,0.03,-0.08,-0.08,Matches
240,Sead Kolašinac\Sead-Kolasinac,ba BIH,DF,Arsenal,26,1993,18.9,0.00,0.21,0.00,0.0,0.21,0.00,0.00,,12.5,0.00,0.00,0.00,0.04,0.04,0.17,-0.04,-0.04,Matches
241,Ezri Konsa\Ezri-Konsa,eng ENG,DF,Aston Villa,21,1997,22.7,0.04,0.48,0.18,36.4,0.49,0.18,0.09,0.25,11.7,0.00,0.00,0.00,0.07,0.07,0.14,-0.03,-0.03,Matches
242,Cheikhou Kouyaté\Cheikhou-Kouyate,sn SEN,MFDF,Crystal Palace,29,1989,28.1,0.04,0.82,0.18,21.7,0.82,0.18,0.04,0.20,11.2,0.00,0.00,0.00,0.06,0.06,0.08,-0.03,-0.03,Matches
243,Mateo Kovaèiæ\Mateo-Kovacic,hr CRO,MF,Chelsea,25,1994,23.0,0.04,0.91,0.22,23.8,0.91,0.22,0.05,0.20,19.3,0.00,0.00,0.00,0.06,0.06,0.07,-0.02,-0.02,Matches
244,Emil Krafth\Emil-Krafth,se SWE,DF,Newcastle Utd,24,1994,11.3,0.00,0.35,0.00,0.0,0.35,0.00,0.00,,13.2,0.00,0.00,0.00,0.03,0.03,0.07,-0.03,-0.03,Matches
245,Tim Krul\Tim-Krul,nl NED,GK,Norwich City,31,1988,36.0,0.00,0.00,0.00,,0.00,0.00,,,,0.00,0.00,0.00,0.00,0.00,,0.00,0.00,Matches
246,Alexandre Lacazette\Alexandre-Lacazette,fr FRA,FW,Arsenal,28,1991,20.8,0.48,2.55,1.25,49.1,2.55,1.25,0.19,0.38,11.9,0.14,0.00,0.00,0.41,0.41,0.16,0.07,0.07,Matches
247,Adam Lallana\Adam-Lallana,eng ENG,MFFW,Liverpool,31,1988,4.2,0.24,1.19,0.24,20.0,1.18,0.24,0.20,1.00,15.3,0.00,0.00,0.00,0.26,0.26,0.21,-0.02,-0.02,Matches
248,Érik Lamela\Erik-Lamela,ar ARG,MFFW,Tottenham,27,1992,13.5,0.15,2.15,0.59,27.6,2.15,0.59,0.07,0.25,18.5,0.30,0.00,0.00,0.20,0.20,0.10,-0.05,-0.05,Matches
249,Tariq Lamptey\Tariq-Lamptey,eng ENG,DF,Chelsea,18,2000,0.4,0.00,0.00,0.00,,0.00,0.00,,,,0.00,0.00,0.00,0.00,0.00,,0.00,0.00,Matches
250,Tariq Lamptey\Tariq-Lamptey,eng ENG,DF,Brighton,18,2000,6.5,0.00,0.31,0.00,0.0,0.31,0.00,0.00,,24.4,0.00,0.00,0.00,0.02,0.02,0.04,-0.02,-0.02,Matches
251,Henri Lansbury\Henri-Lansbury,eng ENG,MF,Aston Villa,28,1990,2.2,0.00,0.91,0.00,0.0,0.92,0.00,0.00,,19.0,0.00,0.00,0.00,0.05,0.05,0.05,-0.05,-0.05,Matches
252,Manuel Lanzini\Manuel-Lanzini,ar ARG,MFFW,West Ham,26,1993,15.3,0.00,1.50,0.46,30.4,1.50,0.46,0.00,0.00,18.1,0.20,0.00,0.00,0.13,0.13,0.09,-0.13,-0.13,Matches
253,Aymeric Laporte\Aymeric-Laporte,fr FRA,DF,Manchester City,25,1994,12.2,0.08,0.33,0.08,25.0,0.33,0.08,0.25,1.00,16.4,0.00,0.00,0.00,0.02,0.02,0.08,0.06,0.06,Matches
254,Jamaal Lascelles\Jamaal-Lascelles,eng ENG,DF,Newcastle Utd,25,1993,23.1,0.04,0.39,0.09,22.2,0.39,0.09,0.11,0.50,13.1,0.00,0.00,0.00,0.01,0.01,0.03,0.03,0.03,Matches
255,Valentino Lazaro\Valentino-Lazaro,at AUT,DFMF,Newcastle Utd,23,1996,5.3,0.19,0.75,0.19,25.0,0.75,0.19,0.25,1.00,20.7,0.00,0.00,0.00,0.09,0.09,0.13,0.09,0.09,Matches
256,Moritz Leitner\Moritz-Leitner,de GER,MF,Norwich City,26,1992,7.6,0.00,1.05,0.00,0.0,1.05,0.00,0.00,,22.0,0.00,0.00,0.00,0.03,0.03,0.03,-0.03,-0.03,Matches
257,Florian Lejeune\Florian-Lejeune,fr FRA,DF,Newcastle Utd,28,1991,4.9,0.41,0.82,0.61,75.0,0.81,0.61,0.50,0.67,16.0,0.00,0.00,0.00,0.12,0.12,0.14,0.29,0.29,Matches
258,Aaron Lennon\Aaron-Lennon,eng ENG,MF,Burnley,32,1987,5.5,0.00,0.18,0.00,0.0,0.18,0.00,0.00,,17.7,0.00,0.00,0.00,0.00,0.00,0.02,0.00,0.00,Matches
259,Bernd Leno\Bernd-Leno,de GER,GK,Arsenal,27,1992,29.4,0.00,0.00,0.00,,0.00,0.00,,,,0.00,0.00,0.00,0.00,0.00,,0.00,0.00,Matches
260,Jefferson Lerma\Jefferson-Lerma,co COL,MF,Bournemouth,24,1994,30.0,0.03,1.00,0.07,6.7,1.00,0.07,0.03,0.50,23.3,0.00,0.00,0.00,0.04,0.04,0.04,-0.01,-0.01,Matches
261,Jamal Lewis\Jamal-Lewis,nir NIR,DF,Norwich City,21,1998,25.6,0.04,0.35,0.16,44.4,0.35,0.16,0.11,0.25,22.6,0.00,0.00,0.00,0.02,0.02,0.04,0.02,0.02,Matches
262,Victor Lindelöf\Victor-Lindelof,se SWE,DF,Manchester Utd,25,1994,34.4,0.03,0.17,0.03,16.7,0.17,0.03,0.17,1.00,10.8,0.00,0.00,0.00,0.01,0.01,0.07,0.02,0.02,Matches
263,Jesse Lingard\Jesse-Lingard,eng ENG,MFFW,Manchester Utd,26,1992,10.4,0.10,2.12,0.58,27.3,2.12,0.58,0.05,0.17,17.9,0.00,0.00,0.00,0.26,0.26,0.12,-0.16,-0.16,Matches
264,Hugo Lloris\Hugo-Lloris,fr FRA,GK,Tottenham,32,1986,20.1,0.00,0.00,0.00,,0.00,0.00,,,,0.00,0.00,0.00,0.00,0.00,,0.00,0.00,Matches
265,Giovani Lo Celso\Giovani-Lo-Celso,ar ARG,MFFW,Tottenham,23,1996,16.6,0.00,1.08,0.18,16.7,1.09,0.18,0.00,0.00,20.6,0.06,0.00,0.00,0.07,0.07,0.07,-0.07,-0.07,Matches
266,Jürgen Locadia\Jurgen-Locadia,nl NED,MFFW,Brighton,25,1993,1.0,0.00,2.00,1.00,50.0,2.09,1.05,0.00,0.00,9.7,0.00,0.00,0.00,0.30,0.30,0.17,-0.30,-0.30,Matches
267,Ruben Loftus-Cheek\Ruben-Loftus-Cheek,eng ENG,MFFW,Chelsea,23,1996,2.3,0.00,1.74,0.00,0.0,1.73,0.00,0.00,,9.1,0.00,0.00,0.00,0.22,0.22,0.13,-0.22,-0.22,Matches
268,Kevin Long\Kevin-Long,ie IRL,DF,Burnley,28,1990,6.3,0.00,0.32,0.00,0.0,0.32,0.00,0.00,,10.5,0.00,0.00,0.00,0.03,0.03,0.09,-0.03,-0.03,Matches
269,Shane Long\Shane-Long,ie IRL,FW,Southampton,32,1987,15.5,0.13,2.13,0.84,39.4,2.13,0.84,0.06,0.15,10.9,0.00,0.00,0.00,0.31,0.31,0.14,-0.18,-0.18,Matches
270,Matthew Longstaff\Matthew-Longstaff,eng ENG,MF,Newcastle Utd,19,2000,6.4,0.31,0.63,0.31,50.0,0.63,0.31,0.50,1.00,19.4,0.00,0.00,0.00,0.06,0.06,0.11,0.25,0.25,Matches
271,Sean Longstaff\Sean-Longstaff,eng ENG,MF,Newcastle Utd,21,1997,15.3,0.07,1.70,0.39,23.1,1.70,0.39,0.04,0.17,24.0,0.20,0.00,0.00,0.06,0.06,0.04,0.01,0.01,Matches
272,Dejan Lovren\Dejan-Lovren,hr CRO,DF,Liverpool,30,1989,8.6,0.00,0.58,0.12,20.0,0.58,0.12,0.00,0.00,8.0,0.00,0.00,0.00,0.03,0.03,0.06,-0.03,-0.03,Matches
273,Matthew Lowton\Matthew-Lowton,eng ENG,DF,Burnley,30,1989,17.0,0.00,0.00,0.00,,0.00,0.00,,,,0.00,0.00,0.00,0.00,0.00,,0.00,0.00,Matches
274,David Luiz\David-Luiz,br BRA,DF,Arsenal,32,1987,31.2,0.06,0.74,0.22,30.4,0.74,0.22,0.09,0.29,20.1,0.22,0.00,0.00,0.06,0.06,0.08,0.00,0.00,Matches
275,Douglas Luiz\Douglas-Luiz,br BRA,MF,Aston Villa,21,1998,29.0,0.10,1.34,0.41,30.8,1.34,0.41,0.08,0.25,22.9,0.10,0.00,0.00,0.08,0.08,0.06,0.02,0.02,Matches
276,John Lundstram\John-Lundstram,eng ENG,MF,Sheffield Utd,25,1994,27.3,0.18,1.61,0.40,25.0,1.61,0.40,0.11,0.45,16.9,0.00,0.00,0.00,0.19,0.19,0.12,-0.01,-0.01,Matches
277,Alexis Mac Allister\Alexis-Mac-Allister,ar ARG,MFFW,Brighton,20,1998,3.9,0.00,1.79,0.26,14.3,1.79,0.26,0.00,0.00,22.2,0.26,0.00,0.00,0.10,0.10,0.05,-0.10,-0.10,Matches
278,James Maddison\James-Maddison,eng ENG,MF,Leicester City,22,1996,29.2,0.21,2.53,0.62,24.3,2.54,0.62,0.08,0.33,20.9,0.48,0.00,0.00,0.17,0.17,0.07,0.04,0.04,Matches
279,Harry Maguire\Harry-Maguire,eng ENG,DF,Manchester Utd,26,1993,38.0,0.03,0.84,0.21,25.0,0.84,0.21,0.03,0.13,11.7,0.00,0.00,0.00,0.05,0.05,0.06,-0.03,-0.03,Matches
280,Riyad Mahrez\Riyad-Mahrez,dz ALG,FW,Manchester City,28,1991,21.6,0.51,3.38,1.39,41.1,3.38,1.39,0.14,0.33,16.5,0.28,0.05,0.05,0.33,0.30,0.09,0.18,0.17,Matches
281,Ainsley Maitland-Niles\Ainsley-Maitland-Niles,eng ENG,DF,Arsenal,21,1997,15.4,0.00,0.26,0.06,25.0,0.26,0.06,0.00,0.00,18.2,0.00,0.00,0.00,0.02,0.02,0.08,-0.02,-0.02,Matches
282,Sadio Mané\Sadio-Mane,sn SEN,FW,Liverpool,27,1992,30.5,0.59,2.49,1.18,47.4,2.49,1.18,0.24,0.50,13.0,0.00,0.00,0.00,0.45,0.45,0.19,0.14,0.14,Matches
283,Javier Manquillo\Javier-Manquillo,es ESP,DF,Newcastle Utd,25,1994,17.8,0.00,0.06,0.00,0.0,0.06,0.00,0.00,,12.2,0.00,0.00,0.00,0.01,0.01,0.05,-0.01,-0.01,Matches
284,Solly March\Solly-March,eng ENG,DFFW,Brighton,25,1994,12.7,0.00,1.65,0.63,38.1,1.65,0.63,0.00,0.00,18.5,0.08,0.00,0.00,0.11,0.11,0.07,-0.11,-0.11,Matches
285,Pablo Marí\Pablo-Mari,es ESP,DF,Arsenal,25,1993,1.3,0.00,0.00,0.00,,0.00,0.00,,,,0.00,0.00,0.00,0.00,0.00,,0.00,0.00,Matches
286,Adrian Mariappa\Adrian-Mariappa,jm JAM,DF,Watford,32,1986,16.8,0.00,0.18,0.00,0.0,0.18,0.00,0.00,,8.4,0.00,0.00,0.00,0.02,0.02,0.08,-0.02,-0.02,Matches
287,Anthony Martial\Anthony-Martial,fr FRA,FW,Manchester Utd,23,1995,29.2,0.58,2.71,1.30,48.1,2.71,1.30,0.22,0.45,15.8,0.00,0.00,0.03,0.37,0.35,0.13,0.21,0.24,Matches
288,David Martin\David-Martin,eng ENG,GK,West Ham,33,1986,4.8,0.00,0.00,0.00,,0.00,0.00,,,,0.00,0.00,0.00,0.00,0.00,,0.00,0.00,Matches
289,Josh Martin\Josh-Martin,eng ENG,FW,Norwich City,17,2001,0.4,0.00,2.50,2.50,100.0,2.43,2.43,0.00,0.00,13.0,0.00,0.00,0.00,0.75,0.75,0.31,-0.75,-0.75,Matches
290,Martinelli\Martinelli,br BRA,FW,Arsenal,18,2001,7.4,0.41,1.62,0.68,41.7,1.63,0.68,0.25,0.60,13.2,0.00,0.00,0.00,0.31,0.31,0.19,0.09,0.09,Matches
291,Emiliano Martínez\Emiliano-Martinez,ar ARG,GK,Arsenal,26,1992,8.6,0.00,0.00,0.00,,0.00,0.00,,,,0.00,0.00,0.00,0.00,0.00,,0.00,0.00,Matches
292,Adam Masina\Adam-Masina,it ITA,DF,Watford,25,1994,20.2,0.05,0.74,0.15,20.0,0.74,0.15,0.07,0.33,20.8,0.05,0.00,0.00,0.03,0.03,0.05,0.01,0.01,Matches
293,Arthur Masuaku\Arthur-Masuaku,cd COD,DF,West Ham,25,1993,10.4,0.00,0.48,0.19,40.0,0.48,0.19,0.00,0.00,29.2,0.00,0.00,0.00,0.01,0.01,0.02,-0.01,-0.01,Matches
294,Juan Mata\Juan-Mata,es ESP,MFFW,Manchester Utd,31,1988,8.4,0.00,1.07,0.12,11.1,1.07,0.12,0.00,0.00,17.8,0.24,0.00,0.00,0.13,0.13,0.13,-0.13,-0.13,Matches
295,Nemanja Matiæ\Nemanja-Matic,rs SRB,MF,Manchester Utd,30,1988,17.6,0.00,0.40,0.11,28.6,0.40,0.11,0.00,0.00,25.3,0.00,0.00,0.00,0.01,0.01,0.04,-0.01,-0.01,Matches
296,Joël Matip\Joel-Matip,cm CMR,DF,Liverpool,27,1991,7.8,0.13,0.51,0.13,25.0,0.51,0.13,0.25,1.00,9.3,0.00,0.00,0.00,0.04,0.04,0.08,0.09,0.09,Matches
297,Neal Maupay\Neal-Maupay,fr FRA,FW,Brighton,22,1996,30.7,0.33,2.93,1.11,37.8,2.93,1.11,0.10,0.26,14.6,0.00,0.03,0.07,0.38,0.33,0.11,-0.05,-0.04,Matches
298,James McArthur\James-McArthur,sco SCO,MF,Crystal Palace,31,1987,34.3,0.00,0.85,0.17,20.7,0.84,0.17,0.00,0.00,17.9,0.00,0.00,0.00,0.07,0.07,0.08,-0.07,-0.07,Matches
299,Oliver McBurnie\Oliver-McBurnie,sco SCO,FW,Sheffield Utd,23,1996,23.5,0.26,2.09,1.02,49.0,2.09,1.02,0.12,0.25,9.2,0.00,0.00,0.00,0.33,0.33,0.16,-0.07,-0.07,Matches
300,Alex McCarthy\Alex-McCarthy,eng ENG,GK,Southampton,29,1989,28.0,0.00,0.00,0.00,,0.00,0.00,,,,0.00,0.00,0.00,0.00,0.00,,0.00,0.00,Matches
301,James McCarthy\James-McCarthy,ie IRL,MF,Crystal Palace,28,1990,18.7,0.00,0.59,0.16,27.3,0.59,0.16,0.00,0.00,22.5,0.00,0.00,0.00,0.02,0.02,0.04,-0.02,-0.02,Matches
302,John McGinn\John-McGinn,sco SCO,MF,Aston Villa,24,1994,25.7,0.12,2.14,0.74,34.5,2.14,0.74,0.05,0.16,20.5,0.00,0.00,0.00,0.15,0.15,0.07,-0.03,-0.03,Matches
303,David McGoldrick\David-McGoldrick,ie IRL,FW,Sheffield Utd,31,1987,20.2,0.10,2.28,0.94,41.3,2.28,0.94,0.04,0.11,14.3,0.00,0.00,0.00,0.34,0.34,0.15,-0.24,-0.24,Matches
304,Michael McGovern\Michael-McGovern,nir NIR,GK,Norwich City,35,1984,1.8,0.00,0.00,0.00,,0.00,0.00,,,,0.00,0.00,0.00,0.00,0.00,,0.00,0.00,Matches
305,Kenny McLean\Kenny-McLean,sco SCO,MF,Norwich City,27,1992,33.0,0.03,0.91,0.30,33.3,0.91,0.30,0.03,0.10,20.7,0.06,0.00,0.00,0.05,0.05,0.05,-0.02,-0.02,Matches
306,Dwight McNeil\Dwight-McNeil,eng ENG,MF,Burnley,19,1999,37.1,0.05,1.29,0.38,29.2,1.29,0.38,0.04,0.14,23.5,0.27,0.00,0.00,0.06,0.06,0.04,-0.00,-0.00,Matches
307,Scott McTominay\Scott-McTominay,sco SCO,MF,Manchester Utd,22,1996,19.7,0.20,1.52,0.51,33.3,1.52,0.51,0.13,0.40,19.8,0.00,0.00,0.00,0.08,0.08,0.05,0.13,0.13,Matches
308,Ben Mee\Ben-Mee,eng ENG,DF,Burnley,29,1989,32.0,0.03,0.56,0.16,27.8,0.56,0.16,0.06,0.20,7.6,0.00,0.00,0.00,0.05,0.05,0.10,-0.02,-0.02,Matches
309,Benjamin Mendy\Benjamin-Mendy,fr FRA,DF,Manchester City,25,1994,16.6,0.00,0.60,0.06,10.0,0.60,0.06,0.00,0.00,22.1,0.00,0.00,0.00,0.02,0.02,0.03,-0.02,-0.02,Matches
310,Nampalys Mendy\Nampalys-Mendy,fr FRA,MF,Leicester City,27,1992,3.2,0.00,0.31,0.31,100.0,0.31,0.31,0.00,0.00,26.2,0.00,0.00,0.00,0.00,0.00,0.02,0.00,0.00,Matches
311,Chris Mepham\Chris-Mepham,wal WAL,DF,Bournemouth,21,1997,10.1,0.10,0.59,0.10,16.7,0.59,0.10,0.17,1.00,8.6,0.00,0.00,0.00,0.07,0.07,0.11,0.03,0.03,Matches
312,Max Meyer\Max-Meyer,de GER,MFFW,Crystal Palace,23,1995,7.3,0.00,1.23,0.27,22.2,1.24,0.27,0.00,0.00,17.0,0.00,0.00,0.00,0.08,0.08,0.07,-0.08,-0.08,Matches
313,Luka Milivojeviæ\Luka-Milivojevic,rs SRB,MF,Crystal Palace,28,1991,27.9,0.11,1.04,0.25,24.1,1.04,0.25,0.03,0.14,26.9,0.39,0.07,0.07,0.09,0.04,0.03,0.02,0.00,Matches
314,James Milner\James-Milner,eng ENG,MFDF,Liverpool,33,1986,10.4,0.19,0.96,0.10,10.0,0.96,0.10,0.00,0.00,22.3,0.00,0.19,0.19,0.20,0.06,0.06,-0.01,-0.06,Matches
315,Yerry Mina\Yerry-Mina,co COL,DF,Everton,24,1994,25.4,0.08,1.18,0.39,33.3,1.18,0.39,0.07,0.20,9.6,0.00,0.00,0.00,0.10,0.10,0.08,-0.02,-0.02,Matches
316,Takumi Minamino\Takumi-Minamino,jp JPN,FWMF,Liverpool,24,1995,2.8,0.00,3.21,0.71,22.2,3.25,0.72,0.00,0.00,18.1,0.00,0.00,0.00,0.50,0.50,0.16,-0.50,-0.50,Matches
317,Tyrone Mings\Tyrone-Mings,eng ENG,DF,Aston Villa,26,1993,32.2,0.06,0.28,0.12,44.4,0.28,0.12,0.22,0.50,9.0,0.00,0.00,0.00,0.03,0.03,0.12,0.03,0.03,Matches
318,Tyrick Mitchell\Tyrick-Mitchell,eng ENG,DF,Crystal Palace,19,1999,2.2,0.00,0.00,0.00,,0.00,0.00,,,,0.00,0.00,0.00,0.00,0.00,,0.00,0.00,Matches
319,Henrikh Mkhitaryan\Henrikh-Mkhitaryan,am ARM,FW,Arsenal,30,1989,1.2,0.00,1.67,0.00,0.0,1.61,0.00,0.00,,14.6,0.00,0.00,0.00,0.25,0.25,0.13,-0.25,-0.25,Matches
320,Nacho Monreal\Nacho-Monreal,es ESP,DF,Arsenal,33,1986,3.0,0.00,0.33,0.00,0.0,0.33,0.00,0.00,,9.2,0.00,0.00,0.00,0.03,0.03,0.10,-0.03,-0.03,Matches
321,Martín Montoya\Martin-Montoya,es ESP,DF,Brighton,28,1991,21.1,0.00,0.38,0.14,37.5,0.38,0.14,0.00,0.00,16.6,0.00,0.00,0.00,0.06,0.06,0.16,-0.06,-0.06,Matches
322,Simon Moore\Simon-Moore,eng ENG,GK,Sheffield Utd,29,1990,2.0,0.00,0.00,0.00,,0.00,0.00,,,,0.00,0.00,0.00,0.00,0.00,,0.00,0.00,Matches
323,Aaron Mooy\Aaron-Mooy,au AUS,MFFW,Brighton,28,1990,23.2,0.09,1.42,0.34,24.2,1.42,0.35,0.06,0.25,19.8,0.00,0.00,0.00,0.09,0.09,0.06,0.00,0.00,Matches
324,Wesley Moraes\Wesley-Moraes,br BRA,FW,Aston Villa,22,1996,19.8,0.25,1.77,0.86,48.6,1.77,0.86,0.14,0.29,11.6,0.00,0.00,0.05,0.25,0.21,0.12,0.00,0.04,Matches
325,Wes Morgan\Wes-Morgan,jm JAM,DF,Leicester City,35,1984,4.8,0.00,0.63,0.21,33.3,0.62,0.21,0.00,0.00,10.3,0.00,0.00,0.00,0.02,0.02,0.04,-0.02,-0.02,Matches
326,Ravel Morrison\Ravel-Morrison,jm JAM,MF,Sheffield Utd,26,1993,0.1,0.00,10.0,0.00,0.0,6.92,0.00,0.00,,19.1,0.00,0.00,0.00,0.00,0.00,0.02,0.00,0.00,Matches
327,Mason Mount\Mason-Mount,eng ENG,MFFW,Chelsea,20,1999,31.9,0.22,2.45,0.91,37.2,2.45,0.91,0.09,0.24,20.3,0.38,0.00,0.00,0.23,0.23,0.09,-0.01,-0.01,Matches
328,Lucas Moura\Lucas-Moura,br BRA,FWMF,Tottenham,26,1992,24.9,0.16,2.25,0.52,23.2,2.25,0.52,0.07,0.31,16.8,0.00,0.00,0.00,0.24,0.24,0.11,-0.08,-0.08,Matches
329,Lys Mousset\Lys-Mousset,fr FRA,FW,Sheffield Utd,23,1996,13.8,0.43,2.54,0.65,25.7,2.54,0.65,0.17,0.67,15.9,0.00,0.00,0.00,0.36,0.36,0.14,0.08,0.08,Matches
330,Jo?o Moutinho\Joao-Moutinho,pt POR,MF,Wolves,32,1986,34.5,0.03,0.64,0.17,27.3,0.64,0.17,0.05,0.17,23.7,0.12,0.00,0.00,0.02,0.02,0.04,0.01,0.01,Matches
331,Glenn Murray\Glenn-Murray,eng ENG,FW,Brighton,35,1983,8.9,0.11,1.91,0.45,23.5,1.92,0.45,0.06,0.25,13.8,0.00,0.00,0.00,0.24,0.24,0.13,-0.12,-0.12,Matches
332,Shkodran Mustafi\Shkodran-Mustafi,de GER,DF,Arsenal,27,1992,13.4,0.00,0.82,0.22,27.3,0.82,0.22,0.00,0.00,8.7,0.00,0.00,0.00,0.06,0.06,0.07,-0.06,-0.06,Matches
333,Yoshinori Mut?\Yoshinori-Muto,jp JPN,FWMF,Newcastle Utd,27,1992,2.4,0.00,0.42,0.00,0.0,0.42,0.00,0.00,,8.3,0.00,0.00,0.00,0.04,0.04,0.09,-0.04,-0.04,Matches
334,Georges-Kévin N'Koudou\Georges-Kevin-NKoudou,fr FRA,FW,Tottenham,24,1995,0.0,0,1,0,0.0,30.00,0.00,0.00,,20.5,0,0,0,0.0,0.0,0.02,0.0,0.0,Matches
335,Marvelous Nakamba\Marvelous-Nakamba,zw ZIM,MF,Aston Villa,25,1994,20.4,0.00,0.34,0.05,14.3,0.34,0.05,0.00,0.00,28.2,0.00,0.00,0.00,0.01,0.01,0.03,-0.01,-0.01,Matches
336,Wilfred Ndidi\Wilfred-Ndidi,ng NGA,MF,Leicester City,22,1996,29.7,0.07,0.91,0.07,7.4,0.91,0.07,0.07,1.00,17.8,0.00,0.00,0.00,0.06,0.06,0.07,0.00,0.00,Matches
337,Tanguy Ndombele\Tanguy-Ndombele,fr FRA,MF,Tottenham,22,1996,11.2,0.18,0.80,0.36,44.4,0.80,0.36,0.22,0.50,25.4,0.00,0.00,0.00,0.04,0.04,0.05,0.14,0.14,Matches
338,Reiss Nelson\Reiss-Nelson,eng ENG,FW,Arsenal,19,1999,7.0,0.14,1.57,0.57,36.4,1.57,0.57,0.09,0.25,16.8,0.00,0.00,0.00,0.13,0.13,0.08,0.01,0.01,Matches
339,Pedro Neto\Pedro-Neto,pt POR,FWMF,Wolves,19,2000,10.4,0.29,1.63,0.58,35.3,1.63,0.58,0.18,0.50,16.4,0.00,0.00,0.00,0.19,0.19,0.12,0.10,0.10,Matches
340,Rúben Neves\Ruben-Neves,pt POR,MF,Wolves,22,1997,34.0,0.06,1.82,0.29,16.1,1.83,0.29,0.03,0.20,27.0,0.21,0.00,0.00,0.05,0.05,0.03,0.01,0.01,Matches
341,Jeremy Ngakia\Jeremy-Ngakia,eng ENG,DF,West Ham,18,2000,4.9,0.00,0.20,0.20,100.0,0.20,0.20,0.00,0.00,25.0,0.00,0.00,0.00,0.00,0.00,0.03,0.00,0.00,Matches
342,Oumar Niasse\Oumar-Niasse,sn SEN,FW,Everton,29,1990,0.2,0.00,0.00,0.00,,0.00,0.00,,,,0.00,0.00,0.00,0.00,0.00,,0.00,0.00,Matches
343,Eddie Nketiah\Eddie-Nketiah,eng ENG,FW,Arsenal,20,1999,7.0,0.29,2.14,0.71,33.3,2.13,0.71,0.13,0.40,12.3,0.00,0.00,0.00,0.44,0.44,0.21,-0.16,-0.16,Matches
344,Mark Noble\Mark-Noble,eng ENG,MF,West Ham,32,1987,29.7,0.13,0.47,0.10,21.4,0.47,0.10,0.07,0.33,22.1,0.00,0.10,0.10,0.09,0.02,0.04,0.04,0.02,Matches
345,Oliver Norwood\Oliver-Norwood,nir NIR,MF,Sheffield Utd,28,1991,34.3,0.03,0.47,0.15,31.3,0.47,0.15,0.00,0.00,26.4,0.12,0.03,0.03,0.04,0.02,0.04,-0.01,-0.02,Matches
346,?rjan Nyland\Orjan-Nyland,no NOR,GK,Aston Villa,28,1990,6.0,0.00,0.00,0.00,,0.00,0.00,,,,0.00,0.00,0.00,0.00,0.00,,0.00,0.00,Matches
347,Jack O'Connell\Jack-OConnell,eng ENG,DF,Sheffield Utd,25,1994,32.4,0.00,0.49,0.06,12.5,0.49,0.06,0.00,0.00,9.2,0.00,0.00,0.00,0.04,0.04,0.08,-0.04,-0.04,Matches
348,Michael Obafemi\Michael-Obafemi,ie IRL,FW,Southampton,19,2000,7.4,0.41,1.62,0.54,33.3,1.62,0.54,0.25,0.75,14.3,0.00,0.00,0.00,0.26,0.26,0.16,0.15,0.15,Matches
349,Angelo Ogbonna\Angelo-Ogbonna,it ITA,DF,West Ham,31,1988,31.0,0.06,0.45,0.13,28.6,0.45,0.13,0.14,0.50,9.8,0.00,0.00,0.00,0.05,0.05,0.10,0.02,0.02,Matches
350,Divock Origi\Divock-Origi,be BEL,FW,Liverpool,24,1995,8.0,0.50,1.75,0.75,42.9,1.76,0.75,0.29,0.67,15.9,0.00,0.00,0.00,0.28,0.28,0.16,0.23,0.23,Matches
351,Ben Osborn\Ben-Osborn,eng ENG,MFDF,Sheffield Utd,24,1994,6.6,0.00,0.45,0.15,33.3,0.45,0.15,0.00,0.00,12.3,0.00,0.00,0.00,0.05,0.05,0.11,-0.05,-0.05,Matches
352,Nicolás Otamendi\Nicolas-Otamendi,ar ARG,DF,Manchester City,31,1988,19.1,0.10,0.79,0.37,46.7,0.79,0.37,0.13,0.29,6.8,0.00,0.00,0.00,0.13,0.13,0.16,-0.02,-0.02,Matches
353,Alex Oxlade-Chamberlain\Alex-Oxlade-Chamberlain,eng ENG,MFFW,Liverpool,25,1993,16.5,0.24,2.42,0.61,25.0,2.42,0.61,0.10,0.40,22.0,0.00,0.00,0.00,0.18,0.18,0.07,0.07,0.07,Matches
354,Mesut Özil\Mesut-Ozil,de GER,MF,Arsenal,30,1988,16.0,0.06,0.56,0.19,33.3,0.56,0.19,0.11,0.33,12.8,0.00,0.00,0.00,0.08,0.08,0.15,-0.02,-0.02,Matches
355,Emerson Palmieri\Emerson-Palmieri,it ITA,DF,Chelsea,24,1994,11.4,0.00,1.14,0.61,53.8,1.14,0.62,0.00,0.00,19.9,0.09,0.00,0.00,0.09,0.09,0.07,-0.09,-0.09,Matches
356,Sokratis Papastathopoulos\Sokratis-Papastathopoulos,gr GRE,DF,Arsenal,31,1988,18.8,0.11,0.37,0.11,28.6,0.37,0.11,0.29,1.00,8.7,0.00,0.00,0.00,0.05,0.05,0.14,0.05,0.05,Matches
357,Troy Parrott\Troy-Parrott,ie IRL,MF,Tottenham,17,2002,0.1,0.00,0.00,0.00,,0.00,0.00,,,,0.00,0.00,0.00,0.00,0.00,,0.00,0.00,Matches
358,Rui Patrício\Rui-Patricio,pt POR,GK,Wolves,31,1988,38.0,0.00,0.00,0.00,,0.00,0.00,,,,0.00,0.00,0.00,0.00,0.00,,0.00,0.00,Matches
359,Pedro\Pedro,es ESP,FW,Chelsea,32,1987,7.3,0.14,3.15,1.23,39.1,3.13,1.23,0.04,0.11,15.7,0.00,0.00,0.00,0.38,0.38,0.12,-0.25,-0.25,Matches
360,Jo?o Pedro\Joao-Pedro,br BRA,FWMF,Watford,17,2001,0.3,0.00,3.33,0.00,0.0,3.60,0.00,0.00,,16.0,0.00,0.00,0.00,0.33,0.33,0.05,-0.33,-0.33,Matches
361,Nicolas Pépé\Nicolas-Pepe,ci CIV,FW,Arsenal,24,1995,22.3,0.22,2.20,0.72,32.7,2.19,0.72,0.08,0.25,19.1,0.31,0.04,0.04,0.20,0.17,0.08,0.02,0.01,Matches
362,Andreas Pereira\Andreas-Pereira,br BRA,MFFW,Manchester Utd,23,1996,16.5,0.06,2.24,0.85,37.8,2.24,0.85,0.03,0.07,22.4,0.18,0.00,0.00,0.14,0.14,0.06,-0.08,-0.08,Matches
363,Ricardo Pereira\Ricardo-Pereira,pt POR,DF,Leicester City,25,1993,28.0,0.11,0.61,0.18,29.4,0.61,0.18,0.18,0.60,18.9,0.00,0.00,0.00,0.04,0.04,0.06,0.07,0.07,Matches
364,Roberto Pereyra\Roberto-Pereyra,ar ARG,FWMF,Watford,28,1991,18.3,0.16,1.04,0.44,42.1,1.04,0.44,0.11,0.25,17.6,0.22,0.05,0.05,0.14,0.09,0.09,0.03,0.02,Matches
365,Ayoze Pérez\Ayoze-Perez,es ESP,MFFW,Leicester City,26,1993,22.3,0.36,2.06,0.90,43.5,2.07,0.90,0.15,0.35,13.7,0.00,0.04,0.04,0.26,0.22,0.11,0.10,0.09,Matches
366,Jordan Pickford\Jordan-Pickford,eng ENG,GK,Everton,25,1994,38.0,0.00,0.00,0.00,,0.00,0.00,,,,0.00,0.00,0.00,0.00,0.00,,0.00,0.00,Matches
367,Brandon Pierrick\Brandon-Pierrick,eng ENG,DFFW,Crystal Palace,17,2001,0.2,0.00,0.00,0.00,,0.00,0.00,,,,0.00,0.00,0.00,0.00,0.00,,0.00,0.00,Matches
368,Erik Pieters\Erik-Pieters,nl NED,DFMF,Burnley,30,1988,20.9,0.00,0.67,0.19,28.6,0.67,0.19,0.00,0.00,22.4,0.00,0.00,0.00,0.03,0.03,0.04,-0.03,-0.03,Matches
369,Daniel Podence\Daniel-Podence,pt POR,FWMF,Wolves,23,1995,3.2,0.31,3.13,1.25,40.0,3.11,1.25,0.10,0.25,13.6,0.00,0.00,0.00,0.50,0.50,0.16,-0.19,-0.19,Matches
370,Paul Pogba\Paul-Pogba,fr FRA,MF,Manchester Utd,26,1993,13.4,0.07,1.57,0.52,33.3,1.57,0.52,0.05,0.14,20.6,0.15,0.00,0.07,0.15,0.09,0.06,-0.07,-0.01,Matches
371,Nick Pope\Nick-Pope,eng ENG,GK,Burnley,27,1992,38.0,0.00,0.00,0.00,,0.00,0.00,,,,0.00,0.00,0.00,0.00,0.00,,0.00,0.00,Matches
372,Dennis Praet\Dennis-Praet,be BEL,MF,Leicester City,25,1994,12.6,0.08,1.27,0.24,18.8,1.27,0.24,0.06,0.33,18.6,0.00,0.00,0.00,0.11,0.11,0.08,-0.03,-0.03,Matches
373,Sebastian Prödl\Sebastian-Prodl,at AUT,DF,Watford,32,1987,0.6,0.00,3.33,0.00,0.0,3.21,0.00,0.00,,9.7,0.00,0.00,0.00,0.17,0.17,0.03,-0.17,-0.17,Matches
374,Davy Pröpper\Davy-Propper,nl NED,MF,Brighton,27,1991,31.4,0.03,0.99,0.25,25.8,0.99,0.25,0.03,0.13,20.3,0.00,0.00,0.00,0.04,0.04,0.04,-0.01,-0.01,Matches
375,Teemu Pukki\Teemu-Pukki,fi FIN,FW,Norwich City,29,1990,32.1,0.34,2.49,1.00,40.0,2.49,1.00,0.11,0.28,14.7,0.00,0.06,0.06,0.38,0.33,0.13,-0.03,-0.05,Matches
376,Christian Pulisic\Christian-Pulisic,us USA,FW,Chelsea,20,1998,19.1,0.47,3.25,1.31,40.3,3.24,1.31,0.15,0.36,13.2,0.00,0.00,0.00,0.43,0.43,0.13,0.04,0.04,Matches
377,Ignacio Pussetto\Ignacio-Pussetto,ar ARG,FWDF,Watford,23,1995,0.8,0.00,0.00,0.00,,0.00,0.00,,,,0.00,0.00,0.00,0.00,0.00,,0.00,0.00,Matches
378,Domingos Quina\Domingos-Quina,pt POR,MF,Watford,19,1999,0.2,0.00,5.00,5.00,100.0,4.09,4.09,0.00,0.00,22.8,0.00,0.00,0.00,0.00,0.00,0.02,0.00,0.00,Matches
379,Aaron Ramsdale\Aaron-Ramsdale,eng ENG,GK,Bournemouth,21,1998,37.0,0.00,0.00,0.00,,0.00,0.00,,,,0.00,0.00,0.00,0.00,0.00,,0.00,0.00,Matches
380,Darren Randolph\Darren-Randolph,ie IRL,GK,West Ham,32,1987,2.0,0.00,0.00,0.00,,0.00,0.00,,,,0.00,0.00,0.00,0.00,0.00,,0.00,0.00,Matches
381,Marcus Rashford\Marcus-Rashford,eng ENG,FW,Manchester Utd,21,1997,29.4,0.58,2.86,1.29,45.2,2.86,1.29,0.13,0.29,18.4,0.54,0.20,0.27,0.59,0.38,0.13,-0.01,-0.01,Matches
382,Nathan Redmond\Nathan-Redmond,eng ENG,MFFW,Southampton,25,1994,30.7,0.13,1.92,0.68,35.6,1.92,0.68,0.07,0.19,18.5,0.07,0.00,0.00,0.16,0.16,0.09,-0.03,-0.03,Matches
383,Pepe Reina\Pepe-Reina,es ESP,GK,Aston Villa,36,1982,12.0,0.00,0.00,0.00,,0.00,0.00,,,,0.00,0.00,0.00,0.00,0.00,,0.00,0.00,Matches
384,Declan Rice\Declan-Rice,eng ENG,MF,West Ham,20,1999,38.0,0.03,0.79,0.24,30.0,0.79,0.24,0.03,0.11,22.6,0.00,0.00,0.00,0.03,0.03,0.04,-0.00,-0.00,Matches
385,Richarlison\Richarlison,br BRA,FW,Everton,22,1997,34.1,0.38,2.67,0.91,34.1,2.67,0.91,0.14,0.42,14.0,0.00,0.00,0.00,0.27,0.27,0.10,0.11,0.11,Matches
386,Diego Rico\Diego-Rico,es ESP,DF,Bournemouth,26,1993,25.9,0.00,0.42,0.12,27.3,0.42,0.12,0.00,0.00,26.8,0.04,0.00,0.00,0.01,0.01,0.03,-0.01,-0.01,Matches
387,Ja?ro Riedewald\Jairo-Riedewald,nl NED,DFMF,Crystal Palace,22,1996,8.5,0.00,0.35,0.00,0.0,0.35,0.00,0.00,,27.4,0.00,0.00,0.00,0.00,0.00,0.02,0.00,0.00,Matches
388,Matt Ritchie\Matt-Ritchie,sco SCO,DFMF,Newcastle Utd,29,1989,14.6,0.14,1.71,0.41,24.0,1.71,0.41,0.08,0.33,23.2,0.07,0.00,0.07,0.11,0.05,0.03,0.03,0.08,Matches
389,Roberto\Roberto,es ESP,GK,West Ham,33,1986,7.6,0.00,0.00,0.00,,0.00,0.00,,,,0.00,0.00,0.00,0.00,0.00,,0.00,0.00,Matches
390,Patrick Roberts\Patrick-Roberts,eng ENG,MFFW,Norwich City,22,1997,0.3,0.00,0.00,0.00,,0.00,0.00,,,,0.00,0.00,0.00,0.00,0.00,,0.00,0.00,Matches
391,Andrew Robertson\Andrew-Robertson,sco SCO,DF,Liverpool,25,1994,34.6,0.06,0.58,0.17,30.0,0.58,0.17,0.10,0.33,17.7,0.00,0.00,0.00,0.05,0.05,0.08,0.01,0.01,Matches
392,Callum Robinson\Callum-Robinson,ie IRL,FW,Sheffield Utd,24,1995,7.5,0.13,1.73,0.40,23.1,1.73,0.40,0.08,0.33,13.5,0.00,0.00,0.00,0.28,0.28,0.16,-0.15,-0.15,Matches
393,Jack Robinson\Jack-Robinson,eng ENG,DF,Sheffield Utd,25,1993,5.6,0.00,0.00,0.00,,0.00,0.00,,,,0.00,0.00,0.00,0.00,0.00,,0.00,0.00,Matches
394,Rodri\Rodri,es ESP,MF,Manchester City,23,1996,27.6,0.11,0.87,0.33,37.5,0.87,0.33,0.13,0.33,18.8,0.00,0.00,0.00,0.04,0.04,0.04,0.07,0.07,Matches
395,Jay Rodriguez\Jay-Rodriguez,eng ENG,FW,Burnley,30,1989,22.4,0.36,2.95,1.16,39.4,2.95,1.16,0.11,0.27,16.9,0.00,0.04,0.04,0.36,0.32,0.11,0.00,-0.01,Matches
396,Jack Rodwell\Jack-Rodwell,eng ENG,MF,Sheffield Utd,28,1991,0.2,0.00,0.00,0.00,,0.00,0.00,,,,0.00,0.00,0.00,0.00,0.00,,0.00,0.00,Matches
397,Marcos Rojo\Marcos-Rojo,ar ARG,DF,Manchester Utd,29,1990,1.4,0.00,0.71,0.00,0.0,0.74,0.00,0.00,,5.1,0.00,0.00,0.00,0.07,0.07,0.11,-0.07,-0.07,Matches
398,Oriol Romeu\Oriol-Romeu,es ESP,MF,Southampton,27,1991,20.7,0.00,0.43,0.00,0.0,0.44,0.00,0.00,,20.6,0.00,0.00,0.00,0.01,0.01,0.03,-0.01,-0.01,Matches
399,Danny Rose\Danny-Rose,eng ENG,DF,Tottenham,29,1990,9.9,0.00,0.20,0.00,0.0,0.20,0.00,0.00,,18.7,0.00,0.00,0.00,0.02,0.02,0.08,-0.02,-0.02,Matches
400,Danny Rose\Danny-Rose,eng ENG,DF,Newcastle Utd,29,1990,9.6,0.00,0.00,0.00,,0.00,0.00,,,,0.00,0.00,0.00,0.00,0.00,,0.00,0.00,Matches
401,Antonio Rüdiger\Antonio-Rudiger,de GER,DF,Chelsea,26,1993,19.0,0.11,0.58,0.16,27.3,0.58,0.16,0.18,0.67,13.9,0.00,0.00,0.00,0.03,0.03,0.05,0.07,0.07,Matches
402,Lukas Rupp\Lukas-Rupp,de GER,FWMF,Norwich City,28,1991,7.7,0.00,0.52,0.26,50.0,0.52,0.26,0.00,0.00,16.1,0.00,0.00,0.00,0.04,0.04,0.08,-0.04,-0.04,Matches
403,Mathew Ryan\Mathew-Ryan,au AUS,GK,Brighton,27,1992,38.0,0.00,0.00,0.00,,0.00,0.00,,,,0.00,0.00,0.00,0.00,0.00,,0.00,0.00,Matches
404,Allan Saint-Maximin\Allan-Saint-Maximin,fr FRA,MFFW,Newcastle Utd,22,1997,20.7,0.14,2.22,0.97,43.5,2.22,0.97,0.07,0.15,22.2,0.00,0.00,0.00,0.15,0.15,0.07,-0.01,-0.01,Matches
405,Romain Sa?ss\Romain-Saiss,ma MAR,DF,Wolves,29,1990,30.1,0.07,0.76,0.27,34.8,0.77,0.27,0.09,0.25,12.5,0.03,0.00,0.00,0.09,0.09,0.12,-0.02,-0.02,Matches
406,Bukayo Saka\Bukayo-Saka,eng ENG,DFFW,Arsenal,17,2001,19.5,0.05,0.67,0.21,30.8,0.67,0.21,0.08,0.25,17.5,0.00,0.00,0.00,0.07,0.07,0.10,-0.02,-0.02,Matches
407,Mamadou Sakho\Mamadou-Sakho,fr FRA,DF,Crystal Palace,29,1990,10.3,0.00,0.00,0.00,,0.00,0.00,,,,0.00,0.00,0.00,0.00,0.00,,0.00,0.00,Matches
408,Mohamed Salah\Mohamed-Salah,eg EGY,FW,Liverpool,27,1992,32.0,0.59,4.06,1.75,43.1,4.07,1.75,0.12,0.29,14.5,0.13,0.09,0.09,0.61,0.54,0.13,-0.01,-0.04,Matches
409,Mbwana Samatta\Mbwana-Samatta,tz TAN,FW,Aston Villa,26,1992,10.5,0.10,1.62,0.29,17.6,1.62,0.29,0.06,0.33,10.1,0.00,0.00,0.00,0.18,0.18,0.11,-0.09,-0.09,Matches
410,Carlos Sánchez\Carlos-Sanchez,co COL,MFDF,West Ham,33,1986,1.3,0.00,0.00,0.00,,0.00,0.00,,,,0.00,0.00,0.00,0.00,0.00,,0.00,0.00,Matches
411,Davinson Sánchez\Davinson-Sanchez,co COL,DF,Tottenham,23,1996,27.0,0.00,0.30,0.11,37.5,0.30,0.11,0.00,0.00,8.7,0.00,0.00,0.00,0.02,0.02,0.07,-0.02,-0.02,Matches
412,Leroy Sané\Leroy-Sane,de GER,FW,Manchester City,23,1996,0.1,0.00,20.0,0.00,0.0,15.00,0.00,0.00,,25.4,10.0,0.00,0.00,1.00,1.00,0.05,-1.00,-1.00,Matches
413,Ismaila Sarr\Ismaila-Sarr,sn SEN,FWMF,Watford,21,1998,22.5,0.22,1.96,0.58,29.5,1.95,0.58,0.11,0.38,15.1,0.00,0.00,0.00,0.25,0.25,0.13,-0.03,-0.03,Matches
414,Fabian Schär\Fabian-Schar,ch SUI,DFMF,Newcastle Utd,27,1991,18.6,0.11,1.02,0.32,31.6,1.02,0.32,0.11,0.33,22.5,0.05,0.00,0.00,0.06,0.06,0.06,0.05,0.05,Matches
415,Ezequiel Schelotto\Ezequiel-Schelotto,it ITA,DF,Brighton,30,1989,4.0,0.00,1.25,0.25,20.0,1.25,0.25,0.00,0.00,15.2,0.00,0.00,0.00,0.07,0.07,0.06,-0.07,-0.07,Matches
416,Jeffrey Schlupp\Jeffrey-Schlupp,gh GHA,MFDF,Crystal Palace,26,1992,11.5,0.26,1.57,0.78,50.0,1.56,0.78,0.17,0.33,18.9,0.00,0.00,0.00,0.15,0.15,0.09,0.11,0.11,Matches
417,Kasper Schmeichel\Kasper-Schmeichel,dk DEN,GK,Leicester City,32,1986,38.0,0.00,0.03,0.00,0.0,0.03,0.00,0.00,,59.0,0.03,0.00,0.00,0.00,0.00,0.04,0.00,0.00,Matches
418,Morgan Schneiderlin\Morgan-Schneiderlin,fr FRA,MF,Everton,29,1989,11.1,0.00,0.54,0.00,0.0,0.54,0.00,0.00,,19.9,0.00,0.00,0.00,0.03,0.03,0.05,-0.03,-0.03,Matches
419,Ryan Sessegnon\Ryan-Sessegnon,eng ENG,DF,Tottenham,19,2000,3.8,0.00,0.26,0.00,0.0,0.26,0.00,0.00,,15.1,0.00,0.00,0.00,0.03,0.03,0.11,-0.03,-0.03,Matches
420,Xherdan Shaqiri\Xherdan-Shaqiri,ch SUI,FW,Liverpool,27,1991,2.1,0.48,1.90,0.48,25.0,1.95,0.49,0.25,1.00,19.5,0.00,0.00,0.00,0.29,0.29,0.14,0.19,0.19,Matches
421,Billy Sharp\Billy-Sharp,eng ENG,FW,Sheffield Utd,33,1986,11.7,0.26,1.20,0.43,35.7,1.20,0.43,0.21,0.60,9.5,0.00,0.00,0.00,0.23,0.23,0.19,0.03,0.03,Matches
422,Luke Shaw\Luke-Shaw,eng ENG,DF,Manchester Utd,24,1995,19.3,0.00,0.52,0.26,50.0,0.52,0.26,0.00,0.00,18.6,0.00,0.00,0.00,0.03,0.03,0.05,-0.03,-0.03,Matches
423,Jonjo Shelvey\Jonjo-Shelvey,eng ENG,MF,Newcastle Utd,27,1992,23.5,0.26,1.91,0.60,31.1,1.91,0.59,0.13,0.43,25.6,0.34,0.00,0.00,0.11,0.11,0.05,0.15,0.15,Matches
424,Djibril Sidibé\Djibril-Sidibe,fr FRA,DF,Everton,27,1992,20.3,0.00,0.59,0.15,25.0,0.59,0.15,0.00,0.00,24.4,0.00,0.00,0.00,0.02,0.02,0.03,-0.02,-0.02,Matches
425,Gylfi Sigur?sson\Gylfi-Sigurdsson,is ISL,MF,Everton,29,1989,28.4,0.07,1.58,0.42,26.7,1.58,0.42,0.02,0.08,20.8,0.18,0.04,0.04,0.15,0.12,0.08,-0.08,-0.08,Matches
426,Bernardo Silva\Bernardo-Silva,pt POR,FWMF,Manchester City,24,1994,22.6,0.27,2.17,0.66,30.6,2.17,0.67,0.12,0.40,14.0,0.00,0.00,0.00,0.30,0.30,0.14,-0.03,-0.03,Matches
427,David Silva\David-Silva,es ESP,MF,Manchester City,33,1986,20.3,0.30,2.27,0.84,37.0,2.27,0.84,0.13,0.35,14.2,0.25,0.00,0.00,0.31,0.31,0.14,-0.01,-0.01,Matches
428,Jack Simpson\Jack-Simpson,eng ENG,DF,Bournemouth,22,1996,2.7,0.00,0.37,0.00,0.0,0.37,0.00,0.00,,15.0,0.00,0.00,0.00,0.00,0.00,0.01,0.00,0.00,Matches
429,Moussa Sissoko\Moussa-Sissoko,fr FRA,MF,Tottenham,29,1989,27.2,0.07,0.51,0.15,28.6,0.51,0.15,0.14,0.50,14.8,0.00,0.00,0.00,0.09,0.09,0.17,-0.01,-0.01,Matches
430,Oliver Skipp\Oliver-Skipp,eng ENG,MFDF,Tottenham,18,2000,0.9,0.00,0.00,0.00,,0.00,0.00,,,,0.00,0.00,0.00,0.00,0.00,,0.00,0.00,Matches
431,William Smallbone\William-Smallbone,ie IRL,MF,Southampton,19,2000,4.4,0.00,1.14,0.00,0.0,1.15,0.00,0.00,,21.7,0.00,0.00,0.00,0.07,0.07,0.05,-0.07,-0.07,Matches
432,Adam Smith\Adam-Smith,eng ENG,DF,Bournemouth,28,1991,22.8,0.00,0.18,0.04,25.0,0.18,0.04,0.00,0.00,17.9,0.00,0.00,0.00,0.03,0.03,0.14,-0.03,-0.03,Matches
433,Emile Smith-Rowe\Emile-Smith-Rowe,eng ENG,MF,Arsenal,19,2000,1.1,0.00,0.00,0.00,,0.00,0.00,,,,0.00,0.00,0.00,0.00,0.00,,0.00,0.00,Matches
434,Robert Snodgrass\Robert-Snodgrass,sco SCO,MFFW,West Ham,31,1987,16.8,0.30,1.25,0.60,47.6,1.25,0.60,0.24,0.50,16.3,0.00,0.00,0.00,0.17,0.17,0.13,0.13,0.13,Matches
435,Cédric Soares\Cedric-Soares,pt POR,DF,Arsenal,27,1991,2.8,0.36,0.36,0.36,100.0,0.36,0.36,1.00,1.00,24.0,0.00,0.00,0.00,0.00,0.00,0.02,0.36,0.36,Matches
436,Cédric Soares\Cedric-Soares,pt POR,DF,Southampton,27,1991,14.5,0.00,0.69,0.28,40.0,0.69,0.28,0.00,0.00,19.6,0.00,0.00,0.00,0.04,0.04,0.06,-0.04,-0.04,Matches
437,Dominic Solanke\Dominic-Solanke,eng ENG,FWMF,Bournemouth,21,1997,18.3,0.16,1.91,0.44,22.9,1.91,0.44,0.09,0.38,13.8,0.00,0.00,0.00,0.20,0.20,0.11,-0.04,-0.04,Matches
438,Tomáš Souèek\Tomas-Soucek,cz CZE,MF,West Ham,24,1995,11.6,0.26,1.64,0.60,36.8,1.64,0.61,0.16,0.43,12.1,0.00,0.00,0.00,0.19,0.19,0.12,0.07,0.07,Matches
439,Ça?lar Söyüncü\Caglar-Soyuncu,tr TUR,DF,Leicester City,23,1996,33.7,0.03,0.59,0.21,35.0,0.59,0.21,0.05,0.14,9.0,0.00,0.00,0.00,0.07,0.07,0.11,-0.04,-0.04,Matches
440,Dennis Srbeny\Dennis-Srbeny,de GER,MFFW,Norwich City,25,1994,0.5,2.00,4.00,2.00,50.0,3.83,1.91,0.50,1.00,8.5,0.00,0.00,0.00,1.20,1.20,0.30,0.80,0.80,Matches
441,Jack Stacey\Jack-Stacey,eng ENG,DF,Bournemouth,23,1996,17.2,0.00,0.29,0.12,40.0,0.29,0.12,0.00,0.00,11.5,0.00,0.00,0.00,0.02,0.02,0.05,-0.02,-0.02,Matches
442,Junior Stanislas\Junior-Stanislas,eng ENG,MFDF,Bournemouth,29,1989,7.9,0.38,2.03,0.76,37.5,2.02,0.76,0.13,0.33,19.8,0.38,0.13,0.13,0.20,0.10,0.05,0.18,0.15,Matches
443,Jed Steer\Jed-Steer,eng ENG,GK,Aston Villa,26,1992,0.1,0.00,0.00,0.00,,0.00,0.00,,,,0.00,0.00,0.00,0.00,0.00,,0.00,0.00,Matches
444,Dale Stephens\Dale-Stephens,eng ENG,MF,Brighton,30,1989,28.1,0.00,0.64,0.07,11.1,0.64,0.07,0.00,0.00,24.7,0.00,0.00,0.00,0.02,0.02,0.03,-0.02,-0.02,Matches
445,Jack Stephens\Jack-Stephens,eng ENG,DF,Southampton,25,1994,27.2,0.04,0.22,0.04,16.7,0.22,0.04,0.17,1.00,8.6,0.00,0.00,0.00,0.03,0.03,0.12,0.01,0.01,Matches
446,Raheem Sterling\Raheem-Sterling,eng ENG,FW,Manchester City,24,1994,29.5,0.68,3.25,1.22,37.5,3.26,1.22,0.21,0.56,13.3,0.03,0.00,0.07,0.58,0.51,0.16,0.10,0.17,Matches
447,Enda Stevens\Enda-Stevens,ie IRL,DF,Sheffield Utd,29,1990,37.2,0.05,0.59,0.11,18.2,0.59,0.11,0.09,0.50,18.3,0.00,0.00,0.00,0.03,0.03,0.05,0.02,0.02,Matches
448,Marco Stiepermann\Marco-Stiepermann,de GER,MF,Norwich City,28,1991,13.1,0.00,1.45,0.38,26.3,1.45,0.38,0.00,0.00,17.1,0.00,0.00,0.00,0.11,0.11,0.08,-0.11,-0.11,Matches
449,John Stones\John-Stones,eng ENG,DF,Manchester City,25,1994,12.5,0.00,0.48,0.08,16.7,0.48,0.08,0.00,0.00,7.9,0.00,0.00,0.00,0.05,0.05,0.10,-0.05,-0.05,Matches
450,Isaac Success\Isaac-Success,ng NGA,FWMF,Watford,23,1996,0.8,0.00,1.25,1.25,100.0,1.29,1.29,0.00,0.00,11.0,0.00,0.00,0.00,0.13,0.13,0.07,-0.13,-0.13,Matches
451,Ki Sung-yueng\Ki-Sung-yueng,kr KOR,MF,Newcastle Utd,30,1989,1.5,0.00,0.00,0.00,,0.00,0.00,,,,0.00,0.00,0.00,0.00,0.00,,0.00,0.00,Matches
452,Andrew Surman\Andrew-Surman,eng ENG,MF,Bournemouth,32,1986,2.6,0.00,0.38,0.00,0.0,0.38,0.00,0.00,,24.2,0.00,0.00,0.00,0.00,0.00,0.02,0.00,0.00,Matches
453,Sam Surridge\Sam-Surridge,eng ENG,FW,Bournemouth,21,1998,0.3,0.00,6.67,0.00,0.0,6.67,0.00,0.00,,11.6,0.00,0.00,0.00,1.33,1.33,0.20,-1.33,-1.33,Matches
454,Japhet Tanganga\Japhet-Tanganga,eng ENG,DF,Tottenham,20,1999,5.8,0.00,0.52,0.17,33.3,0.51,0.17,0.00,0.00,27.1,0.00,0.00,0.00,0.02,0.02,0.02,-0.02,-0.02,Matches
455,Matt Targett\Matt-Targett,eng ENG,DF,Aston Villa,23,1995,25.5,0.04,0.27,0.16,57.1,0.27,0.16,0.14,0.25,16.4,0.04,0.00,0.00,0.02,0.02,0.07,0.02,0.02,Matches
456,James Tarkowski\James-Tarkowski,eng ENG,DF,Burnley,26,1992,38.0,0.05,0.53,0.11,20.0,0.53,0.11,0.10,0.50,8.2,0.00,0.00,0.00,0.06,0.06,0.12,-0.01,-0.01,Matches
457,Charlie Taylor\Charlie-Taylor,eng ENG,DF,Burnley,25,1993,21.6,0.00,0.05,0.00,0.0,0.05,0.00,0.00,,23.6,0.00,0.00,0.00,0.00,0.00,0.03,0.00,0.00,Matches
458,Neil Taylor\Neil-Taylor,wal WAL,DF,Aston Villa,30,1989,12.1,0.00,0.25,0.00,0.0,0.25,0.00,0.00,,15.1,0.00,0.00,0.00,0.02,0.02,0.10,-0.02,-0.02,Matches
459,Nathan Tella\Nathan-Tella,eng ENG,FW,Southampton,20,1999,0.0,0,1,1,100.0,30.00,30.00,0.00,0.00,18.0,0,0,0,0.1,0.1,0.05,-0.1,-0.1,Matches
460,Alexander Tettey\Alexander-Tettey,no NOR,MFDF,Norwich City,33,1986,26.0,0.04,0.88,0.12,13.0,0.89,0.12,0.04,0.33,23.2,0.00,0.00,0.00,0.03,0.03,0.04,0.01,0.01,Matches
461,Jordan Thomas\Jordan-Thomas,eng ENG,FW,Norwich City,,,0.0,0,0,0,,0.00,0.00,,,,0,0,0,0.0,0.0,,0.0,0.0,Matches
462,Luke Thomas\Luke-Thomas,eng ENG,DF,Leicester City,,,3.0,0.00,0.00,0.00,,0.00,0.00,,,,0.00,0.00,0.00,0.00,0.00,,0.00,0.00,Matches
463,Max Thompson\Max-Thompson,eng ENG,FW,Burnley,17,2002,0.0,0,0,0,,0.00,0.00,,,,0,0,0,0.0,0.0,,0.0,0.0,Matches
464,Youri Tielemans\Youri-Tielemans,be BEL,MF,Leicester City,22,1997,31.4,0.10,1.72,0.41,24.1,1.72,0.41,0.06,0.23,22.6,0.00,0.00,0.00,0.11,0.11,0.06,-0.01,-0.01,Matches
465,Kieran Tierney\Kieran-Tierney,sco SCO,DF,Arsenal,22,1997,11.0,0.09,0.55,0.18,33.3,0.55,0.18,0.17,0.50,19.8,0.00,0.00,0.00,0.03,0.03,0.04,0.06,0.06,Matches
466,James Tomkins\James-Tomkins,eng ENG,DF,Crystal Palace,30,1989,17.6,0.06,0.51,0.11,22.2,0.51,0.11,0.11,0.50,7.9,0.00,0.00,0.00,0.07,0.07,0.13,-0.01,-0.01,Matches
467,Fikayo Tomori\Fikayo-Tomori,eng ENG,DF,Chelsea,21,1997,14.3,0.07,0.49,0.21,42.9,0.49,0.21,0.14,0.33,13.6,0.00,0.00,0.00,0.04,0.04,0.08,0.03,0.03,Matches
468,Lucas Torreira\Lucas-Torreira,uy URU,MF,Arsenal,23,1996,16.8,0.06,1.25,0.36,28.6,1.25,0.36,0.05,0.17,17.5,0.00,0.00,0.00,0.10,0.10,0.08,-0.04,-0.04,Matches
469,Cenk Tosun\Cenk-Tosun,tr TUR,FW,Crystal Palace,28,1991,2.0,0.50,2.00,1.00,50.0,2.03,1.02,0.25,0.50,11.9,0.00,0.00,0.00,0.35,0.35,0.18,0.15,0.15,Matches
470,Cenk Tosun\Cenk-Tosun,tr TUR,FW,Everton,28,1991,3.2,0.31,3.44,0.94,27.3,3.40,0.93,0.09,0.33,13.7,0.00,0.00,0.00,0.22,0.22,0.07,0.09,0.09,Matches
471,Andros Townsend\Andros-Townsend,eng ENG,MF,Crystal Palace,28,1991,14.4,0.07,0.83,0.35,41.7,0.83,0.35,0.08,0.20,24.9,0.07,0.00,0.00,0.03,0.03,0.03,0.04,0.04,Matches
472,Adama Traoré\Adama-Traore,es ESP,FWMF,Wolves,23,1996,28.9,0.14,1.49,0.42,27.9,1.49,0.41,0.09,0.33,19.6,0.00,0.00,0.00,0.12,0.12,0.08,0.02,0.02,Matches
473,Mark Travers\Mark-Travers,ie IRL,GK,Bournemouth,20,1999,1.0,0.00,0.00,0.00,,0.00,0.00,,,,0.00,0.00,0.00,0.00,0.00,,0.00,0.00,Matches
474,Trézéguet\Trezeguet,eg EGY,FWMF,Aston Villa,24,1994,21.7,0.28,2.30,0.78,34.0,2.31,0.78,0.12,0.35,17.2,0.14,0.00,0.00,0.18,0.18,0.08,0.10,0.10,Matches
475,Leandro Trossard\Leandro-Trossard,be BEL,FWMF,Brighton,24,1994,22.3,0.22,1.88,0.58,31.0,1.88,0.58,0.12,0.38,16.0,0.00,0.00,0.00,0.21,0.21,0.11,0.01,0.01,Matches
476,Tom Trybull\Tom-Trybull,de GER,MF,Norwich City,26,1993,12.6,0.00,0.87,0.16,18.2,0.88,0.16,0.00,0.00,17.3,0.00,0.00,0.00,0.03,0.03,0.04,-0.03,-0.03,Matches
477,Axel Tuanzebe\Axel-Tuanzebe,eng ENG,DF,Manchester Utd,21,1997,2.1,0.00,0.00,0.00,,0.00,0.00,,,,0.00,0.00,0.00,0.00,0.00,,0.00,0.00,Matches
478,Yan Valery\Yan-Valery,fr FRA,DF,Southampton,20,1999,8.7,0.00,0.34,0.23,66.7,0.35,0.23,0.00,0.00,16.2,0.00,0.00,0.00,0.05,0.05,0.12,-0.05,-0.05,Matches
479,Jesús Vallejo\Jesus-Vallejo,es ESP,DF,Wolves,22,1997,1.8,0.00,0.00,0.00,,0.00,0.00,,,,0.00,0.00,0.00,0.00,0.00,,0.00,0.00,Matches
480,Jamie Vardy\Jamie-Vardy,eng ENG,FW,Leicester City,32,1987,33.7,0.68,2.58,1.13,43.7,2.58,1.13,0.22,0.50,11.8,0.00,0.12,0.15,0.60,0.49,0.20,0.08,0.07,Matches
481,Indiana Vassilev\Indiana-Vassilev,us USA,FWMF,Aston Villa,18,2001,0.6,0.00,1.67,0.00,0.0,1.76,0.00,0.00,,21.5,0.00,0.00,0.00,0.00,0.00,0.03,0.00,0.00,Matches
482,Jan Vertonghen\Jan-Vertonghen,be BEL,DF,Tottenham,32,1987,18.3,0.05,0.22,0.11,50.0,0.22,0.11,0.25,0.50,11.3,0.00,0.00,0.00,0.02,0.02,0.07,0.04,0.04,Matches
483,Jannik Vestergaard\Jannik-Vestergaard,dk DEN,DF,Southampton,26,1992,16.6,0.06,0.60,0.30,50.0,0.60,0.30,0.10,0.20,11.7,0.00,0.00,0.00,0.05,0.05,0.08,0.01,0.01,Matches
484,Rúben Vinagre\Ruben-Vinagre,pt POR,DF,Wolves,20,1999,7.2,0.00,0.69,0.00,0.0,0.69,0.00,0.00,,13.0,0.00,0.00,0.00,0.04,0.04,0.07,-0.04,-0.04,Matches
485,Jake Vokins\Jake-Vokins,eng ENG,DF,Southampton,19,2000,1.0,0.00,1.00,0.00,0.0,1.00,0.00,0.00,,28.8,0.00,0.00,0.00,0.00,0.00,0.02,0.00,0.00,Matches
486,Mario Vranèiæ\Mario-Vrancic,ba BIH,MF,Norwich City,30,1989,7.1,0.14,1.97,0.42,21.4,1.98,0.42,0.07,0.33,18.2,0.28,0.00,0.00,0.24,0.24,0.12,-0.10,-0.10,Matches
487,Matìj Vydra\Matej-Vydra,cz CZE,FW,Burnley,27,1992,9.1,0.22,1.98,1.10,55.6,1.98,1.10,0.11,0.20,12.7,0.00,0.00,0.00,0.41,0.41,0.21,-0.19,-0.19,Matches
488,Theo Walcott\Theo-Walcott,eng ENG,MFFW,Everton,30,1989,14.3,0.14,1.96,0.70,35.7,1.96,0.70,0.07,0.20,15.9,0.00,0.00,0.00,0.20,0.20,0.10,-0.06,-0.06,Matches
489,Kyle Walker\Kyle-Walker,eng ENG,DF,Manchester City,29,1990,26.6,0.04,0.49,0.11,23.1,0.49,0.11,0.08,0.33,26.6,0.04,0.00,0.00,0.04,0.04,0.08,0.00,0.00,Matches
490,Kyle Walker-Peters\Kyle-Walker-Peters,eng ENG,DF,Southampton,22,1997,7.8,0.00,0.26,0.00,0.0,0.26,0.00,0.00,,17.0,0.00,0.00,0.00,0.01,0.01,0.04,-0.01,-0.01,Matches
491,Kyle Walker-Peters\Kyle-Walker-Peters,eng ENG,DF,Tottenham,22,1997,2.7,0.00,0.37,0.00,0.0,0.37,0.00,0.00,,21.9,0.00,0.00,0.00,0.00,0.00,0.02,0.00,0.00,Matches
492,Aaron Wan-Bissaka\Aaron-Wan-Bissaka,eng ENG,DF,Manchester Utd,21,1997,34.1,0.00,0.26,0.03,11.1,0.26,0.03,0.00,0.00,17.3,0.00,0.00,0.00,0.03,0.03,0.10,-0.03,-0.03,Matches
493,Victor Wanyama\Victor-Wanyama,ke KEN,MF,Tottenham,28,1991,0.3,0.00,0.00,0.00,,0.00,0.00,,,,0.00,0.00,0.00,0.00,0.00,,0.00,0.00,Matches
494,Joel Ward\Joel-Ward,eng ENG,DF,Crystal Palace,29,1989,26.5,0.00,0.19,0.04,20.0,0.19,0.04,0.00,0.00,14.0,0.00,0.00,0.00,0.01,0.01,0.07,-0.01,-0.01,Matches
495,James Ward-Prowse\James-Ward-Prowse,eng ENG,MFDF,Southampton,24,1994,38.0,0.13,1.42,0.61,42.6,1.42,0.61,0.07,0.17,22.5,0.63,0.03,0.08,0.18,0.12,0.09,-0.05,-0.02,Matches
496,Kelland Watts\Kelland-Watts,eng ENG,DF,Newcastle Utd,19,1999,0.2,0.00,0.00,0.00,,0.00,0.00,,,,0.00,0.00,0.00,0.00,0.00,,0.00,0.00,Matches
497,Adam Webster\Adam-Webster,eng ENG,DF,Brighton,24,1995,29.6,0.10,0.54,0.24,43.8,0.54,0.24,0.19,0.43,13.2,0.00,0.00,0.00,0.04,0.04,0.07,0.06,0.06,Matches
498,Danny Welbeck\Danny-Welbeck,eng ENG,FWMF,Watford,28,1990,9.1,0.22,2.31,0.99,42.9,2.30,0.99,0.10,0.22,10.7,0.00,0.00,0.00,0.36,0.36,0.16,-0.14,-0.14,Matches
499,Ashley Westwood\Ashley-Westwood,eng ENG,MF,Burnley,29,1990,35.0,0.06,0.37,0.09,23.1,0.37,0.09,0.15,0.67,19.3,0.06,0.00,0.00,0.03,0.03,0.09,0.02,0.02,Matches
500,Connor Wickham\Connor-Wickham,eng ENG,FWMF,Crystal Palace,26,1993,1.1,0.91,3.64,1.82,50.0,3.75,1.87,0.25,0.50,12.3,0.00,0.00,0.00,1.18,1.18,0.33,-0.27,-0.27,Matches
501,Georginio Wijnaldum\Georginio-Wijnaldum,nl NED,MF,Liverpool,28,1990,32.6,0.12,1.10,0.46,41.7,1.10,0.46,0.11,0.27,15.1,0.00,0.00,0.00,0.10,0.10,0.09,0.03,0.03,Matches
502,Jetro Willems\Jetro-Willems,nl NED,DF,Newcastle Utd,25,1994,16.6,0.12,0.84,0.36,42.9,0.84,0.36,0.14,0.33,19.5,0.00,0.00,0.00,0.04,0.04,0.04,0.08,0.08,Matches
503,Brandon Williams\Brandon-Williams,eng ENG,DF,Manchester Utd,18,2000,11.2,0.09,0.54,0.18,33.3,0.54,0.18,0.17,0.50,13.0,0.00,0.00,0.00,0.06,0.06,0.12,0.03,0.03,Matches
504,Neco Williams\Neco-Williams,wal WAL,DF,Liverpool,18,2001,2.6,0.00,2.69,0.38,14.3,2.74,0.39,0.00,0.00,21.4,0.00,0.00,0.00,0.12,0.12,0.04,-0.12,-0.12,Matches
505,Willian\Willian,br BRA,FW,Chelsea,30,1988,28.9,0.31,2.32,0.90,38.8,2.32,0.90,0.07,0.19,18.9,0.28,0.14,0.14,0.25,0.14,0.06,0.07,0.03,Matches
506,Joe Willock\Joe-Willock,eng ENG,MFFW,Arsenal,19,1999,9.5,0.11,1.47,0.42,28.6,1.47,0.42,0.07,0.25,15.3,0.00,0.00,0.00,0.24,0.24,0.17,-0.14,-0.14,Matches
507,Jack Wilshere\Jack-Wilshere,eng ENG,MF,West Ham,27,1992,2.4,0.00,0.00,0.00,,0.00,0.00,,,,0.00,0.00,0.00,0.00,0.00,,0.00,0.00,Matches
508,Callum Wilson\Callum-Wilson,eng ENG,FW,Bournemouth,27,1992,32.3,0.25,1.67,0.68,40.7,1.67,0.68,0.15,0.36,11.2,0.00,0.00,0.00,0.31,0.31,0.19,-0.06,-0.06,Matches
509,Harry Wilson\Harry-Wilson,wal WAL,MFFW,Bournemouth,22,1997,18.3,0.38,2.95,1.04,35.2,2.95,1.04,0.13,0.37,19.8,0.66,0.00,0.00,0.25,0.25,0.08,0.14,0.14,Matches
510,Harry Winks\Harry-Winks,eng ENG,MF,Tottenham,23,1996,24.7,0.00,0.57,0.08,14.3,0.57,0.08,0.00,0.00,24.3,0.00,0.00,0.00,0.02,0.02,0.03,-0.02,-0.02,Matches
511,Chris Wood\Chris-Wood,nz NZL,FW,Burnley,27,1991,27.1,0.52,2.36,1.03,43.8,2.36,1.03,0.20,0.46,10.1,0.00,0.04,0.04,0.48,0.45,0.19,0.04,0.03,Matches
512,Granit Xhaka\Granit-Xhaka,ch SUI,MF,Arsenal,26,1992,28.7,0.03,0.38,0.10,27.3,0.38,0.10,0.09,0.33,23.8,0.00,0.00,0.00,0.01,0.01,0.03,0.02,0.02,Matches
513,Andriy Yarmolenko\Andriy-Yarmolenko,ua UKR,MFFW,West Ham,29,1989,11.0,0.45,2.36,1.09,46.2,2.36,1.09,0.19,0.42,17.5,0.18,0.00,0.00,0.19,0.19,0.08,0.26,0.26,Matches
514,DeAndre Yedlin\DeAndre-Yedlin,us USA,DF,Newcastle Utd,26,1993,10.4,0.10,0.10,0.10,100.0,0.10,0.10,1.00,1.00,4.1,0.00,0.00,0.00,0.07,0.07,0.68,0.03,0.03,Matches
515,Maya Yoshida\Maya-Yoshida,jp JPN,DF,Southampton,30,1988,6.2,0.00,0.65,0.48,75.0,0.64,0.48,0.00,0.00,12.6,0.00,0.00,0.00,0.08,0.08,0.12,-0.08,-0.08,Matches
516,Ashley Young\Ashley-Young,eng ENG,DF,Manchester Utd,34,1985,10.6,0.00,0.28,0.00,0.0,0.28,0.00,0.00,,20.9,0.00,0.00,0.00,0.01,0.01,0.04,-0.01,-0.01,Matches
517,Pablo Zabaleta\Pablo-Zabaleta,ar ARG,DF,West Ham,34,1985,6.6,0.00,0.15,0.00,0.0,0.15,0.00,0.00,,12.2,0.00,0.00,0.00,0.00,0.00,0.04,0.00,0.00,Matches
518,Wilfried Zaha\Wilfried-Zaha,ci CIV,MFFW,Crystal Palace,26,1992,36.4,0.11,1.68,0.47,27.9,1.67,0.47,0.07,0.24,15.8,0.00,0.00,0.00,0.15,0.15,0.09,-0.04,-0.04,Matches
519,Christoph Zimmermann\Christoph-Zimmermann,de GER,DF,Norwich City,26,1993,15.9,0.00,0.38,0.06,16.7,0.38,0.06,0.00,0.00,14.7,0.00,0.00,0.00,0.02,0.02,0.05,-0.02,-0.02,Matches
520,Oleksandr Zinchenko\Oleksandr-Zinchenko,ua UKR,DF,Manchester City,22,1996,14.2,0.00,1.13,0.21,18.8,1.13,0.21,0.00,0.00,25.6,0.00,0.00,0.00,0.03,0.03,0.03,-0.03,-0.03,Matches
521,Richairo Živkoviæ\Richairo-Zivkovic,nl NED,FW,Sheffield Utd,22,1996,1.2,0.00,0.83,0.00,0.0,0.80,0.00,0.00,,13.9,0.00,0.00,0.00,0.00,0.00,0.04,0.00,0.00,Matches
522,Kurt Zouma\Kurt-Zouma,fr FRA,DF,Chelsea,24,1994,26.0,0.00,0.58,0.19,33.3,0.58,0.19,0.00,0.00,11.0,0.00,0.00,0.00,0.03,0.03,0.05,-0.03,-0.03,Matches
