Rk,Player,Nation,Pos,Squad,Age,Born,90s,SCA,SCA90,SCA_PassLive,SCA_PassDead,SCA_Drib,SCA_Sh,SCA_Fld,SCA_Def,GCA,GCA90,GCA_PassLive,GCA_PassDead,GCA_Drib,GCA_Sh,GCA_Fld,GCA_Def,OG,Matches
1,Patrick van Aanholt\Patrick-van-Aanholt,nl NED,DF,Crystal Palace,28,1990,27.9,2.22,2.23,1.15,0.82,0.11,0.07,0.07,0.00,0.18,0.18,0.11,0.04,0.04,0.00,0.00,0.00,0.00,Matches
2,Max Aarons\Max-Aarons,eng ENG,DF,Norwich City,19,2000,36.0,1.53,1.53,1.17,0.06,0.08,0.08,0.11,0.03,0.08,0.08,0.03,0.03,0.00,0.00,0.03,0.00,0.00,Matches
3,Tammy Abraham\Tammy-Abraham,eng ENG,FW,Chelsea,21,1997,24.6,2.03,2.03,1.34,0.00,0.24,0.24,0.08,0.12,0.41,0.41,0.16,0.00,0.12,0.08,0.04,0.00,0.00,Matches
4,Che Adams\Che-Adams,eng ENG,FW,Southampton,23,1996,12.3,2.03,2.03,1.22,0.00,0.24,0.16,0.33,0.08,0.41,0.41,0.16,0.00,0.08,0.00,0.16,0.00,0.00,Matches
5,Adrián\Adrian,es ESP,GK,Liverpool,32,1987,9.7,0.21,0.21,0.21,0.00,0.00,0.00,0.00,0.00,0.00,0.00,0.00,0.00,0.00,0.00,0.00,0.00,0.00,Matches
6,Sergio Agüero\Sergio-Aguero,ar ARG,FW,Manchester City,31,1988,16.1,3.17,3.16,1.74,0.00,0.56,0.56,0.31,0.00,0.50,0.50,0.25,0.00,0.06,0.12,0.06,0.00,0.00,Matches
7,Albian Ajeti\Albian-Ajeti,ch SUI,MFFW,West Ham,22,1997,1.5,1.33,1.29,1.33,0.00,0.00,0.00,0.00,0.00,0.00,0.00,0.00,0.00,0.00,0.00,0.00,0.00,0.00,Matches
8,Nathan Aké\Nathan-Ake,nl NED,DF,Bournemouth,24,1995,27.8,0.47,0.47,0.25,0.00,0.04,0.14,0.04,0.00,0.07,0.07,0.04,0.00,0.00,0.04,0.00,0.00,0.00,Matches
9,Marc Albrighton\Marc-Albrighton,eng ENG,MFDF,Leicester City,29,1989,9.6,2.71,2.70,2.29,0.21,0.10,0.10,0.00,0.00,0.52,0.52,0.52,0.00,0.00,0.00,0.00,0.00,0.00,Matches
10,Toby Alderweireld\Toby-Alderweireld,be BEL,DF,Tottenham,30,1989,32.9,0.64,0.64,0.55,0.00,0.00,0.03,0.00,0.06,0.09,0.09,0.06,0.00,0.00,0.00,0.00,0.03,0.00,Matches
11,Trent Alexander-Arnold\Trent-Alexander-Arnold,eng ENG,DF,Liverpool,20,1998,35.3,4.31,4.31,2.58,1.42,0.08,0.14,0.03,0.03,0.68,0.68,0.40,0.20,0.00,0.06,0.00,0.00,0.03,Matches
12,Alisson\Alisson,br BRA,GK,Liverpool,26,1992,28.3,0.14,0.14,0.14,0.00,0.00,0.00,0.00,0.00,0.04,0.04,0.04,0.00,0.00,0.00,0.00,0.00,0.00,Matches
13,Dele Alli\Dele-Alli,eng ENG,MFFW,Tottenham,23,1996,20.5,2.63,2.63,1.90,0.05,0.44,0.10,0.10,0.05,0.59,0.58,0.24,0.00,0.24,0.10,0.00,0.00,0.00,Matches
14,Miguel Almirón\Miguel-Almiron,py PAR,MFFW,Newcastle Utd,25,1994,33.6,2.38,2.38,1.73,0.00,0.21,0.15,0.21,0.09,0.06,0.06,0.06,0.00,0.00,0.00,0.00,0.00,0.00,Matches
15,Marcos Alonso\Marcos-Alonso,es ESP,DF,Chelsea,28,1990,15.9,2.96,2.96,2.26,0.31,0.06,0.13,0.19,0.00,0.38,0.38,0.25,0.00,0.00,0.00,0.13,0.00,0.00,Matches
16,Steven Alzate\Steven-Alzate,co COL,MFDF,Brighton,20,1998,13.2,2.27,2.27,1.67,0.00,0.38,0.15,0.08,0.00,0.08,0.08,0.00,0.00,0.00,0.00,0.08,0.00,0.00,Matches
17,Ibrahim Amadou\Ibrahim-Amadou,fr FRA,DFMF,Norwich City,26,1993,8.4,0.12,0.12,0.12,0.00,0.00,0.00,0.00,0.00,0.00,0.00,0.00,0.00,0.00,0.00,0.00,0.00,0.00,Matches
18,Felipe Anderson\Felipe-Anderson,br BRA,MFFW,West Ham,26,1993,16.6,3.49,3.49,2.65,0.12,0.30,0.18,0.18,0.06,0.48,0.48,0.42,0.00,0.06,0.00,0.00,0.00,0.00,Matches
19,Florin Andone\Florin-Andone,ro ROU,MFFW,Brighton,26,1993,0.8,1.25,1.23,1.25,0.00,0.00,0.00,0.00,0.00,0.00,0.00,0.00,0.00,0.00,0.00,0.00,0.00,0.00,Matches
20,Angeli?o\Angelino,es ESP,DF,Manchester City,22,1997,4.7,2.98,2.98,2.77,0.00,0.21,0.00,0.00,0.00,0.00,0.00,0.00,0.00,0.00,0.00,0.00,0.00,0.00,Matches
21,Faustino Anjorin\Faustino-Anjorin,eng ENG,FW,Chelsea,17,2001,0.2,0.00,0.00,0.00,0.00,0.00,0.00,0.00,0.00,0.00,0.00,0.00,0.00,0.00,0.00,0.00,0.00,0.00,Matches
22,Michail Antonio\Michail-Antonio,eng ENG,FW,West Ham,29,1990,19.6,3.01,3.00,1.58,0.05,0.77,0.26,0.31,0.05,0.36,0.36,0.10,0.00,0.10,0.10,0.05,0.00,0.00,Matches
23,Stuart Armstrong\Stuart-Armstrong,sco SCO,MF,Southampton,27,1992,19.1,2.62,2.62,1.94,0.00,0.21,0.21,0.16,0.10,0.47,0.47,0.26,0.00,0.05,0.10,0.00,0.05,0.00,Matches
24,Kepa Arrizabalaga\Kepa-Arrizabalaga,es ESP,GK,Chelsea,24,1994,33.0,0.03,0.03,0.00,0.03,0.00,0.00,0.00,0.00,0.00,0.00,0.00,0.00,0.00,0.00,0.00,0.00,0.00,Matches
25,Christian Atsu\Christian-Atsu,gh GHA,FWMF,Newcastle Utd,27,1992,8.3,2.77,2.76,2.05,0.24,0.24,0.00,0.12,0.12,0.36,0.36,0.24,0.12,0.00,0.00,0.00,0.00,0.00,Matches
26,Pierre-Emerick Aubameyang\Pierre-Emerick-Aubameyang,ga GAB,FW,Arsenal,30,1989,34.8,1.61,1.61,1.09,0.00,0.20,0.11,0.14,0.06,0.29,0.29,0.17,0.00,0.00,0.06,0.03,0.03,0.00,Matches
27,Serge Aurier\Serge-Aurier,ci CIV,DF,Tottenham,26,1992,30.0,1.63,1.63,1.43,0.07,0.07,0.00,0.00,0.03,0.20,0.20,0.13,0.00,0.03,0.00,0.00,0.00,0.03,Matches
28,Jordan Ayew\Jordan-Ayew,gh GHA,FWMF,Crystal Palace,27,1991,35.0,1.94,1.94,1.23,0.00,0.31,0.03,0.31,0.06,0.20,0.20,0.09,0.00,0.09,0.00,0.03,0.00,0.00,Matches
29,César Azpilicueta\Cesar-Azpilicueta,es ESP,DF,Chelsea,29,1989,35.9,2.23,2.23,1.98,0.06,0.03,0.06,0.08,0.03,0.19,0.20,0.17,0.03,0.00,0.00,0.00,0.00,0.00,Matches
30,Eric Bailly\Eric-Bailly,ci CIV,DF,Manchester Utd,25,1994,1.7,0.59,0.60,0.59,0.00,0.00,0.00,0.00,0.00,0.00,0.00,0.00,0.00,0.00,0.00,0.00,0.00,0.00,Matches
31,Leighton Baines\Leighton-Baines,eng ENG,DF,Everton,34,1984,4.5,2.67,2.67,1.78,0.67,0.00,0.00,0.22,0.00,0.00,0.00,0.00,0.00,0.00,0.00,0.00,0.00,0.00,Matches
32,Fabián Balbuena\Fabian-Balbuena,py PAR,DF,West Ham,27,1991,13.1,0.31,0.31,0.23,0.00,0.00,0.08,0.00,0.00,0.00,0.00,0.00,0.00,0.00,0.00,0.00,0.00,0.00,Matches
33,George Baldock\George-Baldock,eng ENG,DF,Sheffield Utd,26,1993,38.0,1.71,1.71,1.37,0.11,0.16,0.00,0.08,0.00,0.16,0.16,0.11,0.00,0.03,0.00,0.03,0.00,0.00,Matches
34,Phil Bardsley\Phil-Bardsley,sco SCO,DF,Burnley,34,1985,21.0,0.95,0.95,0.52,0.14,0.00,0.10,0.00,0.19,0.05,0.05,0.00,0.00,0.00,0.00,0.00,0.05,0.00,Matches
35,Ross Barkley\Ross-Barkley,eng ENG,MF,Chelsea,25,1993,12.3,3.82,3.83,2.52,0.08,0.49,0.41,0.24,0.08,0.41,0.41,0.33,0.00,0.00,0.08,0.00,0.00,0.00,Matches
36,Ashley Barnes\Ashley-Barnes,eng ENG,FW,Burnley,29,1989,15.0,1.40,1.40,0.80,0.00,0.07,0.07,0.33,0.13,0.13,0.13,0.00,0.00,0.00,0.00,0.07,0.07,0.00,Matches
37,Harvey Barnes\Harvey-Barnes,eng ENG,MFFW,Leicester City,21,1997,23.1,3.33,3.33,2.55,0.00,0.35,0.22,0.22,0.00,0.65,0.65,0.52,0.00,0.09,0.04,0.00,0.00,0.00,Matches
38,Chris Basham\Chris-Basham,eng ENG,DF,Sheffield Utd,31,1988,36.0,0.69,0.69,0.61,0.00,0.06,0.00,0.03,0.00,0.06,0.06,0.06,0.00,0.00,0.00,0.00,0.00,0.00,Matches
39,Borja Bastón\Borja-Baston,es ESP,MFFW,Aston Villa,26,1992,0.2,0.00,0.00,0.00,0.00,0.00,0.00,0.00,0.00,0.00,0.00,0.00,0.00,0.00,0.00,0.00,0.00,0.00,Matches
40,Michy Batshuayi\Michy-Batshuayi,be BEL,FW,Chelsea,25,1993,2.7,2.59,2.64,1.85,0.00,0.37,0.37,0.00,0.00,1.11,1.13,0.74,0.00,0.00,0.37,0.00,0.00,0.00,Matches
41,Jan Bednarek\Jan-Bednarek,pl POL,DF,Southampton,23,1996,34.0,0.38,0.38,0.32,0.00,0.00,0.03,0.03,0.00,0.03,0.03,0.00,0.00,0.00,0.03,0.00,0.00,0.00,Matches
42,Héctor Bellerín\Hector-Bellerin,es ESP,DF,Arsenal,24,1995,12.9,1.09,1.09,0.85,0.00,0.16,0.08,0.00,0.00,0.00,0.00,0.00,0.00,0.00,0.00,0.00,0.00,0.00,Matches
43,Ryan Bennett\Ryan-Bennett,eng ENG,DF,Wolves,29,1990,6.7,0.75,0.74,0.60,0.15,0.00,0.00,0.00,0.00,0.15,0.15,0.00,0.15,0.00,0.00,0.00,0.00,0.00,Matches
44,Ryan Bennett\Ryan-Bennett,eng ENG,DF,Leicester City,29,1990,3.7,0.54,0.54,0.54,0.00,0.00,0.00,0.00,0.00,0.00,0.00,0.00,0.00,0.00,0.00,0.00,0.00,0.00,Matches
45,Nabil Bentaleb\Nabil-Bentaleb,dz ALG,MF,Newcastle Utd,24,1994,8.3,1.33,1.32,1.08,0.12,0.00,0.00,0.00,0.12,0.00,0.00,0.00,0.00,0.00,0.00,0.00,0.00,0.00,Matches
46,Christian Benteke\Christian-Benteke,be BEL,FW,Crystal Palace,28,1990,14.0,2.79,2.78,1.71,0.00,0.36,0.29,0.21,0.21,0.43,0.43,0.36,0.00,0.07,0.00,0.00,0.00,0.00,Matches
47,Jóhann Berg Gu?mundsson\Johann-Berg-Gudmundsson,is ISL,MF,Burnley,28,1990,6.9,3.33,3.33,2.46,0.29,0.14,0.14,0.14,0.14,0.43,0.43,0.29,0.00,0.00,0.00,0.00,0.14,0.00,Matches
48,Sander Berge\Sander-Berge,no NOR,MF,Sheffield Utd,21,1998,10.5,0.67,0.67,0.57,0.00,0.10,0.00,0.00,0.00,0.19,0.19,0.10,0.00,0.10,0.00,0.00,0.00,0.00,Matches
49,Steven Bergwijn\Steven-Bergwijn,nl NED,FWMF,Tottenham,21,1997,7.8,3.33,3.32,2.82,0.00,0.26,0.00,0.26,0.00,0.13,0.13,0.13,0.00,0.00,0.00,0.00,0.00,0.00,Matches
50,Bernard\Bernard,br BRA,MFFW,Everton,26,1992,14.2,3.52,3.52,2.75,0.00,0.35,0.14,0.07,0.21,0.35,0.35,0.21,0.00,0.14,0.00,0.00,0.00,0.00,Matches
51,Bernardo\Bernardo,br BRA,DF,Brighton,24,1995,7.5,1.33,1.33,1.20,0.13,0.00,0.00,0.00,0.00,0.00,0.00,0.00,0.00,0.00,0.00,0.00,0.00,0.00,Matches
52,Ryan Bertrand\Ryan-Bertrand,eng ENG,DF,Southampton,29,1989,30.5,2.03,2.04,1.48,0.46,0.00,0.00,0.10,0.00,0.03,0.03,0.00,0.03,0.00,0.00,0.00,0.00,0.00,Matches
53,Muhamed Bešiæ\Muhamed-Besic,ba BIH,MF,Sheffield Utd,26,1992,2.8,1.07,1.08,1.07,0.00,0.00,0.00,0.00,0.00,0.00,0.00,0.00,0.00,0.00,0.00,0.00,0.00,0.00,Matches
54,Philip Billing\Philip-Billing,dk DEN,MF,Bournemouth,23,1996,28.1,1.60,1.60,1.25,0.07,0.07,0.11,0.04,0.07,0.14,0.14,0.14,0.00,0.00,0.00,0.00,0.00,0.00,Matches
55,Yves Bissouma\Yves-Bissouma,ml MLI,MF,Brighton,22,1996,14.0,0.79,0.79,0.71,0.00,0.00,0.07,0.00,0.00,0.00,0.00,0.00,0.00,0.00,0.00,0.00,0.00,0.00,Matches
56,Willy Boly\Willy-Boly,ci CIV,DF,Wolves,28,1991,22.0,0.36,0.36,0.36,0.00,0.00,0.00,0.00,0.00,0.05,0.05,0.05,0.00,0.00,0.00,0.00,0.00,0.00,Matches
57,Gaëtan Bong\Gaetan-Bong,cm CMR,MFDF,Brighton,31,1988,0.7,4.29,4.58,4.29,0.00,0.00,0.00,0.00,0.00,0.00,0.00,0.00,0.00,0.00,0.00,0.00,0.00,0.00,Matches
58,Sofiane Boufal\Sofiane-Boufal,ma MAR,MFFW,Southampton,25,1993,8.5,4.71,4.71,2.59,0.00,0.94,0.12,0.71,0.35,0.35,0.35,0.24,0.00,0.12,0.00,0.00,0.00,0.00,Matches
59,Jarrod Bowen\Jarrod-Bowen,eng ENG,FW,West Ham,22,1996,10.2,2.75,2.75,1.08,0.59,0.29,0.39,0.29,0.10,0.49,0.49,0.29,0.20,0.00,0.00,0.00,0.00,0.00,Matches
60,Robbie Brady\Robbie-Brady,ie IRL,MF,Burnley,27,1992,5.0,2.60,2.58,1.80,0.40,0.00,0.20,0.20,0.00,0.60,0.59,0.60,0.00,0.00,0.00,0.00,0.00,0.00,Matches
61,Jarrad Branthwaite\Jarrad-Branthwaite,eng ENG,DF,Everton,17,2002,3.3,0.00,0.00,0.00,0.00,0.00,0.00,0.00,0.00,0.00,0.00,0.00,0.00,0.00,0.00,0.00,0.00,0.00,Matches
62,Claudio Bravo\Claudio-Bravo,cl CHI,GK,Manchester City,36,1983,3.9,0.00,0.00,0.00,0.00,0.00,0.00,0.00,0.00,0.00,0.00,0.00,0.00,0.00,0.00,0.00,0.00,0.00,Matches
63,Armando Broja\Armando-Broja,al ALB,FW,Chelsea,17,2001,0.1,0.00,0.00,0.00,0.00,0.00,0.00,0.00,0.00,0.00,0.00,0.00,0.00,0.00,0.00,0.00,0.00,0.00,Matches
64,David Brooks\David-Brooks,wal WAL,MF,Bournemouth,22,1997,5.6,1.61,1.60,1.07,0.18,0.00,0.18,0.00,0.18,0.18,0.18,0.00,0.00,0.00,0.18,0.00,0.00,0.00,Matches
65,Josh Brownhill\Josh-Brownhill,eng ENG,MF,Burnley,23,1995,8.9,1.57,1.57,1.35,0.00,0.11,0.00,0.00,0.11,0.11,0.11,0.11,0.00,0.00,0.00,0.00,0.00,0.00,Matches
66,Emi Buendía\Emi-Buendia,ar ARG,FWMF,Norwich City,22,1996,27.4,5.04,5.04,3.03,1.09,0.36,0.11,0.33,0.11,0.33,0.33,0.18,0.04,0.00,0.04,0.00,0.07,0.00,Matches
67,Dan Burn\Dan-Burn,eng ENG,DF,Brighton,27,1992,32.0,1.09,1.09,0.91,0.09,0.03,0.03,0.00,0.03,0.06,0.06,0.06,0.00,0.00,0.00,0.00,0.00,0.00,Matches
68,Sam Byram\Sam-Byram,eng ENG,DF,Norwich City,25,1993,14.4,1.39,1.39,0.97,0.00,0.07,0.21,0.07,0.07,0.00,0.00,0.00,0.00,0.00,0.00,0.00,0.00,0.00,Matches
69,Willy Caballero\Willy-Caballero,ar ARG,GK,Chelsea,37,1981,5.0,0.00,0.00,0.00,0.00,0.00,0.00,0.00,0.00,0.00,0.00,0.00,0.00,0.00,0.00,0.00,0.00,0.00,Matches
70,Gary Cahill\Gary-Cahill,eng ENG,DF,Crystal Palace,33,1985,24.1,0.33,0.33,0.21,0.04,0.00,0.08,0.00,0.00,0.04,0.04,0.04,0.00,0.00,0.00,0.00,0.00,0.00,Matches
71,Dominic Calvert-Lewin\Dominic-Calvert-Lewin,eng ENG,FW,Everton,22,1997,29.2,1.95,1.95,1.16,0.00,0.07,0.17,0.41,0.10,0.10,0.10,0.07,0.00,0.00,0.00,0.00,0.00,0.03,Matches
72,Víctor Camarasa\Victor-Camarasa,es ESP,MF,Crystal Palace,25,1994,0.1,10.0,15.00,10.0,0.00,0.00,0.00,0.00,0.00,0.00,0.00,0.00,0.00,0.00,0.00,0.00,0.00,0.00,Matches
73,Jo?o Cancelo\Joao-Cancelo,pt POR,DF,Manchester City,25,1994,13.4,3.28,3.28,2.39,0.07,0.45,0.15,0.15,0.07,0.15,0.15,0.07,0.00,0.00,0.00,0.07,0.00,0.00,Matches
74,Todd Cantwell\Todd-Cantwell,eng ENG,FWMF,Norwich City,21,1998,27.7,2.67,2.68,2.09,0.00,0.22,0.11,0.22,0.04,0.18,0.18,0.18,0.00,0.00,0.00,0.00,0.00,0.00,Matches
75,Étienne Capoue\Etienne-Capoue,fr FRA,MF,Watford,31,1988,29.2,1.51,1.51,1.10,0.21,0.07,0.00,0.10,0.03,0.10,0.10,0.07,0.03,0.00,0.00,0.00,0.00,0.00,Matches
76,Andy Carroll\Andy-Carroll,eng ENG,FW,Newcastle Utd,30,1989,7.0,2.86,2.85,2.71,0.00,0.00,0.00,0.14,0.00,1.00,1.00,1.00,0.00,0.00,0.00,0.00,0.00,0.00,Matches
77,Jonny Castro\Jonny-Castro,es ESP,DF,Wolves,25,1994,32.1,1.68,1.68,1.31,0.06,0.06,0.00,0.09,0.16,0.22,0.22,0.16,0.03,0.00,0.00,0.00,0.03,0.00,Matches
78,Craig Cathcart\Craig-Cathcart,nir NIR,DF,Watford,30,1989,27.6,0.18,0.18,0.18,0.00,0.00,0.00,0.00,0.00,0.04,0.04,0.04,0.00,0.00,0.00,0.00,0.00,0.00,Matches
79,Dani Ceballos\Dani-Ceballos,es ESP,MF,Arsenal,22,1996,18.8,2.61,2.61,1.70,0.64,0.00,0.05,0.11,0.11,0.43,0.43,0.27,0.05,0.00,0.00,0.00,0.11,0.00,Matches
80,Nathaniel Chalobah\Nathaniel-Chalobah,eng ENG,MF,Watford,24,1994,10.3,1.84,1.84,1.55,0.19,0.00,0.00,0.00,0.10,0.19,0.19,0.19,0.00,0.00,0.00,0.00,0.00,0.00,Matches
81,Calum Chambers\Calum-Chambers,eng ENG,DF,Arsenal,24,1995,12.2,1.39,1.39,0.74,0.16,0.00,0.33,0.00,0.16,0.25,0.25,0.08,0.00,0.00,0.08,0.00,0.08,0.00,Matches
82,Ben Chilwell\Ben-Chilwell,eng ENG,DF,Leicester City,22,1996,26.4,2.39,2.39,2.01,0.27,0.04,0.04,0.00,0.04,0.27,0.27,0.27,0.00,0.00,0.00,0.00,0.00,0.00,Matches
83,Tahith Chong\Tahith-Chong,nl NED,FWMF,Manchester Utd,19,1999,0.4,5.00,4.86,5.00,0.00,0.00,0.00,0.00,0.00,0.00,0.00,0.00,0.00,0.00,0.00,0.00,0.00,0.00,Matches
84,Hamza Choudhury\Hamza-Choudhury,eng ENG,MF,Leicester City,21,1997,9.9,1.21,1.21,1.11,0.00,0.00,0.10,0.00,0.00,0.10,0.10,0.10,0.00,0.00,0.00,0.00,0.00,0.00,Matches
85,Andreas Christensen\Andreas-Christensen,dk DEN,DF,Chelsea,23,1996,19.5,0.56,0.57,0.51,0.00,0.00,0.05,0.00,0.00,0.05,0.05,0.05,0.00,0.00,0.00,0.00,0.00,0.00,Matches
86,Ciaran Clark\Ciaran-Clark,ie IRL,DF,Newcastle Utd,29,1989,13.2,0.08,0.08,0.08,0.00,0.00,0.00,0.00,0.00,0.00,0.00,0.00,0.00,0.00,0.00,0.00,0.00,0.00,Matches
87,Leon Clarke\Leon-Clarke,eng ENG,FWMF,Sheffield Utd,34,1985,0.4,0.00,0.00,0.00,0.00,0.00,0.00,0.00,0.00,0.00,0.00,0.00,0.00,0.00,0.00,0.00,0.00,0.00,Matches
88,Tom Cleverley\Tom-Cleverley,eng ENG,MF,Watford,29,1989,10.8,2.87,2.87,2.22,0.19,0.00,0.19,0.28,0.00,0.09,0.09,0.00,0.00,0.00,0.09,0.00,0.00,0.00,Matches
89,Conor Coady\Conor-Coady,eng ENG,DF,Wolves,26,1993,38.0,0.34,0.34,0.34,0.00,0.00,0.00,0.00,0.00,0.00,0.00,0.00,0.00,0.00,0.00,0.00,0.00,0.00,Matches
90,Séamus Coleman\Seamus-Coleman,ie IRL,DF,Everton,30,1988,20.4,1.13,1.13,0.78,0.10,0.15,0.10,0.00,0.00,0.15,0.15,0.10,0.00,0.00,0.05,0.00,0.00,0.00,Matches
91,Aaron Connolly\Aaron-Connolly,ie IRL,FW,Brighton,19,2000,14.0,1.79,1.79,0.50,0.00,0.21,0.21,0.64,0.21,0.36,0.36,0.07,0.00,0.07,0.07,0.14,0.00,0.00,Matches
92,Lewis Cook\Lewis-Cook,eng ENG,MF,Bournemouth,22,1997,15.0,2.13,2.13,1.60,0.13,0.07,0.20,0.13,0.00,0.27,0.27,0.13,0.00,0.00,0.07,0.07,0.00,0.00,Matches
93,Steve Cook\Steve-Cook,eng ENG,DF,Bournemouth,28,1991,27.0,0.22,0.22,0.19,0.04,0.00,0.00,0.00,0.00,0.00,0.00,0.00,0.00,0.00,0.00,0.00,0.00,0.00,Matches
94,Jack Cork\Jack-Cork,eng ENG,MF,Burnley,30,1989,29.0,0.86,0.86,0.69,0.00,0.07,0.00,0.07,0.03,0.10,0.10,0.10,0.00,0.00,0.00,0.00,0.00,0.00,Matches
95,Aaron Cresswell\Aaron-Cresswell,eng ENG,DF,West Ham,29,1989,30.3,1.52,1.52,1.09,0.20,0.07,0.03,0.13,0.00,0.07,0.07,0.03,0.00,0.03,0.00,0.00,0.00,0.00,Matches
96,Patrick Cutrone\Patrick-Cutrone,it ITA,FW,Wolves,21,1998,3.3,0.61,0.61,0.30,0.00,0.00,0.30,0.00,0.00,0.00,0.00,0.00,0.00,0.00,0.00,0.00,0.00,0.00,Matches
97,Diogo Dalot\Diogo-Dalot,pt POR,DF,Manchester Utd,20,1999,0.7,0.00,0.00,0.00,0.00,0.00,0.00,0.00,0.00,0.00,0.00,0.00,0.00,0.00,0.00,0.00,0.00,0.00,Matches
98,Charlie Daniels\Charlie-Daniels,eng ENG,DF,Bournemouth,32,1986,1.4,2.86,2.86,2.14,0.71,0.00,0.00,0.00,0.00,0.00,0.00,0.00,0.00,0.00,0.00,0.00,0.00,0.00,Matches
99,Scott Dann\Scott-Dann,eng ENG,DF,Crystal Palace,32,1987,14.1,0.50,0.50,0.43,0.00,0.07,0.00,0.00,0.00,0.07,0.07,0.07,0.00,0.00,0.00,0.00,0.00,0.00,Matches
100,Kevin Danso\Kevin-Danso,at AUT,DF,Southampton,20,1998,3.1,0.97,0.97,0.97,0.00,0.00,0.00,0.00,0.00,0.32,0.32,0.32,0.00,0.00,0.00,0.00,0.00,0.00,Matches
101,Ben Davies\Ben-Davies,wal WAL,DF,Tottenham,26,1993,15.9,1.07,1.07,0.94,0.06,0.00,0.06,0.00,0.00,0.00,0.00,0.00,0.00,0.00,0.00,0.00,0.00,0.00,Matches
102,Tom Davies\Tom-Davies,eng ENG,MF,Everton,21,1998,22.5,1.07,1.07,0.76,0.00,0.09,0.13,0.09,0.00,0.00,0.00,0.00,0.00,0.00,0.00,0.00,0.00,0.00,Matches
103,Keinan Davis\Keinan-Davis,eng ENG,FW,Aston Villa,21,1998,6.1,3.28,3.28,1.80,0.00,0.16,0.66,0.66,0.00,0.49,0.49,0.16,0.00,0.00,0.16,0.16,0.00,0.00,Matches
104,Craig Dawson\Craig-Dawson,eng ENG,DF,Watford,29,1990,26.2,0.46,0.46,0.27,0.00,0.00,0.19,0.00,0.00,0.00,0.00,0.00,0.00,0.00,0.00,0.00,0.00,0.00,Matches
105,Kevin De Bruyne\Kevin-De-Bruyne,be BEL,MF,Manchester City,28,1991,31.0,7.16,7.16,5.06,1.26,0.35,0.13,0.29,0.06,1.10,1.10,0.81,0.06,0.06,0.03,0.10,0.03,0.00,Matches
106,Troy Deeney\Troy-Deeney,eng ENG,FW,Watford,31,1988,24.7,2.06,2.06,1.70,0.00,0.00,0.12,0.20,0.04,0.20,0.20,0.16,0.00,0.00,0.00,0.04,0.00,0.00,Matches
107,Fabian Delph\Fabian-Delph,eng ENG,MF,Everton,29,1989,13.2,1.36,1.36,1.21,0.00,0.00,0.08,0.00,0.08,0.15,0.15,0.15,0.00,0.00,0.00,0.00,0.00,0.00,Matches
108,Leander Dendoncker\Leander-Dendoncker,be BEL,MFDF,Wolves,24,1995,31.1,0.61,0.61,0.58,0.00,0.03,0.00,0.00,0.00,0.03,0.03,0.03,0.00,0.00,0.00,0.00,0.00,0.00,Matches
109,Gerard Deulofeu\Gerard-Deulofeu,es ESP,FW,Watford,25,1994,23.3,3.99,3.99,2.19,0.43,0.60,0.30,0.26,0.21,0.43,0.43,0.21,0.00,0.04,0.00,0.04,0.13,0.00,Matches
110,Eric Dier\Eric-Dier,eng ENG,DFMF,Tottenham,25,1994,14.9,0.67,0.67,0.60,0.00,0.00,0.07,0.00,0.00,0.07,0.07,0.07,0.00,0.00,0.00,0.00,0.00,0.00,Matches
111,Lucas Digne\Lucas-Digne,fr FRA,DF,Everton,26,1993,33.7,3.12,3.12,1.72,1.13,0.06,0.09,0.09,0.03,0.33,0.33,0.24,0.09,0.00,0.00,0.00,0.00,0.00,Matches
112,Virgil van Dijk\Virgil-van-Dijk,nl NED,DF,Liverpool,28,1991,38.0,0.63,0.63,0.50,0.00,0.00,0.03,0.05,0.05,0.16,0.16,0.11,0.00,0.00,0.00,0.03,0.03,0.00,Matches
113,Issa Diop\Issa-Diop,fr FRA,DF,West Ham,22,1997,30.7,0.29,0.29,0.20,0.03,0.00,0.07,0.00,0.00,0.03,0.03,0.03,0.00,0.00,0.00,0.00,0.00,0.00,Matches
114,Moussa Djenepo\Moussa-Djenepo,ml MLI,MFDF,Southampton,21,1998,10.3,3.88,3.88,1.84,0.00,1.07,0.10,0.78,0.10,0.58,0.58,0.29,0.00,0.19,0.00,0.10,0.00,0.00,Matches
115,Matt Doherty\Matt-Doherty,ie IRL,DF,Wolves,27,1992,31.5,2.03,2.03,1.52,0.03,0.19,0.22,0.06,0.00,0.48,0.48,0.22,0.00,0.10,0.13,0.03,0.00,0.00,Matches
116,Abdoulaye Doucouré\Abdoulaye-Doucoure,fr FRA,MF,Watford,26,1993,35.1,2.39,2.40,1.68,0.00,0.28,0.23,0.09,0.11,0.17,0.17,0.11,0.00,0.00,0.06,0.00,0.00,0.00,Matches
117,Thomas Doyle\Thomas-Doyle,eng ENG,MFFW,Manchester City,17,2001,0.2,0.00,0.00,0.00,0.00,0.00,0.00,0.00,0.00,0.00,0.00,0.00,0.00,0.00,0.00,0.00,0.00,0.00,Matches
118,Danny Drinkwater\Danny-Drinkwater,eng ENG,MF,Burnley,29,1990,0.6,0.00,0.00,0.00,0.00,0.00,0.00,0.00,0.00,0.00,0.00,0.00,0.00,0.00,0.00,0.00,0.00,0.00,Matches
119,Danny Drinkwater\Danny-Drinkwater,eng ENG,MF,Aston Villa,29,1990,2.9,1.38,1.39,1.03,0.00,0.00,0.00,0.34,0.00,0.00,0.00,0.00,0.00,0.00,0.00,0.00,0.00,0.00,Matches
120,Josip Drmiæ\Josip-Drmic,ch SUI,FWMF,Norwich City,26,1992,7.2,1.67,1.67,0.97,0.00,0.14,0.28,0.14,0.14,0.28,0.28,0.00,0.00,0.14,0.00,0.00,0.14,0.00,Matches
121,Martin Dúbravka\Martin-Dubravka,sk SVK,GK,Newcastle Utd,30,1989,38.0,0.05,0.05,0.03,0.03,0.00,0.00,0.00,0.00,0.00,0.00,0.00,0.00,0.00,0.00,0.00,0.00,0.00,Matches
122,Ondrej Duda\Ondrej-Duda,sk SVK,MF,Norwich City,24,1994,8.0,3.25,3.23,1.88,0.75,0.13,0.25,0.13,0.13,0.25,0.25,0.13,0.00,0.00,0.13,0.00,0.00,0.00,Matches
123,Shane Duffy\Shane-Duffy,ie IRL,DF,Brighton,27,1992,13.8,0.36,0.36,0.29,0.00,0.07,0.00,0.00,0.00,0.00,0.00,0.00,0.00,0.00,0.00,0.00,0.00,0.00,Matches
124,Paul Dummett\Paul-Dummett,wal WAL,DF,Newcastle Utd,27,1991,13.6,0.44,0.44,0.37,0.00,0.00,0.00,0.07,0.00,0.07,0.07,0.07,0.00,0.00,0.00,0.00,0.00,0.00,Matches
125,Lewis Dunk\Lewis-Dunk,eng ENG,DF,Brighton,27,1991,35.9,0.72,0.72,0.64,0.06,0.00,0.00,0.00,0.03,0.08,0.08,0.08,0.00,0.00,0.00,0.00,0.00,0.00,Matches
126,Ederson\Ederson,br BRA,GK,Manchester City,25,1993,34.1,0.12,0.12,0.12,0.00,0.00,0.00,0.00,0.00,0.03,0.03,0.03,0.00,0.00,0.00,0.00,0.00,0.00,Matches
127,John Egan\John-Egan,ie IRL,DF,Sheffield Utd,26,1992,35.4,0.17,0.17,0.08,0.00,0.00,0.08,0.00,0.00,0.03,0.03,0.00,0.00,0.00,0.03,0.00,0.00,0.00,Matches
128,Harvey Elliot\Harvey-Elliot,eng ENG,DF,Liverpool,16,2003,0.1,0.00,0.00,0.00,0.00,0.00,0.00,0.00,0.00,0.00,0.00,0.00,0.00,0.00,0.00,0.00,0.00,0.00,Matches
129,Ahmed Elmohamady\Ahmed-Elmohamady,eg EGY,DF,Aston Villa,31,1987,11.5,2.43,2.44,2.35,0.09,0.00,0.00,0.00,0.00,0.09,0.09,0.09,0.00,0.00,0.00,0.00,0.00,0.00,Matches
130,Björn Engels\Bjorn-Engels,be BEL,DF,Aston Villa,24,1994,16.1,0.37,0.37,0.31,0.00,0.00,0.06,0.00,0.00,0.00,0.00,0.00,0.00,0.00,0.00,0.00,0.00,0.00,Matches
131,Christian Eriksen\Christian-Eriksen,dk DEN,MFFW,Tottenham,27,1992,12.2,3.36,3.36,2.54,0.66,0.08,0.00,0.00,0.08,0.25,0.25,0.16,0.08,0.00,0.00,0.00,0.00,0.00,Matches
132,Jonny Evans\Jonny-Evans,nir NIR,DF,Leicester City,31,1988,37.6,0.61,0.61,0.45,0.00,0.03,0.08,0.03,0.03,0.11,0.11,0.08,0.00,0.00,0.00,0.03,0.00,0.00,Matches
133,£ukasz Fabiañski\Lukasz-Fabianski,pl POL,GK,West Ham,34,1985,23.5,0.00,0.00,0.00,0.00,0.00,0.00,0.00,0.00,0.00,0.00,0.00,0.00,0.00,0.00,0.00,0.00,0.00,Matches
134,Fabinho\Fabinho,br BRA,MF,Liverpool,25,1993,23.1,1.47,1.47,1.30,0.00,0.04,0.00,0.04,0.09,0.13,0.13,0.13,0.00,0.00,0.00,0.00,0.00,0.00,Matches
135,Ralf Fährmann\Ralf-Fahrmann,de GER,GK,Norwich City,30,1988,0.2,0.00,0.00,0.00,0.00,0.00,0.00,0.00,0.00,0.00,0.00,0.00,0.00,0.00,0.00,0.00,0.00,0.00,Matches
136,Akin Famewo\Akin-Famewo,eng ENG,MF,Norwich City,20,1998,0.0,0,0.00,0,0,0,0,0,0,0,0.00,0,0,0,0,0,0,0,Matches
137,Kiko Femenía\Kiko-Femenia,es ESP,DF,Watford,28,1991,24.9,1.33,1.33,1.08,0.12,0.04,0.00,0.04,0.04,0.12,0.12,0.00,0.04,0.04,0.00,0.04,0.00,0.00,Matches
138,Bruno Fernandes\Bruno-Fernandes,pt POR,MF,Manchester Utd,24,1994,13.2,4.39,4.40,2.95,0.91,0.08,0.15,0.23,0.08,0.91,0.91,0.45,0.23,0.00,0.00,0.23,0.00,0.00,Matches
139,Gedson Fernandes\Gedson-Fernandes,pt POR,MFDF,Tottenham,20,1999,0.8,3.75,3.97,3.75,0.00,0.00,0.00,0.00,0.00,0.00,0.00,0.00,0.00,0.00,0.00,0.00,0.00,0.00,Matches
140,Federico Fernández\Federico-Fernandez,ar ARG,DF,Newcastle Utd,30,1989,29.1,0.34,0.34,0.21,0.00,0.03,0.10,0.00,0.00,0.10,0.10,0.03,0.00,0.00,0.07,0.00,0.00,0.00,Matches
141,Fernandinho\Fernandinho,br BRA,DF,Manchester City,34,1985,26.6,1.02,1.01,0.90,0.00,0.00,0.11,0.00,0.00,0.19,0.19,0.19,0.00,0.00,0.00,0.00,0.00,0.00,Matches
142,Roberto Firmino\Roberto-Firmino,br BRA,FW,Liverpool,27,1991,33.2,2.92,2.92,2.17,0.00,0.45,0.12,0.09,0.09,0.57,0.57,0.42,0.00,0.12,0.03,0.00,0.00,0.00,Matches
143,John Fleck\John-Fleck,sco SCO,MF,Sheffield Utd,27,1991,28.0,2.61,2.61,1.71,0.57,0.18,0.07,0.00,0.07,0.18,0.18,0.14,0.00,0.04,0.00,0.00,0.00,0.00,Matches
144,Phil Foden\Phil-Foden,eng ENG,FWMF,Manchester City,19,2000,10.0,4.50,4.50,3.50,0.20,0.30,0.10,0.30,0.10,0.80,0.80,0.80,0.00,0.00,0.00,0.00,0.00,0.00,Matches
145,Pablo Fornals\Pablo-Fornals,es ESP,MFFW,West Ham,23,1996,24.1,1.99,1.99,1.58,0.17,0.04,0.08,0.12,0.00,0.37,0.37,0.37,0.00,0.00,0.00,0.00,0.00,0.00,Matches
146,Ben Foster\Ben-Foster,eng ENG,GK,Watford,36,1983,38.0,0.13,0.13,0.05,0.08,0.00,0.00,0.00,0.00,0.03,0.03,0.03,0.00,0.00,0.00,0.00,0.00,0.00,Matches
147,Timothy Fosu-Mensah\Timothy-Fosu-Mensah,nl NED,DF,Manchester Utd,21,1998,1.5,2.00,1.99,2.00,0.00,0.00,0.00,0.00,0.00,0.00,0.00,0.00,0.00,0.00,0.00,0.00,0.00,0.00,Matches
148,Dimitri Foulquier\Dimitri-Foulquier,fr FRA,MFDF,Watford,26,1993,0.7,1.43,1.53,1.43,0.00,0.00,0.00,0.00,0.00,0.00,0.00,0.00,0.00,0.00,0.00,0.00,0.00,0.00,Matches
149,Juan Foyth\Juan-Foyth,ar ARG,DF,Tottenham,21,1998,0.8,1.25,1.32,1.25,0.00,0.00,0.00,0.00,0.00,0.00,0.00,0.00,0.00,0.00,0.00,0.00,0.00,0.00,Matches
150,Simon Francis\Simon-Francis,eng ENG,DF,Bournemouth,34,1985,10.8,0.65,0.65,0.56,0.00,0.09,0.00,0.00,0.00,0.09,0.09,0.09,0.00,0.00,0.00,0.00,0.00,0.00,Matches
151,Ryan Fraser\Ryan-Fraser,sco SCO,MFFW,Bournemouth,25,1994,23.0,2.91,2.92,1.91,0.74,0.09,0.04,0.09,0.04,0.26,0.26,0.13,0.09,0.00,0.04,0.00,0.00,0.00,Matches
152,Fred\Fred,br BRA,MF,Manchester Utd,26,1993,24.0,3.54,3.54,2.67,0.33,0.17,0.08,0.21,0.08,0.04,0.04,0.04,0.00,0.00,0.00,0.00,0.00,0.00,Matches
153,Ryan Fredericks\Ryan-Fredericks,eng ENG,DF,West Ham,26,1992,24.9,1.89,1.89,1.69,0.12,0.04,0.00,0.04,0.00,0.20,0.20,0.20,0.00,0.00,0.00,0.00,0.00,0.00,Matches
154,Kieron Freeman\Kieron-Freeman,wal WAL,FW,Sheffield Utd,27,1992,0.1,0.00,0.00,0.00,0.00,0.00,0.00,0.00,0.00,0.00,0.00,0.00,0.00,0.00,0.00,0.00,0.00,0.00,Matches
155,Luke Freeman\Luke-Freeman,eng ENG,MF,Sheffield Utd,27,1992,4.1,1.22,1.23,0.98,0.00,0.00,0.00,0.24,0.00,0.00,0.00,0.00,0.00,0.00,0.00,0.00,0.00,0.00,Matches
156,Christian Fuchs\Christian-Fuchs,at AUT,DF,Leicester City,33,1986,8.6,0.81,0.82,0.81,0.00,0.00,0.00,0.00,0.00,0.35,0.35,0.35,0.00,0.00,0.00,0.00,0.00,0.00,Matches
157,Eric García\Eric-Garcia,es ESP,DF,Manchester City,18,2001,8.8,0.34,0.34,0.34,0.00,0.00,0.00,0.00,0.00,0.00,0.00,0.00,0.00,0.00,0.00,0.00,0.00,0.00,Matches
158,James Garner\James-Garner,eng ENG,MF,Manchester Utd,18,2001,0.1,10.0,10.00,0.00,0.00,0.00,0.00,10.0,0.00,0.00,0.00,0.00,0.00,0.00,0.00,0.00,0.00,0.00,Matches
159,Dwight Gayle\Dwight-Gayle,eng ENG,FW,Newcastle Utd,28,1990,9.4,1.28,1.27,0.74,0.11,0.00,0.21,0.21,0.00,0.21,0.21,0.21,0.00,0.00,0.00,0.00,0.00,0.00,Matches
160,Paulo Gazzaniga\Paulo-Gazzaniga,ar ARG,GK,Tottenham,27,1992,17.9,0.22,0.22,0.17,0.06,0.00,0.00,0.00,0.00,0.00,0.00,0.00,0.00,0.00,0.00,0.00,0.00,0.00,Matches
161,Jean-Philippe Gbamin\Jean-Philippe-Gbamin,ci CIV,MF,Everton,23,1995,1.5,0.00,0.00,0.00,0.00,0.00,0.00,0.00,0.00,0.00,0.00,0.00,0.00,0.00,0.00,0.00,0.00,0.00,Matches
162,David de Gea\David-de-Gea,es ESP,GK,Manchester Utd,28,1990,38.0,0.05,0.05,0.05,0.00,0.00,0.00,0.00,0.00,0.00,0.00,0.00,0.00,0.00,0.00,0.00,0.00,0.00,Matches
163,Anwar El Ghazi\Anwar-El-Ghazi,nl NED,FWMF,Aston Villa,24,1995,22.8,2.50,2.50,1.67,0.26,0.26,0.13,0.18,0.00,0.26,0.26,0.18,0.00,0.09,0.00,0.00,0.00,0.00,Matches
164,Morgan Gibbs-White\Morgan-Gibbs-White,eng ENG,MFFW,Wolves,19,2000,1.4,2.86,2.79,2.14,0.00,0.00,0.00,0.00,0.00,0.71,0.70,0.00,0.00,0.00,0.00,0.00,0.00,0.71,Matches
165,Billy Gilmour\Billy-Gilmour,sco SCO,MF,Chelsea,18,2001,2.2,2.73,2.78,2.27,0.00,0.00,0.00,0.45,0.00,0.45,0.46,0.45,0.00,0.00,0.00,0.00,0.00,0.00,Matches
166,Olivier Giroud\Olivier-Giroud,fr FRA,FW,Chelsea,32,1986,11.0,1.82,1.81,1.27,0.00,0.09,0.27,0.18,0.00,0.36,0.36,0.18,0.00,0.09,0.09,0.00,0.00,0.00,Matches
167,Ben Godfrey\Ben-Godfrey,eng ENG,DF,Norwich City,21,1998,29.4,0.37,0.37,0.27,0.00,0.00,0.10,0.00,0.00,0.03,0.03,0.03,0.00,0.00,0.00,0.00,0.00,0.00,Matches
168,André Gomes\Andre-Gomes,pt POR,MF,Everton,26,1993,16.2,1.79,1.79,1.54,0.06,0.12,0.00,0.06,0.00,0.12,0.12,0.06,0.00,0.00,0.00,0.06,0.00,0.00,Matches
169,Angel Gomes\Angel-Gomes,eng ENG,MF,Manchester Utd,18,2000,0.2,10.0,8.57,10.0,0.00,0.00,0.00,0.00,0.00,0.00,0.00,0.00,0.00,0.00,0.00,0.00,0.00,0.00,Matches
170,Joe Gomez\Joe-Gomez,eng ENG,DF,Liverpool,22,1997,22.3,0.72,0.72,0.67,0.00,0.00,0.04,0.00,0.00,0.18,0.18,0.13,0.00,0.00,0.04,0.00,0.00,0.00,Matches
171,Anthony Gordon\Anthony-Gordon,eng ENG,MFFW,Everton,18,2001,4.9,1.84,1.84,1.43,0.41,0.00,0.00,0.00,0.00,0.20,0.20,0.20,0.00,0.00,0.00,0.00,0.00,0.00,Matches
172,Dan Gosling\Dan-Gosling,eng ENG,MF,Bournemouth,29,1990,14.0,1.29,1.28,1.07,0.00,0.00,0.07,0.14,0.00,0.07,0.07,0.07,0.00,0.00,0.00,0.00,0.00,0.00,Matches
173,Andre Gray\Andre-Gray,eng ENG,FW,Watford,28,1991,8.4,1.79,1.79,1.31,0.00,0.12,0.24,0.00,0.12,0.12,0.12,0.00,0.00,0.00,0.12,0.00,0.00,0.00,Matches
174,Demarai Gray\Demarai-Gray,eng ENG,MFFW,Leicester City,23,1996,6.9,4.20,4.20,3.62,0.14,0.14,0.14,0.14,0.00,0.87,0.87,0.72,0.00,0.00,0.00,0.14,0.00,0.00,Matches
175,Jack Grealish\Jack-Grealish,eng ENG,FWMF,Aston Villa,23,1995,35.9,5.18,5.18,3.62,0.61,0.31,0.06,0.53,0.06,0.42,0.42,0.31,0.03,0.06,0.00,0.03,0.00,0.00,Matches
176,Mason Greenwood\Mason-Greenwood,eng ENG,FW,Manchester Utd,17,2001,14.7,2.45,2.45,2.18,0.00,0.14,0.00,0.14,0.00,0.48,0.48,0.48,0.00,0.00,0.00,0.00,0.00,0.00,Matches
177,Arnaut Groeneveld\Arnaut-Groeneveld,nl NED,MF,Bournemouth,22,1997,7.0,1.14,1.14,0.71,0.14,0.00,0.00,0.29,0.00,0.00,0.00,0.00,0.00,0.00,0.00,0.00,0.00,0.00,Matches
178,Pascal Groß\Pascal-Gross,de GER,FWMF,Brighton,28,1991,20.0,4.75,4.76,2.55,1.65,0.20,0.05,0.10,0.10,0.45,0.45,0.15,0.15,0.00,0.00,0.00,0.05,0.10,Matches
179,Vicente Guaita\Vicente-Guaita,es ESP,GK,Crystal Palace,32,1987,35.0,0.09,0.09,0.09,0.00,0.00,0.00,0.00,0.00,0.03,0.03,0.03,0.00,0.00,0.00,0.00,0.00,0.00,Matches
180,Mattéo Guendouzi\Matteo-Guendouzi,fr FRA,MF,Arsenal,20,1999,19.4,1.75,1.75,1.34,0.00,0.15,0.10,0.15,0.00,0.10,0.10,0.05,0.00,0.00,0.00,0.05,0.00,0.00,Matches
181,Frederic Guilbert\Frederic-Guilbert,fr FRA,DF,Aston Villa,24,1994,22.7,1.41,1.41,1.10,0.18,0.00,0.04,0.09,0.00,0.18,0.18,0.18,0.00,0.00,0.00,0.00,0.00,0.00,Matches
182,?lkay Gündo?an\Ilkay-Gundogan,de GER,MF,Manchester City,28,1990,22.4,3.35,3.34,2.86,0.09,0.04,0.13,0.13,0.09,0.18,0.18,0.13,0.00,0.00,0.00,0.00,0.04,0.00,Matches
183,Angus Gunn\Angus-Gunn,eng ENG,GK,Southampton,23,1996,10.0,0.00,0.00,0.00,0.00,0.00,0.00,0.00,0.00,0.00,0.00,0.00,0.00,0.00,0.00,0.00,0.00,0.00,Matches
184,Sébastien Haller\Sebastien-Haller,ci CIV,FW,West Ham,25,1994,25.2,2.06,2.07,1.67,0.04,0.04,0.16,0.12,0.04,0.28,0.28,0.12,0.00,0.00,0.08,0.08,0.00,0.00,Matches
185,Grant Hanley\Grant-Hanley,sco SCO,DF,Norwich City,27,1991,14.0,0.14,0.14,0.14,0.00,0.00,0.00,0.00,0.00,0.00,0.00,0.00,0.00,0.00,0.00,0.00,0.00,0.00,Matches
186,Kortney Hause\Kortney-Hause,eng ENG,DF,Aston Villa,24,1995,17.2,0.47,0.47,0.41,0.00,0.00,0.06,0.00,0.00,0.06,0.06,0.00,0.00,0.00,0.06,0.00,0.00,0.00,Matches
187,Isaac Hayden\Isaac-Hayden,eng ENG,MF,Newcastle Utd,24,1995,24.7,1.21,1.21,0.85,0.00,0.00,0.08,0.12,0.16,0.16,0.16,0.04,0.00,0.00,0.04,0.04,0.04,0.00,Matches
188,Tom Heaton\Tom-Heaton,eng ENG,GK,Aston Villa,33,1986,19.9,0.00,0.00,0.00,0.00,0.00,0.00,0.00,0.00,0.00,0.00,0.00,0.00,0.00,0.00,0.00,0.00,0.00,Matches
189,Dean Henderson\Dean-Henderson,eng ENG,GK,Sheffield Utd,22,1997,36.0,0.11,0.11,0.06,0.06,0.00,0.00,0.00,0.00,0.00,0.00,0.00,0.00,0.00,0.00,0.00,0.00,0.00,Matches
190,Jordan Henderson\Jordan-Henderson,eng ENG,MF,Liverpool,29,1990,24.9,1.85,1.85,1.65,0.04,0.04,0.12,0.00,0.00,0.28,0.28,0.24,0.00,0.00,0.04,0.00,0.00,0.00,Matches
191,Jeff Hendrick\Jeff-Hendrick,ie IRL,MF,Burnley,27,1992,21.5,1.26,1.26,0.98,0.14,0.05,0.09,0.00,0.00,0.05,0.05,0.05,0.00,0.00,0.00,0.00,0.00,0.00,Matches
192,Wayne Hennessey\Wayne-Hennessey,wal WAL,GK,Crystal Palace,32,1987,3.0,0.33,0.33,0.00,0.33,0.00,0.00,0.00,0.00,0.00,0.00,0.00,0.00,0.00,0.00,0.00,0.00,0.00,Matches
193,Javier Hernández\Javier-Hernandez,mx MEX,FW,West Ham,31,1988,1.2,1.67,1.68,0.83,0.00,0.00,0.83,0.00,0.00,0.00,0.00,0.00,0.00,0.00,0.00,0.00,0.00,0.00,Matches
194,Onel Hernández\Onel-Hernandez,cu CUB,FWMF,Norwich City,26,1993,15.4,2.86,2.86,1.75,0.06,0.65,0.19,0.13,0.06,0.26,0.26,0.19,0.00,0.06,0.00,0.00,0.00,0.00,Matches
195,Son Heung-min\Son-Heung-min,kr KOR,FWMF,Tottenham,27,1992,27.5,3.49,3.49,2.18,0.25,0.55,0.36,0.11,0.04,0.80,0.80,0.47,0.04,0.11,0.15,0.04,0.00,0.00,Matches
196,George Hirst\George-Hirst,eng ENG,FW,Leicester City,20,1999,0.1,20.0,16.36,0.00,0.00,0.00,0.00,20.0,0.00,0.00,0.00,0.00,0.00,0.00,0.00,0.00,0.00,0.00,Matches
197,Rob Holding\Rob-Holding,eng ENG,DF,Arsenal,23,1995,6.5,0.31,0.31,0.31,0.00,0.00,0.00,0.00,0.00,0.00,0.00,0.00,0.00,0.00,0.00,0.00,0.00,0.00,Matches
198,José Holebas\Jose-Holebas,gr GRE,DF,Watford,35,1984,11.4,1.67,1.67,0.70,0.70,0.09,0.09,0.00,0.09,0.00,0.00,0.00,0.00,0.00,0.00,0.00,0.00,0.00,Matches
199,Mason Holgate\Mason-Holgate,eng ENG,DF,Everton,22,1996,22.8,0.79,0.79,0.39,0.00,0.04,0.26,0.04,0.04,0.22,0.22,0.13,0.00,0.00,0.09,0.00,0.00,0.00,Matches
200,Nathan Holland\Nathan-Holland,eng ENG,MF,West Ham,21,1998,0.4,0.00,0.00,0.00,0.00,0.00,0.00,0.00,0.00,0.00,0.00,0.00,0.00,0.00,0.00,0.00,0.00,0.00,Matches
201,Conor Hourihane\Conor-Hourihane,ie IRL,MF,Aston Villa,28,1991,17.0,3.35,3.34,1.47,1.59,0.00,0.12,0.18,0.00,0.41,0.41,0.12,0.29,0.00,0.00,0.00,0.00,0.00,Matches
202,Callum Hudson-Odoi\Callum-Hudson-Odoi,eng ENG,FW,Chelsea,18,2000,9.6,4.69,4.69,3.65,0.10,0.42,0.31,0.21,0.00,0.63,0.63,0.63,0.00,0.00,0.00,0.00,0.00,0.00,Matches
203,Will Hughes\Will-Hughes,eng ENG,MFFW,Watford,24,1995,25.0,2.04,2.04,1.16,0.44,0.04,0.00,0.20,0.20,0.12,0.12,0.08,0.04,0.00,0.00,0.00,0.00,0.00,Matches
204,Pierre H?jbjerg\Pierre-Hojbjerg,dk DEN,MF,Southampton,23,1995,30.6,2.09,2.09,1.73,0.03,0.07,0.07,0.16,0.03,0.16,0.16,0.10,0.00,0.00,0.00,0.07,0.00,0.00,Matches
205,Jordon Ibe\Jordon-Ibe,eng ENG,DF,Bournemouth,23,1995,0.6,0.00,0.00,0.00,0.00,0.00,0.00,0.00,0.00,0.00,0.00,0.00,0.00,0.00,0.00,0.00,0.00,0.00,Matches
206,Adam Idah\Adam-Idah,ie IRL,FWMF,Norwich City,18,2001,2.5,0.40,0.39,0.40,0.00,0.00,0.00,0.00,0.00,0.00,0.00,0.00,0.00,0.00,0.00,0.00,0.00,0.00,Matches
207,Odion Ighalo\Odion-Ighalo,ng NGA,FW,Manchester Utd,30,1989,1.1,4.55,4.46,2.73,0.00,1.82,0.00,0.00,0.00,0.00,0.00,0.00,0.00,0.00,0.00,0.00,0.00,0.00,Matches
208,Kelechi Iheanacho\Kelechi-Iheanacho,ng NGA,FW,Leicester City,22,1996,10.7,3.64,3.66,2.24,0.00,0.75,0.37,0.28,0.00,0.47,0.47,0.28,0.00,0.09,0.00,0.09,0.00,0.00,Matches
209,Danny Ings\Danny-Ings,eng ENG,FW,Southampton,27,1992,31.2,2.92,2.92,1.76,0.00,0.45,0.29,0.26,0.16,0.42,0.42,0.16,0.00,0.16,0.03,0.03,0.03,0.00,Matches
210,Alex Iwobi\Alex-Iwobi,ng NGA,MFFW,Everton,23,1996,17.7,2.49,2.48,2.32,0.00,0.11,0.06,0.00,0.00,0.11,0.11,0.11,0.00,0.00,0.00,0.00,0.00,0.00,Matches
211,Phil Jagielka\Phil-Jagielka,eng ENG,DF,Sheffield Utd,36,1982,2.7,0.00,0.00,0.00,0.00,0.00,0.00,0.00,0.00,0.00,0.00,0.00,0.00,0.00,0.00,0.00,0.00,0.00,Matches
212,Alireza Jahanbakhsh\Alireza-Jahanbakhsh,ir IRN,FWMF,Brighton,25,1993,3.5,2.29,2.32,1.43,0.00,0.29,0.00,0.29,0.00,0.29,0.29,0.00,0.00,0.00,0.00,0.00,0.00,0.29,Matches
213,Daniel James\Daniel-James,wal WAL,FW,Manchester Utd,21,1997,25.4,2.52,2.52,1.73,0.00,0.16,0.20,0.43,0.00,0.31,0.31,0.31,0.00,0.00,0.00,0.00,0.00,0.00,Matches
214,Matty James\Matty-James,eng ENG,MF,Leicester City,28,1991,0.1,0.00,0.00,0.00,0.00,0.00,0.00,0.00,0.00,0.00,0.00,0.00,0.00,0.00,0.00,0.00,0.00,0.00,Matches
215,Reece James\Reece-James,eng ENG,DF,Chelsea,19,1999,16.8,2.86,2.85,1.96,0.48,0.06,0.06,0.30,0.00,0.24,0.24,0.24,0.00,0.00,0.00,0.00,0.00,0.00,Matches
216,Daryl Janmaat\Daryl-Janmaat,nl NED,DF,Watford,30,1989,6.7,2.09,2.08,1.94,0.00,0.15,0.00,0.00,0.00,0.15,0.15,0.15,0.00,0.00,0.00,0.00,0.00,0.00,Matches
217,Gabriel Jesus\Gabriel-Jesus,br BRA,FW,Manchester City,22,1997,22.6,3.14,3.15,2.12,0.00,0.58,0.35,0.04,0.04,0.58,0.58,0.40,0.00,0.13,0.04,0.00,0.00,0.00,Matches
218,Raúl Jiménez\Raul-Jimenez,mx MEX,FW,Wolves,28,1991,36.0,2.42,2.42,1.58,0.00,0.36,0.22,0.14,0.11,0.33,0.33,0.19,0.00,0.06,0.03,0.06,0.00,0.00,Matches
219,Joelinton\Joelinton,br BRA,FW,Newcastle Utd,22,1996,29.8,1.95,1.95,1.61,0.03,0.07,0.13,0.10,0.00,0.10,0.10,0.10,0.00,0.00,0.00,0.00,0.00,0.00,Matches
220,Ben Johnson\Ben-Johnson,eng ENG,DF,West Ham,19,2000,3.0,1.67,1.67,1.33,0.33,0.00,0.00,0.00,0.00,0.67,0.67,0.67,0.00,0.00,0.00,0.00,0.00,0.00,Matches
221,Curtis Jones\Curtis-Jones,eng ENG,MF,Liverpool,18,2001,1.4,2.14,2.14,1.43,0.00,0.71,0.00,0.00,0.00,0.71,0.71,0.71,0.00,0.00,0.00,0.00,0.00,0.00,Matches
222,Phil Jones\Phil-Jones,eng ENG,DF,Manchester Utd,27,1992,1.5,0.00,0.00,0.00,0.00,0.00,0.00,0.00,0.00,0.00,0.00,0.00,0.00,0.00,0.00,0.00,0.00,0.00,Matches
223,Bruno Jord?o\Bruno-Jordao,pt POR,FW,Wolves,20,1998,0.1,0.00,0.00,0.00,0.00,0.00,0.00,0.00,0.00,0.00,0.00,0.00,0.00,0.00,0.00,0.00,0.00,0.00,Matches
224,Jorginho\Jorginho,it ITA,MF,Chelsea,27,1991,26.4,2.50,2.50,2.31,0.00,0.00,0.04,0.11,0.04,0.23,0.23,0.19,0.00,0.00,0.00,0.04,0.00,0.00,Matches
225,Jota\Jota,es ESP,FWMF,Aston Villa,28,1991,3.7,2.16,2.15,1.89,0.00,0.00,0.00,0.27,0.00,0.27,0.27,0.27,0.00,0.00,0.00,0.00,0.00,0.00,Matches
226,Diogo Jota\Diogo-Jota,pt POR,FWMF,Wolves,22,1996,25.4,3.58,3.59,2.01,0.04,0.63,0.31,0.51,0.08,0.24,0.24,0.16,0.00,0.00,0.04,0.04,0.00,0.00,Matches
227,James Justin\James-Justin,eng ENG,DF,Leicester City,21,1998,11.2,2.14,2.13,1.79,0.00,0.00,0.00,0.27,0.09,0.18,0.18,0.18,0.00,0.00,0.00,0.00,0.00,0.00,Matches
228,Christian Kabasele\Christian-Kabasele,be BEL,DF,Watford,28,1991,25.0,0.28,0.28,0.24,0.00,0.00,0.00,0.04,0.00,0.08,0.08,0.08,0.00,0.00,0.00,0.00,0.00,0.00,Matches
229,Harry Kane\Harry-Kane,eng ENG,FW,Tottenham,26,1993,28.7,1.88,1.88,1.29,0.00,0.24,0.14,0.17,0.03,0.21,0.21,0.10,0.00,0.00,0.07,0.03,0.00,0.00,Matches
230,N'Golo Kanté\NGolo-Kante,fr FRA,MF,Chelsea,28,1991,19.2,2.76,2.75,2.45,0.00,0.00,0.05,0.16,0.10,0.05,0.05,0.05,0.00,0.00,0.00,0.00,0.00,0.00,Matches
231,Moise Kean\Moise-Kean,it ITA,FW,Everton,19,2000,9.5,3.05,3.06,1.47,0.00,0.84,0.32,0.21,0.21,0.21,0.21,0.00,0.00,0.00,0.11,0.00,0.11,0.00,Matches
232,Michael Keane\Michael-Keane,eng ENG,DF,Everton,26,1993,28.4,0.35,0.35,0.35,0.00,0.00,0.00,0.00,0.00,0.04,0.04,0.04,0.00,0.00,0.00,0.00,0.00,0.00,Matches
233,Naby Ke?ta\Naby-Keita,gn GUI,MF,Liverpool,24,1995,9.1,3.52,3.53,3.08,0.11,0.22,0.11,0.00,0.00,0.55,0.55,0.55,0.00,0.00,0.00,0.00,0.00,0.00,Matches
234,Lloyd Kelly\Lloyd-Kelly,eng ENG,DF,Bournemouth,20,1998,7.1,0.70,0.70,0.56,0.14,0.00,0.00,0.00,0.00,0.14,0.14,0.14,0.00,0.00,0.00,0.00,0.00,0.00,Matches
235,Martin Kelly\Martin-Kelly,eng ENG,DF,Crystal Palace,29,1990,17.2,0.52,0.52,0.52,0.00,0.00,0.00,0.00,0.00,0.06,0.06,0.06,0.00,0.00,0.00,0.00,0.00,0.00,Matches
236,Max Kilman\Max-Kilman,eng ENG,DF,Wolves,22,1997,2.1,0.00,0.00,0.00,0.00,0.00,0.00,0.00,0.00,0.00,0.00,0.00,0.00,0.00,0.00,0.00,0.00,0.00,Matches
237,Joshua King\Joshua-King,no NOR,FWMF,Bournemouth,27,1992,22.3,2.56,2.55,1.66,0.00,0.49,0.13,0.22,0.04,0.36,0.36,0.18,0.00,0.09,0.04,0.04,0.00,0.00,Matches
238,Timm Klose\Timm-Klose,ch SUI,DF,Norwich City,31,1988,6.5,0.31,0.31,0.31,0.00,0.00,0.00,0.00,0.00,0.00,0.00,0.00,0.00,0.00,0.00,0.00,0.00,0.00,Matches
239,Jonathan Kodjia\Jonathan-Kodjia,ci CIV,FWMF,Aston Villa,29,1989,1.3,2.31,2.31,1.54,0.00,0.77,0.00,0.00,0.00,0.00,0.00,0.00,0.00,0.00,0.00,0.00,0.00,0.00,Matches
240,Sead Kolašinac\Sead-Kolasinac,ba BIH,DF,Arsenal,26,1993,18.9,0.95,0.95,0.95,0.00,0.00,0.00,0.00,0.00,0.11,0.11,0.11,0.00,0.00,0.00,0.00,0.00,0.00,Matches
241,Ezri Konsa\Ezri-Konsa,eng ENG,DF,Aston Villa,21,1997,22.7,0.66,0.66,0.40,0.00,0.04,0.09,0.09,0.04,0.09,0.09,0.04,0.00,0.00,0.04,0.00,0.00,0.00,Matches
242,Cheikhou Kouyaté\Cheikhou-Kouyate,sn SEN,MFDF,Crystal Palace,29,1989,28.1,0.57,0.57,0.50,0.00,0.04,0.04,0.00,0.00,0.04,0.04,0.04,0.00,0.00,0.00,0.00,0.00,0.00,Matches
243,Mateo Kovaèiæ\Mateo-Kovacic,hr CRO,MF,Chelsea,25,1994,23.0,2.78,2.78,2.61,0.00,0.09,0.04,0.04,0.00,0.30,0.30,0.30,0.00,0.00,0.00,0.00,0.00,0.00,Matches
244,Emil Krafth\Emil-Krafth,se SWE,DF,Newcastle Utd,24,1994,11.3,0.35,0.35,0.35,0.00,0.00,0.00,0.00,0.00,0.09,0.09,0.09,0.00,0.00,0.00,0.00,0.00,0.00,Matches
245,Tim Krul\Tim-Krul,nl NED,GK,Norwich City,31,1988,36.0,0.06,0.06,0.03,0.03,0.00,0.00,0.00,0.00,0.03,0.03,0.03,0.00,0.00,0.00,0.00,0.00,0.00,Matches
246,Alexandre Lacazette\Alexandre-Lacazette,fr FRA,FW,Arsenal,28,1991,20.8,2.88,2.88,1.73,0.00,0.24,0.43,0.38,0.10,0.72,0.72,0.24,0.00,0.14,0.19,0.05,0.10,0.00,Matches
247,Adam Lallana\Adam-Lallana,eng ENG,MFFW,Liverpool,31,1988,4.2,2.14,2.12,1.67,0.00,0.24,0.00,0.24,0.00,0.24,0.24,0.24,0.00,0.00,0.00,0.00,0.00,0.00,Matches
248,Érik Lamela\Erik-Lamela,ar ARG,MFFW,Tottenham,27,1992,13.5,3.63,3.63,2.00,0.37,0.22,0.30,0.52,0.15,0.67,0.67,0.22,0.07,0.00,0.22,0.07,0.00,0.07,Matches
249,Tariq Lamptey\Tariq-Lamptey,eng ENG,DF,Chelsea,18,2000,0.4,2.50,2.81,2.50,0.00,0.00,0.00,0.00,0.00,0.00,0.00,0.00,0.00,0.00,0.00,0.00,0.00,0.00,Matches
250,Tariq Lamptey\Tariq-Lamptey,eng ENG,DF,Brighton,18,2000,6.5,1.54,1.53,0.92,0.15,0.15,0.15,0.15,0.00,0.31,0.31,0.15,0.15,0.00,0.00,0.00,0.00,0.00,Matches
251,Henri Lansbury\Henri-Lansbury,eng ENG,MF,Aston Villa,28,1990,2.2,0.91,0.92,0.91,0.00,0.00,0.00,0.00,0.00,0.00,0.00,0.00,0.00,0.00,0.00,0.00,0.00,0.00,Matches
252,Manuel Lanzini\Manuel-Lanzini,ar ARG,MFFW,West Ham,26,1993,15.3,3.79,3.79,2.55,0.72,0.07,0.07,0.33,0.07,0.33,0.33,0.13,0.00,0.00,0.00,0.20,0.00,0.00,Matches
253,Aymeric Laporte\Aymeric-Laporte,fr FRA,DF,Manchester City,25,1994,12.2,0.66,0.66,0.57,0.00,0.00,0.08,0.00,0.00,0.00,0.00,0.00,0.00,0.00,0.00,0.00,0.00,0.00,Matches
254,Jamaal Lascelles\Jamaal-Lascelles,eng ENG,DF,Newcastle Utd,25,1993,23.1,0.30,0.30,0.22,0.00,0.00,0.04,0.04,0.00,0.00,0.00,0.00,0.00,0.00,0.00,0.00,0.00,0.00,Matches
255,Valentino Lazaro\Valentino-Lazaro,at AUT,DFMF,Newcastle Utd,23,1996,5.3,1.51,1.50,0.75,0.38,0.19,0.19,0.00,0.00,0.00,0.00,0.00,0.00,0.00,0.00,0.00,0.00,0.00,Matches
256,Moritz Leitner\Moritz-Leitner,de GER,MF,Norwich City,26,1992,7.6,2.11,2.10,1.84,0.13,0.00,0.00,0.13,0.00,0.00,0.00,0.00,0.00,0.00,0.00,0.00,0.00,0.00,Matches
257,Florian Lejeune\Florian-Lejeune,fr FRA,DF,Newcastle Utd,28,1991,4.9,0.20,0.20,0.20,0.00,0.00,0.00,0.00,0.00,0.00,0.00,0.00,0.00,0.00,0.00,0.00,0.00,0.00,Matches
258,Aaron Lennon\Aaron-Lennon,eng ENG,MF,Burnley,32,1987,5.5,1.27,1.27,1.09,0.00,0.00,0.00,0.18,0.00,0.18,0.18,0.18,0.00,0.00,0.00,0.00,0.00,0.00,Matches
259,Bernd Leno\Bernd-Leno,de GER,GK,Arsenal,27,1992,29.4,0.03,0.03,0.03,0.00,0.00,0.00,0.00,0.00,0.00,0.00,0.00,0.00,0.00,0.00,0.00,0.00,0.00,Matches
260,Jefferson Lerma\Jefferson-Lerma,co COL,MF,Bournemouth,24,1994,30.0,1.17,1.17,0.93,0.00,0.07,0.00,0.13,0.03,0.07,0.07,0.07,0.00,0.00,0.00,0.00,0.00,0.00,Matches
261,Jamal Lewis\Jamal-Lewis,nir NIR,DF,Norwich City,21,1998,25.6,1.25,1.25,1.02,0.08,0.12,0.00,0.04,0.00,0.04,0.04,0.04,0.00,0.00,0.00,0.00,0.00,0.00,Matches
262,Victor Lindelöf\Victor-Lindelof,se SWE,DF,Manchester Utd,25,1994,34.4,0.49,0.49,0.44,0.03,0.00,0.03,0.00,0.00,0.06,0.06,0.06,0.00,0.00,0.00,0.00,0.00,0.00,Matches
263,Jesse Lingard\Jesse-Lingard,eng ENG,MFFW,Manchester Utd,26,1992,10.4,3.85,3.85,3.17,0.00,0.19,0.10,0.19,0.19,0.38,0.39,0.29,0.00,0.00,0.00,0.00,0.10,0.00,Matches
264,Hugo Lloris\Hugo-Lloris,fr FRA,GK,Tottenham,32,1986,20.1,0.05,0.05,0.00,0.05,0.00,0.00,0.00,0.00,0.00,0.00,0.00,0.00,0.00,0.00,0.00,0.00,0.00,Matches
265,Giovani Lo Celso\Giovani-Lo-Celso,ar ARG,MFFW,Tottenham,23,1996,16.6,3.61,3.62,2.65,0.54,0.12,0.06,0.18,0.06,0.36,0.36,0.30,0.00,0.00,0.06,0.00,0.00,0.00,Matches
266,Jürgen Locadia\Jurgen-Locadia,nl NED,MFFW,Brighton,25,1993,1.0,1.00,1.05,1.00,0.00,0.00,0.00,0.00,0.00,0.00,0.00,0.00,0.00,0.00,0.00,0.00,0.00,0.00,Matches
267,Ruben Loftus-Cheek\Ruben-Loftus-Cheek,eng ENG,MFFW,Chelsea,23,1996,2.3,0.87,0.87,0.87,0.00,0.00,0.00,0.00,0.00,0.43,0.43,0.43,0.00,0.00,0.00,0.00,0.00,0.00,Matches
268,Kevin Long\Kevin-Long,ie IRL,DF,Burnley,28,1990,6.3,0.32,0.32,0.00,0.16,0.00,0.16,0.00,0.00,0.16,0.16,0.00,0.16,0.00,0.00,0.00,0.00,0.00,Matches
269,Shane Long\Shane-Long,ie IRL,FW,Southampton,32,1987,15.5,2.00,2.00,1.61,0.00,0.06,0.26,0.06,0.00,0.19,0.19,0.06,0.00,0.00,0.13,0.00,0.00,0.00,Matches
270,Matthew Longstaff\Matthew-Longstaff,eng ENG,MF,Newcastle Utd,19,2000,6.4,0.94,0.94,0.94,0.00,0.00,0.00,0.00,0.00,0.16,0.16,0.16,0.00,0.00,0.00,0.00,0.00,0.00,Matches
271,Sean Longstaff\Sean-Longstaff,eng ENG,MF,Newcastle Utd,21,1997,15.3,2.09,2.09,1.24,0.46,0.07,0.13,0.13,0.07,0.20,0.20,0.07,0.00,0.00,0.07,0.00,0.07,0.00,Matches
272,Dejan Lovren\Dejan-Lovren,hr CRO,DF,Liverpool,30,1989,8.6,0.58,0.58,0.58,0.00,0.00,0.00,0.00,0.00,0.23,0.23,0.23,0.00,0.00,0.00,0.00,0.00,0.00,Matches
273,Matthew Lowton\Matthew-Lowton,eng ENG,DF,Burnley,30,1989,17.0,1.06,1.06,0.94,0.00,0.00,0.00,0.06,0.06,0.06,0.06,0.06,0.00,0.00,0.00,0.00,0.00,0.00,Matches
274,David Luiz\David-Luiz,br BRA,DF,Arsenal,32,1987,31.2,0.35,0.35,0.26,0.00,0.00,0.03,0.00,0.06,0.13,0.13,0.13,0.00,0.00,0.00,0.00,0.00,0.00,Matches
275,Douglas Luiz\Douglas-Luiz,br BRA,MF,Aston Villa,21,1998,29.0,1.52,1.52,1.17,0.03,0.10,0.00,0.10,0.10,0.10,0.10,0.07,0.00,0.00,0.00,0.00,0.03,0.00,Matches
276,John Lundstram\John-Lundstram,eng ENG,MF,Sheffield Utd,25,1994,27.3,1.65,1.65,1.32,0.04,0.00,0.18,0.07,0.04,0.22,0.22,0.18,0.00,0.00,0.04,0.00,0.00,0.00,Matches
277,Alexis Mac Allister\Alexis-Mac-Allister,ar ARG,MFFW,Brighton,20,1998,3.9,2.82,2.81,1.03,0.77,0.51,0.51,0.00,0.00,0.00,0.00,0.00,0.00,0.00,0.00,0.00,0.00,0.00,Matches
278,James Maddison\James-Maddison,eng ENG,MF,Leicester City,22,1996,29.2,5.79,5.80,2.60,1.82,0.55,0.24,0.55,0.03,0.45,0.45,0.24,0.14,0.03,0.00,0.00,0.03,0.00,Matches
279,Harry Maguire\Harry-Maguire,eng ENG,DF,Manchester Utd,26,1993,38.0,0.82,0.82,0.74,0.03,0.00,0.03,0.00,0.03,0.00,0.00,0.00,0.00,0.00,0.00,0.00,0.00,0.00,Matches
280,Riyad Mahrez\Riyad-Mahrez,dz ALG,FW,Manchester City,28,1991,21.6,6.48,6.48,4.17,0.60,0.93,0.19,0.46,0.14,1.44,1.44,0.79,0.09,0.23,0.05,0.23,0.05,0.00,Matches
281,Ainsley Maitland-Niles\Ainsley-Maitland-Niles,eng ENG,DF,Arsenal,21,1997,15.4,1.36,1.36,1.10,0.06,0.06,0.00,0.06,0.06,0.19,0.19,0.13,0.00,0.00,0.00,0.00,0.06,0.00,Matches
282,Sadio Mané\Sadio-Mane,sn SEN,FW,Liverpool,27,1992,30.5,3.57,3.57,2.79,0.00,0.20,0.10,0.43,0.07,0.52,0.52,0.30,0.00,0.00,0.03,0.16,0.03,0.00,Matches
283,Javier Manquillo\Javier-Manquillo,es ESP,DF,Newcastle Utd,25,1994,17.8,0.79,0.79,0.67,0.06,0.00,0.00,0.06,0.00,0.17,0.17,0.06,0.06,0.00,0.00,0.06,0.00,0.00,Matches
284,Solly March\Solly-March,eng ENG,DFFW,Brighton,25,1994,12.7,2.52,2.52,1.89,0.24,0.24,0.00,0.16,0.00,0.16,0.16,0.16,0.00,0.00,0.00,0.00,0.00,0.00,Matches
285,Pablo Marí\Pablo-Mari,es ESP,DF,Arsenal,25,1993,1.3,0.00,0.00,0.00,0.00,0.00,0.00,0.00,0.00,0.00,0.00,0.00,0.00,0.00,0.00,0.00,0.00,0.00,Matches
286,Adrian Mariappa\Adrian-Mariappa,jm JAM,DF,Watford,32,1986,16.8,0.60,0.59,0.60,0.00,0.00,0.00,0.00,0.00,0.06,0.06,0.06,0.00,0.00,0.00,0.00,0.00,0.00,Matches
287,Anthony Martial\Anthony-Martial,fr FRA,FW,Manchester Utd,23,1995,29.2,3.25,3.26,2.47,0.00,0.41,0.10,0.17,0.10,0.65,0.65,0.45,0.00,0.07,0.03,0.07,0.03,0.00,Matches
288,David Martin\David-Martin,eng ENG,GK,West Ham,33,1986,4.8,0.00,0.00,0.00,0.00,0.00,0.00,0.00,0.00,0.00,0.00,0.00,0.00,0.00,0.00,0.00,0.00,0.00,Matches
289,Josh Martin\Josh-Martin,eng ENG,FW,Norwich City,17,2001,0.4,0.00,0.00,0.00,0.00,0.00,0.00,0.00,0.00,0.00,0.00,0.00,0.00,0.00,0.00,0.00,0.00,0.00,Matches
290,Martinelli\Martinelli,br BRA,FW,Arsenal,18,2001,7.4,0.95,0.95,0.68,0.00,0.14,0.00,0.14,0.00,0.00,0.00,0.00,0.00,0.00,0.00,0.00,0.00,0.00,Matches
291,Emiliano Martínez\Emiliano-Martinez,ar ARG,GK,Arsenal,26,1992,8.6,0.00,0.00,0.00,0.00,0.00,0.00,0.00,0.00,0.00,0.00,0.00,0.00,0.00,0.00,0.00,0.00,0.00,Matches
292,Adam Masina\Adam-Masina,it ITA,DF,Watford,25,1994,20.2,0.99,0.99,0.89,0.10,0.00,0.00,0.00,0.00,0.05,0.05,0.00,0.05,0.00,0.00,0.00,0.00,0.00,Matches
293,Arthur Masuaku\Arthur-Masuaku,cd COD,DF,West Ham,25,1993,10.4,0.96,0.96,0.96,0.00,0.00,0.00,0.00,0.00,0.10,0.10,0.10,0.00,0.00,0.00,0.00,0.00,0.00,Matches
294,Juan Mata\Juan-Mata,es ESP,MFFW,Manchester Utd,31,1988,8.4,4.52,4.51,3.69,0.36,0.12,0.24,0.12,0.00,0.24,0.24,0.24,0.00,0.00,0.00,0.00,0.00,0.00,Matches
295,Nemanja Matiæ\Nemanja-Matic,rs SRB,MF,Manchester Utd,30,1988,17.6,2.44,2.45,2.27,0.00,0.11,0.00,0.06,0.00,0.23,0.23,0.23,0.00,0.00,0.00,0.00,0.00,0.00,Matches
296,Joël Matip\Joel-Matip,cm CMR,DF,Liverpool,27,1991,7.8,0.64,0.64,0.51,0.00,0.00,0.00,0.13,0.00,0.00,0.00,0.00,0.00,0.00,0.00,0.00,0.00,0.00,Matches
297,Neal Maupay\Neal-Maupay,fr FRA,FW,Brighton,22,1996,30.7,2.35,2.34,1.66,0.00,0.23,0.29,0.13,0.03,0.23,0.23,0.20,0.00,0.03,0.00,0.00,0.00,0.00,Matches
298,James McArthur\James-McArthur,sco SCO,MF,Crystal Palace,31,1987,34.3,1.78,1.78,1.49,0.00,0.09,0.06,0.12,0.03,0.26,0.26,0.15,0.00,0.00,0.03,0.09,0.00,0.00,Matches
299,Oliver McBurnie\Oliver-McBurnie,sco SCO,FW,Sheffield Utd,23,1996,23.5,1.19,1.19,0.98,0.00,0.04,0.13,0.04,0.00,0.09,0.09,0.00,0.00,0.00,0.09,0.00,0.00,0.00,Matches
300,Alex McCarthy\Alex-McCarthy,eng ENG,GK,Southampton,29,1989,28.0,0.14,0.14,0.07,0.07,0.00,0.00,0.00,0.00,0.00,0.00,0.00,0.00,0.00,0.00,0.00,0.00,0.00,Matches
301,James McCarthy\James-McCarthy,ie IRL,MF,Crystal Palace,28,1990,18.7,1.50,1.50,0.75,0.70,0.00,0.05,0.00,0.00,0.16,0.16,0.05,0.11,0.00,0.00,0.00,0.00,0.00,Matches
302,John McGinn\John-McGinn,sco SCO,MF,Aston Villa,24,1994,25.7,3.74,3.74,2.68,0.39,0.27,0.08,0.19,0.12,0.35,0.35,0.23,0.04,0.04,0.00,0.04,0.00,0.00,Matches
303,David McGoldrick\David-McGoldrick,ie IRL,FW,Sheffield Utd,31,1987,20.2,1.93,1.93,1.29,0.05,0.25,0.10,0.05,0.20,0.20,0.20,0.15,0.00,0.05,0.00,0.00,0.00,0.00,Matches
304,Michael McGovern\Michael-McGovern,nir NIR,GK,Norwich City,35,1984,1.8,0.00,0.00,0.00,0.00,0.00,0.00,0.00,0.00,0.00,0.00,0.00,0.00,0.00,0.00,0.00,0.00,0.00,Matches
305,Kenny McLean\Kenny-McLean,sco SCO,MF,Norwich City,27,1992,33.0,1.79,1.79,1.39,0.18,0.06,0.06,0.06,0.03,0.06,0.06,0.06,0.00,0.00,0.00,0.00,0.00,0.00,Matches
306,Dwight McNeil\Dwight-McNeil,eng ENG,MF,Burnley,19,1999,37.1,2.78,2.78,1.64,0.59,0.19,0.16,0.19,0.00,0.38,0.38,0.24,0.05,0.03,0.03,0.03,0.00,0.00,Matches
307,Scott McTominay\Scott-McTominay,sco SCO,MF,Manchester Utd,22,1996,19.7,1.78,1.78,1.27,0.00,0.05,0.15,0.25,0.00,0.15,0.15,0.10,0.00,0.00,0.00,0.00,0.00,0.05,Matches
308,Ben Mee\Ben-Mee,eng ENG,DF,Burnley,29,1989,32.0,0.66,0.66,0.41,0.03,0.03,0.19,0.00,0.00,0.06,0.06,0.03,0.00,0.00,0.03,0.00,0.00,0.00,Matches
309,Benjamin Mendy\Benjamin-Mendy,fr FRA,DF,Manchester City,25,1994,16.6,2.17,2.17,1.99,0.06,0.06,0.06,0.00,0.00,0.36,0.36,0.30,0.06,0.00,0.00,0.00,0.00,0.00,Matches
310,Nampalys Mendy\Nampalys-Mendy,fr FRA,MF,Leicester City,27,1992,3.2,2.81,2.78,2.50,0.00,0.00,0.00,0.00,0.31,0.00,0.00,0.00,0.00,0.00,0.00,0.00,0.00,0.00,Matches
311,Chris Mepham\Chris-Mepham,wal WAL,DF,Bournemouth,21,1997,10.1,0.30,0.30,0.30,0.00,0.00,0.00,0.00,0.00,0.00,0.00,0.00,0.00,0.00,0.00,0.00,0.00,0.00,Matches
312,Max Meyer\Max-Meyer,de GER,MFFW,Crystal Palace,23,1995,7.3,1.51,1.51,1.37,0.00,0.00,0.00,0.14,0.00,0.14,0.14,0.14,0.00,0.00,0.00,0.00,0.00,0.00,Matches
313,Luka Milivojeviæ\Luka-Milivojevic,rs SRB,MF,Crystal Palace,28,1991,27.9,1.65,1.65,0.61,0.90,0.04,0.00,0.00,0.11,0.11,0.11,0.07,0.04,0.00,0.00,0.00,0.00,0.00,Matches
314,James Milner\James-Milner,eng ENG,MFDF,Liverpool,33,1986,10.4,2.21,2.21,1.83,0.10,0.00,0.10,0.19,0.00,0.38,0.38,0.38,0.00,0.00,0.00,0.00,0.00,0.00,Matches
315,Yerry Mina\Yerry-Mina,co COL,DF,Everton,24,1994,25.4,0.59,0.59,0.31,0.00,0.00,0.20,0.00,0.08,0.08,0.08,0.04,0.00,0.00,0.04,0.00,0.00,0.00,Matches
316,Takumi Minamino\Takumi-Minamino,jp JPN,FWMF,Liverpool,24,1995,2.8,1.07,1.08,0.71,0.00,0.00,0.36,0.00,0.00,0.00,0.00,0.00,0.00,0.00,0.00,0.00,0.00,0.00,Matches
317,Tyrone Mings\Tyrone-Mings,eng ENG,DF,Aston Villa,26,1993,32.2,0.40,0.40,0.37,0.03,0.00,0.00,0.00,0.00,0.06,0.06,0.06,0.00,0.00,0.00,0.00,0.00,0.00,Matches
318,Tyrick Mitchell\Tyrick-Mitchell,eng ENG,DF,Crystal Palace,19,1999,2.2,2.27,2.31,1.82,0.00,0.45,0.00,0.00,0.00,0.00,0.00,0.00,0.00,0.00,0.00,0.00,0.00,0.00,Matches
319,Henrikh Mkhitaryan\Henrikh-Mkhitaryan,am ARM,FW,Arsenal,30,1989,1.2,5.00,4.82,4.17,0.00,0.00,0.83,0.00,0.00,0.00,0.00,0.00,0.00,0.00,0.00,0.00,0.00,0.00,Matches
320,Nacho Monreal\Nacho-Monreal,es ESP,DF,Arsenal,33,1986,3.0,1.33,1.33,1.00,0.00,0.00,0.00,0.33,0.00,0.00,0.00,0.00,0.00,0.00,0.00,0.00,0.00,0.00,Matches
321,Martín Montoya\Martin-Montoya,es ESP,DF,Brighton,28,1991,21.1,1.80,1.80,1.52,0.00,0.05,0.05,0.14,0.05,0.14,0.14,0.09,0.00,0.00,0.00,0.05,0.00,0.00,Matches
322,Simon Moore\Simon-Moore,eng ENG,GK,Sheffield Utd,29,1990,2.0,0.00,0.00,0.00,0.00,0.00,0.00,0.00,0.00,0.00,0.00,0.00,0.00,0.00,0.00,0.00,0.00,0.00,Matches
323,Aaron Mooy\Aaron-Mooy,au AUS,MFFW,Brighton,28,1990,23.2,3.02,3.02,2.20,0.52,0.13,0.09,0.09,0.00,0.30,0.30,0.17,0.04,0.09,0.00,0.00,0.00,0.00,Matches
324,Wesley Moraes\Wesley-Moraes,br BRA,FW,Aston Villa,22,1996,19.8,1.36,1.36,1.11,0.00,0.00,0.15,0.05,0.05,0.15,0.15,0.15,0.00,0.00,0.00,0.00,0.00,0.00,Matches
325,Wes Morgan\Wes-Morgan,jm JAM,DF,Leicester City,35,1984,4.8,1.25,1.24,0.83,0.00,0.21,0.21,0.00,0.00,0.00,0.00,0.00,0.00,0.00,0.00,0.00,0.00,0.00,Matches
326,Ravel Morrison\Ravel-Morrison,jm JAM,MF,Sheffield Utd,26,1993,0.1,10.0,6.92,10.0,0.00,0.00,0.00,0.00,0.00,0.00,0.00,0.00,0.00,0.00,0.00,0.00,0.00,0.00,Matches
327,Mason Mount\Mason-Mount,eng ENG,MFFW,Chelsea,20,1999,31.9,3.67,3.67,2.16,0.91,0.09,0.16,0.28,0.06,0.53,0.53,0.28,0.13,0.03,0.00,0.06,0.03,0.00,Matches
328,Lucas Moura\Lucas-Moura,br BRA,FWMF,Tottenham,26,1992,24.9,3.53,3.53,2.37,0.00,0.48,0.12,0.40,0.16,0.36,0.36,0.20,0.00,0.12,0.00,0.00,0.04,0.00,Matches
329,Lys Mousset\Lys-Mousset,fr FRA,FW,Sheffield Utd,23,1996,13.8,1.88,1.89,1.09,0.00,0.58,0.07,0.14,0.00,0.36,0.36,0.36,0.00,0.00,0.00,0.00,0.00,0.00,Matches
330,Jo?o Moutinho\Joao-Moutinho,pt POR,MF,Wolves,32,1986,34.5,3.28,3.27,1.74,1.51,0.03,0.00,0.00,0.00,0.32,0.32,0.17,0.14,0.00,0.00,0.00,0.00,0.00,Matches
331,Glenn Murray\Glenn-Murray,eng ENG,FW,Brighton,35,1983,8.9,1.35,1.36,0.79,0.00,0.11,0.34,0.11,0.00,0.11,0.11,0.11,0.00,0.00,0.00,0.00,0.00,0.00,Matches
332,Shkodran Mustafi\Shkodran-Mustafi,de GER,DF,Arsenal,27,1992,13.4,0.22,0.22,0.15,0.00,0.00,0.07,0.00,0.00,0.07,0.07,0.00,0.00,0.00,0.07,0.00,0.00,0.00,Matches
333,Yoshinori Mut?\Yoshinori-Muto,jp JPN,FWMF,Newcastle Utd,27,1992,2.4,1.67,1.70,1.25,0.00,0.00,0.00,0.00,0.42,0.00,0.00,0.00,0.00,0.00,0.00,0.00,0.00,0.00,Matches
334,Georges-Kévin N'Koudou\Georges-Kevin-NKoudou,fr FRA,FW,Tottenham,24,1995,0.0,0,0.00,0,0,0,0,0,0,0,0.00,0,0,0,0,0,0,0,Matches
335,Marvelous Nakamba\Marvelous-Nakamba,zw ZIM,MF,Aston Villa,25,1994,20.4,0.88,0.88,0.88,0.00,0.00,0.00,0.00,0.00,0.05,0.05,0.05,0.00,0.00,0.00,0.00,0.00,0.00,Matches
336,Wilfred Ndidi\Wilfred-Ndidi,ng NGA,MF,Leicester City,22,1996,29.7,1.31,1.31,1.11,0.00,0.03,0.03,0.03,0.10,0.13,0.13,0.13,0.00,0.00,0.00,0.00,0.00,0.00,Matches
337,Tanguy Ndombele\Tanguy-Ndombele,fr FRA,MF,Tottenham,22,1996,11.2,2.50,2.50,2.23,0.09,0.00,0.18,0.00,0.00,0.18,0.18,0.18,0.00,0.00,0.00,0.00,0.00,0.00,Matches
338,Reiss Nelson\Reiss-Nelson,eng ENG,FW,Arsenal,19,1999,7.0,3.00,3.00,1.71,0.57,0.29,0.29,0.14,0.00,0.14,0.14,0.00,0.00,0.00,0.14,0.00,0.00,0.00,Matches
339,Pedro Neto\Pedro-Neto,pt POR,FWMF,Wolves,19,2000,10.4,3.37,3.35,1.92,0.29,0.58,0.00,0.38,0.19,0.77,0.77,0.38,0.10,0.10,0.00,0.10,0.10,0.00,Matches
340,Rúben Neves\Ruben-Neves,pt POR,MF,Wolves,22,1997,34.0,1.88,1.88,1.47,0.03,0.09,0.12,0.03,0.15,0.15,0.15,0.06,0.00,0.00,0.03,0.00,0.06,0.00,Matches
341,Jeremy Ngakia\Jeremy-Ngakia,eng ENG,DF,West Ham,18,2000,4.9,0.41,0.41,0.20,0.00,0.20,0.00,0.00,0.00,0.00,0.00,0.00,0.00,0.00,0.00,0.00,0.00,0.00,Matches
342,Oumar Niasse\Oumar-Niasse,sn SEN,FW,Everton,29,1990,0.2,0.00,0.00,0.00,0.00,0.00,0.00,0.00,0.00,0.00,0.00,0.00,0.00,0.00,0.00,0.00,0.00,0.00,Matches
343,Eddie Nketiah\Eddie-Nketiah,eng ENG,FW,Arsenal,20,1999,7.0,1.71,1.71,1.00,0.00,0.29,0.00,0.29,0.14,0.14,0.14,0.00,0.00,0.00,0.00,0.00,0.14,0.00,Matches
344,Mark Noble\Mark-Noble,eng ENG,MF,West Ham,32,1987,29.7,2.46,2.46,1.75,0.40,0.07,0.00,0.24,0.00,0.27,0.27,0.13,0.03,0.00,0.00,0.10,0.00,0.00,Matches
345,Oliver Norwood\Oliver-Norwood,nir NIR,MF,Sheffield Utd,28,1991,34.3,2.33,2.33,1.25,0.87,0.00,0.09,0.03,0.03,0.17,0.17,0.06,0.06,0.00,0.00,0.00,0.00,0.06,Matches
346,?rjan Nyland\Orjan-Nyland,no NOR,GK,Aston Villa,28,1990,6.0,0.17,0.17,0.17,0.00,0.00,0.00,0.00,0.00,0.00,0.00,0.00,0.00,0.00,0.00,0.00,0.00,0.00,Matches
347,Jack O'Connell\Jack-OConnell,eng ENG,DF,Sheffield Utd,25,1994,32.4,0.71,0.71,0.65,0.00,0.00,0.06,0.00,0.00,0.06,0.06,0.06,0.00,0.00,0.00,0.00,0.00,0.00,Matches
348,Michael Obafemi\Michael-Obafemi,ie IRL,FW,Southampton,19,2000,7.4,2.57,2.57,1.76,0.00,0.41,0.27,0.00,0.14,0.27,0.27,0.27,0.00,0.00,0.00,0.00,0.00,0.00,Matches
349,Angelo Ogbonna\Angelo-Ogbonna,it ITA,DF,West Ham,31,1988,31.0,0.32,0.32,0.29,0.00,0.00,0.00,0.00,0.03,0.00,0.00,0.00,0.00,0.00,0.00,0.00,0.00,0.00,Matches
350,Divock Origi\Divock-Origi,be BEL,FW,Liverpool,24,1995,8.0,2.88,2.89,1.38,0.00,0.75,0.25,0.38,0.00,0.50,0.50,0.00,0.00,0.13,0.13,0.13,0.00,0.13,Matches
351,Ben Osborn\Ben-Osborn,eng ENG,MFDF,Sheffield Utd,24,1994,6.6,1.97,1.97,1.67,0.00,0.00,0.15,0.15,0.00,0.61,0.61,0.45,0.00,0.00,0.15,0.00,0.00,0.00,Matches
352,Nicolás Otamendi\Nicolas-Otamendi,ar ARG,DF,Manchester City,31,1988,19.1,0.42,0.42,0.31,0.00,0.00,0.10,0.00,0.00,0.05,0.05,0.00,0.00,0.00,0.05,0.00,0.00,0.00,Matches
353,Alex Oxlade-Chamberlain\Alex-Oxlade-Chamberlain,eng ENG,MFFW,Liverpool,25,1993,16.5,2.55,2.55,1.88,0.00,0.18,0.18,0.24,0.06,0.24,0.24,0.06,0.00,0.12,0.00,0.06,0.00,0.00,Matches
354,Mesut Özil\Mesut-Ozil,de GER,MF,Arsenal,30,1988,16.0,3.94,3.94,2.63,1.06,0.13,0.00,0.13,0.00,0.44,0.44,0.38,0.06,0.00,0.00,0.00,0.00,0.00,Matches
355,Emerson Palmieri\Emerson-Palmieri,it ITA,DF,Chelsea,24,1994,11.4,2.46,2.46,1.75,0.61,0.09,0.00,0.00,0.00,0.00,0.00,0.00,0.00,0.00,0.00,0.00,0.00,0.00,Matches
356,Sokratis Papastathopoulos\Sokratis-Papastathopoulos,gr GRE,DF,Arsenal,31,1988,18.8,0.21,0.21,0.16,0.00,0.00,0.05,0.00,0.00,0.00,0.00,0.00,0.00,0.00,0.00,0.00,0.00,0.00,Matches
357,Troy Parrott\Troy-Parrott,ie IRL,MF,Tottenham,17,2002,0.1,0.00,0.00,0.00,0.00,0.00,0.00,0.00,0.00,0.00,0.00,0.00,0.00,0.00,0.00,0.00,0.00,0.00,Matches
358,Rui Patrício\Rui-Patricio,pt POR,GK,Wolves,31,1988,38.0,0.11,0.11,0.11,0.00,0.00,0.00,0.00,0.00,0.00,0.00,0.00,0.00,0.00,0.00,0.00,0.00,0.00,Matches
359,Pedro\Pedro,es ESP,FW,Chelsea,32,1987,7.3,4.66,4.63,3.15,0.14,0.55,0.55,0.27,0.00,0.55,0.54,0.27,0.00,0.14,0.14,0.00,0.00,0.00,Matches
360,Jo?o Pedro\Joao-Pedro,br BRA,FWMF,Watford,17,2001,0.3,6.67,7.20,3.33,0.00,3.33,0.00,0.00,0.00,0.00,0.00,0.00,0.00,0.00,0.00,0.00,0.00,0.00,Matches
361,Nicolas Pépé\Nicolas-Pepe,ci CIV,FW,Arsenal,24,1995,22.3,2.96,2.96,1.70,0.58,0.40,0.13,0.13,0.00,0.40,0.40,0.36,0.04,0.00,0.00,0.00,0.00,0.00,Matches
362,Andreas Pereira\Andreas-Pereira,br BRA,MFFW,Manchester Utd,23,1996,16.5,3.45,3.46,2.67,0.36,0.18,0.12,0.12,0.00,0.42,0.42,0.36,0.06,0.00,0.00,0.00,0.00,0.00,Matches
363,Ricardo Pereira\Ricardo-Pereira,pt POR,DF,Leicester City,25,1993,28.0,2.14,2.14,1.79,0.07,0.18,0.00,0.11,0.00,0.32,0.32,0.29,0.00,0.00,0.00,0.04,0.00,0.00,Matches
364,Roberto Pereyra\Roberto-Pereyra,ar ARG,FWMF,Watford,28,1991,18.3,2.30,2.29,1.42,0.33,0.22,0.05,0.22,0.05,0.05,0.05,0.00,0.00,0.00,0.00,0.05,0.00,0.00,Matches
365,Ayoze Pérez\Ayoze-Perez,es ESP,MFFW,Leicester City,26,1993,22.3,3.23,3.23,2.38,0.04,0.31,0.09,0.27,0.13,0.58,0.58,0.36,0.04,0.04,0.00,0.04,0.09,0.00,Matches
366,Jordan Pickford\Jordan-Pickford,eng ENG,GK,Everton,25,1994,38.0,0.16,0.16,0.08,0.08,0.00,0.00,0.00,0.00,0.00,0.00,0.00,0.00,0.00,0.00,0.00,0.00,0.00,Matches
367,Brandon Pierrick\Brandon-Pierrick,eng ENG,DFFW,Crystal Palace,17,2001,0.2,10.0,12.00,5.00,0.00,5.00,0.00,0.00,0.00,0.00,0.00,0.00,0.00,0.00,0.00,0.00,0.00,0.00,Matches
368,Erik Pieters\Erik-Pieters,nl NED,DFMF,Burnley,30,1988,20.9,1.15,1.15,1.05,0.00,0.00,0.05,0.00,0.05,0.19,0.19,0.19,0.00,0.00,0.00,0.00,0.00,0.00,Matches
369,Daniel Podence\Daniel-Podence,pt POR,FWMF,Wolves,23,1995,3.2,3.44,3.43,2.19,0.00,0.31,0.31,0.63,0.00,0.63,0.62,0.00,0.00,0.31,0.00,0.31,0.00,0.00,Matches
370,Paul Pogba\Paul-Pogba,fr FRA,MF,Manchester Utd,26,1993,13.4,4.33,4.34,3.66,0.00,0.30,0.00,0.30,0.07,0.52,0.52,0.37,0.00,0.07,0.00,0.07,0.00,0.00,Matches
371,Nick Pope\Nick-Pope,eng ENG,GK,Burnley,27,1992,38.0,0.21,0.21,0.13,0.08,0.00,0.00,0.00,0.00,0.00,0.00,0.00,0.00,0.00,0.00,0.00,0.00,0.00,Matches
372,Dennis Praet\Dennis-Praet,be BEL,MF,Leicester City,25,1994,12.6,1.90,1.90,1.19,0.08,0.16,0.24,0.08,0.08,0.40,0.40,0.24,0.00,0.00,0.00,0.00,0.08,0.08,Matches
373,Sebastian Prödl\Sebastian-Prodl,at AUT,DF,Watford,32,1987,0.6,0.00,0.00,0.00,0.00,0.00,0.00,0.00,0.00,0.00,0.00,0.00,0.00,0.00,0.00,0.00,0.00,0.00,Matches
374,Davy Pröpper\Davy-Propper,nl NED,MF,Brighton,27,1991,31.4,2.01,2.00,1.78,0.00,0.03,0.10,0.06,0.03,0.13,0.13,0.13,0.00,0.00,0.00,0.00,0.00,0.00,Matches
375,Teemu Pukki\Teemu-Pukki,fi FIN,FW,Norwich City,29,1990,32.1,1.74,1.75,1.28,0.00,0.16,0.12,0.06,0.09,0.16,0.16,0.09,0.00,0.03,0.00,0.00,0.00,0.03,Matches
376,Christian Pulisic\Christian-Pulisic,us USA,FW,Chelsea,20,1998,19.1,4.14,4.13,2.67,0.00,0.84,0.21,0.42,0.00,0.68,0.68,0.37,0.00,0.10,0.05,0.16,0.00,0.00,Matches
377,Ignacio Pussetto\Ignacio-Pussetto,ar ARG,FWDF,Watford,23,1995,0.8,0.00,0.00,0.00,0.00,0.00,0.00,0.00,0.00,0.00,0.00,0.00,0.00,0.00,0.00,0.00,0.00,0.00,Matches
378,Domingos Quina\Domingos-Quina,pt POR,MF,Watford,19,1999,0.2,0.00,0.00,0.00,0.00,0.00,0.00,0.00,0.00,0.00,0.00,0.00,0.00,0.00,0.00,0.00,0.00,0.00,Matches
379,Aaron Ramsdale\Aaron-Ramsdale,eng ENG,GK,Bournemouth,21,1998,37.0,0.08,0.08,0.03,0.05,0.00,0.00,0.00,0.00,0.00,0.00,0.00,0.00,0.00,0.00,0.00,0.00,0.00,Matches
380,Darren Randolph\Darren-Randolph,ie IRL,GK,West Ham,32,1987,2.0,0.00,0.00,0.00,0.00,0.00,0.00,0.00,0.00,0.00,0.00,0.00,0.00,0.00,0.00,0.00,0.00,0.00,Matches
381,Marcus Rashford\Marcus-Rashford,eng ENG,FW,Manchester Utd,21,1997,29.4,3.16,3.17,2.21,0.07,0.37,0.14,0.34,0.00,0.68,0.68,0.37,0.00,0.14,0.00,0.14,0.00,0.03,Matches
382,Nathan Redmond\Nathan-Redmond,eng ENG,MFFW,Southampton,25,1994,30.7,3.13,3.13,2.12,0.00,0.42,0.13,0.29,0.16,0.20,0.20,0.16,0.00,0.00,0.00,0.03,0.00,0.00,Matches
383,Pepe Reina\Pepe-Reina,es ESP,GK,Aston Villa,36,1982,12.0,0.17,0.17,0.17,0.00,0.00,0.00,0.00,0.00,0.08,0.08,0.08,0.00,0.00,0.00,0.00,0.00,0.00,Matches
384,Declan Rice\Declan-Rice,eng ENG,MF,West Ham,20,1999,38.0,1.24,1.24,1.08,0.00,0.05,0.05,0.00,0.05,0.18,0.18,0.13,0.00,0.00,0.05,0.00,0.00,0.00,Matches
385,Richarlison\Richarlison,br BRA,FW,Everton,22,1997,34.1,2.38,2.37,1.32,0.00,0.29,0.23,0.41,0.09,0.29,0.29,0.15,0.00,0.06,0.03,0.03,0.00,0.03,Matches
386,Diego Rico\Diego-Rico,es ESP,DF,Bournemouth,26,1993,25.9,2.01,2.01,0.89,1.08,0.00,0.00,0.00,0.00,0.27,0.27,0.15,0.08,0.00,0.00,0.00,0.00,0.04,Matches
387,Ja?ro Riedewald\Jairo-Riedewald,nl NED,DFMF,Crystal Palace,22,1996,8.5,0.59,0.59,0.59,0.00,0.00,0.00,0.00,0.00,0.00,0.00,0.00,0.00,0.00,0.00,0.00,0.00,0.00,Matches
388,Matt Ritchie\Matt-Ritchie,sco SCO,DFMF,Newcastle Utd,29,1989,14.6,3.01,3.01,1.16,1.71,0.00,0.07,0.07,0.00,0.14,0.14,0.14,0.00,0.00,0.00,0.00,0.00,0.00,Matches
389,Roberto\Roberto,es ESP,GK,West Ham,33,1986,7.6,0.00,0.00,0.00,0.00,0.00,0.00,0.00,0.00,0.00,0.00,0.00,0.00,0.00,0.00,0.00,0.00,0.00,Matches
390,Patrick Roberts\Patrick-Roberts,eng ENG,MFFW,Norwich City,22,1997,0.3,3.33,3.46,0.00,0.00,0.00,0.00,3.33,0.00,0.00,0.00,0.00,0.00,0.00,0.00,0.00,0.00,0.00,Matches
391,Andrew Robertson\Andrew-Robertson,sco SCO,DF,Liverpool,25,1994,34.6,3.24,3.24,2.57,0.38,0.14,0.03,0.00,0.12,0.58,0.58,0.46,0.03,0.09,0.00,0.00,0.00,0.00,Matches
392,Callum Robinson\Callum-Robinson,ie IRL,FW,Sheffield Utd,24,1995,7.5,1.47,1.46,1.20,0.00,0.00,0.13,0.00,0.00,0.27,0.27,0.13,0.00,0.00,0.00,0.00,0.00,0.13,Matches
393,Jack Robinson\Jack-Robinson,eng ENG,DF,Sheffield Utd,25,1993,5.6,0.71,0.71,0.54,0.18,0.00,0.00,0.00,0.00,0.00,0.00,0.00,0.00,0.00,0.00,0.00,0.00,0.00,Matches
394,Rodri\Rodri,es ESP,MF,Manchester City,23,1996,27.6,2.36,2.35,2.07,0.00,0.07,0.07,0.11,0.04,0.11,0.11,0.07,0.00,0.00,0.04,0.00,0.00,0.00,Matches
395,Jay Rodriguez\Jay-Rodriguez,eng ENG,FW,Burnley,30,1989,22.4,1.38,1.38,0.94,0.00,0.13,0.18,0.13,0.00,0.22,0.22,0.18,0.00,0.00,0.04,0.00,0.00,0.00,Matches
396,Jack Rodwell\Jack-Rodwell,eng ENG,MF,Sheffield Utd,28,1991,0.2,0.00,0.00,0.00,0.00,0.00,0.00,0.00,0.00,0.00,0.00,0.00,0.00,0.00,0.00,0.00,0.00,0.00,Matches
397,Marcos Rojo\Marcos-Rojo,ar ARG,DF,Manchester Utd,29,1990,1.4,0.00,0.00,0.00,0.00,0.00,0.00,0.00,0.00,0.00,0.00,0.00,0.00,0.00,0.00,0.00,0.00,0.00,Matches
398,Oriol Romeu\Oriol-Romeu,es ESP,MF,Southampton,27,1991,20.7,1.59,1.60,1.30,0.05,0.05,0.05,0.05,0.10,0.00,0.00,0.00,0.00,0.00,0.00,0.00,0.00,0.00,Matches
399,Danny Rose\Danny-Rose,eng ENG,DF,Tottenham,29,1990,9.9,1.62,1.61,1.11,0.20,0.00,0.00,0.20,0.10,0.00,0.00,0.00,0.00,0.00,0.00,0.00,0.00,0.00,Matches
400,Danny Rose\Danny-Rose,eng ENG,DF,Newcastle Utd,29,1990,9.6,0.73,0.73,0.63,0.10,0.00,0.00,0.00,0.00,0.10,0.10,0.00,0.10,0.00,0.00,0.00,0.00,0.00,Matches
401,Antonio Rüdiger\Antonio-Rudiger,de GER,DF,Chelsea,26,1993,19.0,0.47,0.47,0.42,0.00,0.00,0.05,0.00,0.00,0.00,0.00,0.00,0.00,0.00,0.00,0.00,0.00,0.00,Matches
402,Lukas Rupp\Lukas-Rupp,de GER,FWMF,Norwich City,28,1991,7.7,1.82,1.81,1.56,0.13,0.00,0.13,0.00,0.00,0.00,0.00,0.00,0.00,0.00,0.00,0.00,0.00,0.00,Matches
403,Mathew Ryan\Mathew-Ryan,au AUS,GK,Brighton,27,1992,38.0,0.11,0.11,0.08,0.03,0.00,0.00,0.00,0.00,0.08,0.08,0.05,0.03,0.00,0.00,0.00,0.00,0.00,Matches
404,Allan Saint-Maximin\Allan-Saint-Maximin,fr FRA,MFFW,Newcastle Utd,22,1997,20.7,4.25,4.25,2.51,0.00,1.06,0.29,0.34,0.05,0.48,0.48,0.29,0.00,0.05,0.05,0.05,0.05,0.00,Matches
405,Romain Sa?ss\Romain-Saiss,ma MAR,DF,Wolves,29,1990,30.1,0.83,0.83,0.63,0.03,0.03,0.10,0.00,0.00,0.07,0.07,0.00,0.00,0.00,0.03,0.00,0.00,0.03,Matches
406,Bukayo Saka\Bukayo-Saka,eng ENG,DFFW,Arsenal,17,2001,19.5,2.31,2.31,1.64,0.10,0.36,0.10,0.10,0.00,0.36,0.36,0.31,0.00,0.05,0.00,0.00,0.00,0.00,Matches
407,Mamadou Sakho\Mamadou-Sakho,fr FRA,DF,Crystal Palace,29,1990,10.3,0.10,0.10,0.10,0.00,0.00,0.00,0.00,0.00,0.00,0.00,0.00,0.00,0.00,0.00,0.00,0.00,0.00,Matches
408,Mohamed Salah\Mohamed-Salah,eg EGY,FW,Liverpool,27,1992,32.0,3.75,3.76,2.38,0.13,0.72,0.31,0.16,0.06,0.50,0.50,0.25,0.06,0.13,0.03,0.03,0.00,0.00,Matches
409,Mbwana Samatta\Mbwana-Samatta,tz TAN,FW,Aston Villa,26,1992,10.5,2.10,2.10,1.33,0.00,0.10,0.10,0.38,0.10,0.10,0.10,0.00,0.00,0.00,0.00,0.00,0.00,0.10,Matches
410,Carlos Sánchez\Carlos-Sanchez,co COL,MFDF,West Ham,33,1986,1.3,0.77,0.77,0.77,0.00,0.00,0.00,0.00,0.00,0.00,0.00,0.00,0.00,0.00,0.00,0.00,0.00,0.00,Matches
411,Davinson Sánchez\Davinson-Sanchez,co COL,DF,Tottenham,23,1996,27.0,0.22,0.22,0.19,0.00,0.00,0.04,0.00,0.00,0.00,0.00,0.00,0.00,0.00,0.00,0.00,0.00,0.00,Matches
412,Leroy Sané\Leroy-Sane,de GER,FW,Manchester City,23,1996,0.1,10.0,7.50,10.0,0.00,0.00,0.00,0.00,0.00,0.00,0.00,0.00,0.00,0.00,0.00,0.00,0.00,0.00,Matches
413,Ismaila Sarr\Ismaila-Sarr,sn SEN,FWMF,Watford,21,1998,22.5,3.16,3.15,2.18,0.04,0.18,0.22,0.40,0.13,0.44,0.44,0.22,0.00,0.00,0.00,0.13,0.09,0.00,Matches
414,Fabian Schär\Fabian-Schar,ch SUI,DFMF,Newcastle Utd,27,1991,18.6,0.86,0.86,0.70,0.00,0.05,0.11,0.00,0.00,0.16,0.16,0.11,0.00,0.00,0.05,0.00,0.00,0.00,Matches
415,Ezequiel Schelotto\Ezequiel-Schelotto,it ITA,DF,Brighton,30,1989,4.0,0.75,0.75,0.25,0.00,0.00,0.25,0.25,0.00,0.25,0.25,0.00,0.00,0.00,0.00,0.25,0.00,0.00,Matches
416,Jeffrey Schlupp\Jeffrey-Schlupp,gh GHA,MFDF,Crystal Palace,26,1992,11.5,1.13,1.13,0.78,0.00,0.09,0.09,0.17,0.00,0.17,0.17,0.17,0.00,0.00,0.00,0.00,0.00,0.00,Matches
417,Kasper Schmeichel\Kasper-Schmeichel,dk DEN,GK,Leicester City,32,1986,38.0,0.13,0.13,0.03,0.11,0.00,0.00,0.00,0.00,0.00,0.00,0.00,0.00,0.00,0.00,0.00,0.00,0.00,Matches
418,Morgan Schneiderlin\Morgan-Schneiderlin,fr FRA,MF,Everton,29,1989,11.1,1.53,1.53,1.35,0.00,0.09,0.09,0.00,0.00,0.09,0.09,0.09,0.00,0.00,0.00,0.00,0.00,0.00,Matches
419,Ryan Sessegnon\Ryan-Sessegnon,eng ENG,DF,Tottenham,19,2000,3.8,1.05,1.05,1.05,0.00,0.00,0.00,0.00,0.00,0.26,0.26,0.26,0.00,0.00,0.00,0.00,0.00,0.00,Matches
420,Xherdan Shaqiri\Xherdan-Shaqiri,ch SUI,FW,Liverpool,27,1991,2.1,1.90,1.95,0.95,0.95,0.00,0.00,0.00,0.00,0.00,0.00,0.00,0.00,0.00,0.00,0.00,0.00,0.00,Matches
421,Billy Sharp\Billy-Sharp,eng ENG,FW,Sheffield Utd,33,1986,11.7,2.22,2.23,1.54,0.00,0.17,0.17,0.34,0.00,0.26,0.26,0.17,0.00,0.00,0.09,0.00,0.00,0.00,Matches
422,Luke Shaw\Luke-Shaw,eng ENG,DF,Manchester Utd,24,1995,19.3,2.18,2.18,1.76,0.21,0.05,0.05,0.10,0.00,0.05,0.05,0.05,0.00,0.00,0.00,0.00,0.00,0.00,Matches
423,Jonjo Shelvey\Jonjo-Shelvey,eng ENG,MF,Newcastle Utd,27,1992,23.5,2.55,2.55,1.79,0.60,0.13,0.04,0.00,0.00,0.26,0.25,0.13,0.09,0.04,0.00,0.00,0.00,0.00,Matches
424,Djibril Sidibé\Djibril-Sidibe,fr FRA,DF,Everton,27,1992,20.3,1.82,1.83,1.48,0.15,0.00,0.00,0.10,0.10,0.20,0.20,0.20,0.00,0.00,0.00,0.00,0.00,0.00,Matches
425,Gylfi Sigur?sson\Gylfi-Sigurdsson,is ISL,MF,Everton,29,1989,28.4,2.92,2.92,1.13,1.09,0.14,0.39,0.07,0.11,0.28,0.28,0.14,0.07,0.04,0.04,0.00,0.00,0.00,Matches
426,Bernardo Silva\Bernardo-Silva,pt POR,FWMF,Manchester City,24,1994,22.6,4.20,4.21,3.58,0.09,0.27,0.18,0.04,0.04,0.53,0.53,0.40,0.00,0.09,0.04,0.00,0.00,0.00,Matches
427,David Silva\David-Silva,es ESP,MF,Manchester City,33,1986,20.3,5.52,5.52,4.33,0.05,0.39,0.30,0.25,0.20,0.99,0.99,0.64,0.05,0.05,0.05,0.05,0.15,0.00,Matches
428,Jack Simpson\Jack-Simpson,eng ENG,DF,Bournemouth,22,1996,2.7,0.00,0.00,0.00,0.00,0.00,0.00,0.00,0.00,0.00,0.00,0.00,0.00,0.00,0.00,0.00,0.00,0.00,Matches
429,Moussa Sissoko\Moussa-Sissoko,fr FRA,MF,Tottenham,29,1989,27.2,1.03,1.03,0.96,0.00,0.04,0.00,0.00,0.04,0.07,0.07,0.07,0.00,0.00,0.00,0.00,0.00,0.00,Matches
430,Oliver Skipp\Oliver-Skipp,eng ENG,MFDF,Tottenham,18,2000,0.9,0.00,0.00,0.00,0.00,0.00,0.00,0.00,0.00,0.00,0.00,0.00,0.00,0.00,0.00,0.00,0.00,0.00,Matches
431,William Smallbone\William-Smallbone,ie IRL,MF,Southampton,19,2000,4.4,0.91,0.92,0.91,0.00,0.00,0.00,0.00,0.00,0.45,0.46,0.45,0.00,0.00,0.00,0.00,0.00,0.00,Matches
432,Adam Smith\Adam-Smith,eng ENG,DF,Bournemouth,28,1991,22.8,0.83,0.83,0.70,0.00,0.04,0.00,0.09,0.00,0.04,0.04,0.04,0.00,0.00,0.00,0.00,0.00,0.00,Matches
433,Emile Smith-Rowe\Emile-Smith-Rowe,eng ENG,MF,Arsenal,19,2000,1.1,0.00,0.00,0.00,0.00,0.00,0.00,0.00,0.00,0.00,0.00,0.00,0.00,0.00,0.00,0.00,0.00,0.00,Matches
434,Robert Snodgrass\Robert-Snodgrass,sco SCO,MFFW,West Ham,31,1987,16.8,3.04,3.04,1.13,1.43,0.18,0.06,0.24,0.00,0.42,0.42,0.18,0.24,0.00,0.00,0.00,0.00,0.00,Matches
435,Cédric Soares\Cedric-Soares,pt POR,DF,Arsenal,27,1991,2.8,1.07,1.08,0.71,0.36,0.00,0.00,0.00,0.00,0.36,0.36,0.36,0.00,0.00,0.00,0.00,0.00,0.00,Matches
436,Cédric Soares\Cedric-Soares,pt POR,DF,Southampton,27,1991,14.5,1.66,1.65,1.45,0.14,0.00,0.00,0.00,0.07,0.21,0.21,0.07,0.07,0.00,0.00,0.00,0.07,0.00,Matches
437,Dominic Solanke\Dominic-Solanke,eng ENG,FWMF,Bournemouth,21,1997,18.3,2.35,2.34,1.64,0.00,0.16,0.27,0.27,0.00,0.27,0.27,0.11,0.00,0.05,0.05,0.05,0.00,0.00,Matches
438,Tomáš Souèek\Tomas-Soucek,cz CZE,MF,West Ham,24,1995,11.6,0.69,0.69,0.60,0.00,0.00,0.00,0.09,0.00,0.09,0.09,0.09,0.00,0.00,0.00,0.00,0.00,0.00,Matches
439,Ça?lar Söyüncü\Caglar-Soyuncu,tr TUR,DF,Leicester City,23,1996,33.7,0.42,0.42,0.30,0.03,0.00,0.06,0.00,0.03,0.00,0.00,0.00,0.00,0.00,0.00,0.00,0.00,0.00,Matches
440,Dennis Srbeny\Dennis-Srbeny,de GER,MFFW,Norwich City,25,1994,0.5,0.00,0.00,0.00,0.00,0.00,0.00,0.00,0.00,0.00,0.00,0.00,0.00,0.00,0.00,0.00,0.00,0.00,Matches
441,Jack Stacey\Jack-Stacey,eng ENG,DF,Bournemouth,23,1996,17.2,0.93,0.93,0.81,0.00,0.12,0.00,0.00,0.00,0.12,0.12,0.12,0.00,0.00,0.00,0.00,0.00,0.00,Matches
442,Junior Stanislas\Junior-Stanislas,eng ENG,MFDF,Bournemouth,29,1989,7.9,3.04,3.03,1.65,0.89,0.25,0.25,0.00,0.00,0.51,0.51,0.13,0.00,0.13,0.25,0.00,0.00,0.00,Matches
443,Jed Steer\Jed-Steer,eng ENG,GK,Aston Villa,26,1992,0.1,0.00,0.00,0.00,0.00,0.00,0.00,0.00,0.00,0.00,0.00,0.00,0.00,0.00,0.00,0.00,0.00,0.00,Matches
444,Dale Stephens\Dale-Stephens,eng ENG,MF,Brighton,30,1989,28.1,1.46,1.46,1.35,0.00,0.00,0.07,0.00,0.04,0.11,0.11,0.11,0.00,0.00,0.00,0.00,0.00,0.00,Matches
445,Jack Stephens\Jack-Stephens,eng ENG,DF,Southampton,25,1994,27.2,0.59,0.59,0.48,0.04,0.04,0.00,0.00,0.04,0.11,0.11,0.11,0.00,0.00,0.00,0.00,0.00,0.00,Matches
446,Raheem Sterling\Raheem-Sterling,eng ENG,FW,Manchester City,24,1994,29.5,3.97,3.97,2.78,0.03,0.34,0.41,0.37,0.03,0.37,0.37,0.17,0.00,0.00,0.10,0.10,0.00,0.00,Matches
447,Enda Stevens\Enda-Stevens,ie IRL,DF,Sheffield Utd,29,1990,37.2,1.80,1.80,1.45,0.16,0.11,0.08,0.00,0.00,0.24,0.24,0.22,0.00,0.03,0.00,0.00,0.00,0.00,Matches
448,Marco Stiepermann\Marco-Stiepermann,de GER,MF,Norwich City,28,1991,13.1,2.52,2.52,2.06,0.00,0.38,0.08,0.00,0.00,0.15,0.15,0.15,0.00,0.00,0.00,0.00,0.00,0.00,Matches
449,John Stones\John-Stones,eng ENG,DF,Manchester City,25,1994,12.5,0.88,0.88,0.88,0.00,0.00,0.00,0.00,0.00,0.00,0.00,0.00,0.00,0.00,0.00,0.00,0.00,0.00,Matches
450,Isaac Success\Isaac-Success,ng NGA,FWMF,Watford,23,1996,0.8,5.00,5.14,2.50,0.00,0.00,1.25,1.25,0.00,0.00,0.00,0.00,0.00,0.00,0.00,0.00,0.00,0.00,Matches
451,Ki Sung-yueng\Ki-Sung-yueng,kr KOR,MF,Newcastle Utd,30,1989,1.5,1.33,1.31,0.67,0.67,0.00,0.00,0.00,0.00,0.00,0.00,0.00,0.00,0.00,0.00,0.00,0.00,0.00,Matches
452,Andrew Surman\Andrew-Surman,eng ENG,MF,Bournemouth,32,1986,2.6,0.38,0.38,0.38,0.00,0.00,0.00,0.00,0.00,0.00,0.00,0.00,0.00,0.00,0.00,0.00,0.00,0.00,Matches
453,Sam Surridge\Sam-Surridge,eng ENG,FW,Bournemouth,21,1998,0.3,0.00,0.00,0.00,0.00,0.00,0.00,0.00,0.00,0.00,0.00,0.00,0.00,0.00,0.00,0.00,0.00,0.00,Matches
454,Japhet Tanganga\Japhet-Tanganga,eng ENG,DF,Tottenham,20,1999,5.8,0.34,0.34,0.34,0.00,0.00,0.00,0.00,0.00,0.00,0.00,0.00,0.00,0.00,0.00,0.00,0.00,0.00,Matches
455,Matt Targett\Matt-Targett,eng ENG,DF,Aston Villa,23,1995,25.5,2.20,2.20,1.80,0.24,0.00,0.04,0.04,0.08,0.20,0.20,0.12,0.00,0.00,0.04,0.00,0.04,0.00,Matches
456,James Tarkowski\James-Tarkowski,eng ENG,DF,Burnley,26,1992,38.0,0.71,0.71,0.58,0.00,0.00,0.11,0.00,0.03,0.18,0.18,0.13,0.00,0.00,0.05,0.00,0.00,0.00,Matches
457,Charlie Taylor\Charlie-Taylor,eng ENG,DF,Burnley,25,1993,21.6,0.97,0.97,0.88,0.00,0.00,0.00,0.09,0.00,0.05,0.05,0.05,0.00,0.00,0.00,0.00,0.00,0.00,Matches
458,Neil Taylor\Neil-Taylor,wal WAL,DF,Aston Villa,30,1989,12.1,0.83,0.82,0.83,0.00,0.00,0.00,0.00,0.00,0.17,0.16,0.17,0.00,0.00,0.00,0.00,0.00,0.00,Matches
459,Nathan Tella\Nathan-Tella,eng ENG,FW,Southampton,20,1999,0.0,1,30.00,0,0,0,0,1,0,0,0.00,0,0,0,0,0,0,0,Matches
460,Alexander Tettey\Alexander-Tettey,no NOR,MFDF,Norwich City,33,1986,26.0,0.69,0.69,0.62,0.00,0.00,0.08,0.00,0.00,0.04,0.04,0.04,0.00,0.00,0.00,0.00,0.00,0.00,Matches
461,Jordan Thomas\Jordan-Thomas,eng ENG,FW,Norwich City,,,0.0,0,0.00,0,0,0,0,0,0,0,0.00,0,0,0,0,0,0,0,Matches
462,Luke Thomas\Luke-Thomas,eng ENG,DF,Leicester City,,,3.0,5.00,5.06,5.00,0.00,0.00,0.00,0.00,0.00,0.33,0.34,0.33,0.00,0.00,0.00,0.00,0.00,0.00,Matches
463,Max Thompson\Max-Thompson,eng ENG,FW,Burnley,17,2002,0.0,0,0.00,0,0,0,0,0,0,0,0.00,0,0,0,0,0,0,0,Matches
464,Youri Tielemans\Youri-Tielemans,be BEL,MF,Leicester City,22,1997,31.4,3.03,3.02,2.55,0.16,0.03,0.06,0.16,0.06,0.29,0.29,0.29,0.00,0.00,0.00,0.00,0.00,0.00,Matches
465,Kieran Tierney\Kieran-Tierney,sco SCO,DF,Arsenal,22,1997,11.0,1.00,1.00,0.73,0.09,0.18,0.00,0.00,0.00,0.27,0.27,0.18,0.09,0.00,0.00,0.00,0.00,0.00,Matches
466,James Tomkins\James-Tomkins,eng ENG,DF,Crystal Palace,30,1989,17.6,0.28,0.28,0.23,0.00,0.00,0.00,0.06,0.00,0.06,0.06,0.06,0.00,0.00,0.00,0.00,0.00,0.00,Matches
467,Fikayo Tomori\Fikayo-Tomori,eng ENG,DF,Chelsea,21,1997,14.3,0.98,0.98,0.98,0.00,0.00,0.00,0.00,0.00,0.00,0.00,0.00,0.00,0.00,0.00,0.00,0.00,0.00,Matches
468,Lucas Torreira\Lucas-Torreira,uy URU,MF,Arsenal,23,1996,16.8,1.73,1.73,1.19,0.18,0.12,0.12,0.12,0.00,0.12,0.12,0.12,0.00,0.00,0.00,0.00,0.00,0.00,Matches
469,Cenk Tosun\Cenk-Tosun,tr TUR,FW,Crystal Palace,28,1991,2.0,1.00,1.02,0.00,0.00,0.50,0.50,0.00,0.00,0.00,0.00,0.00,0.00,0.00,0.00,0.00,0.00,0.00,Matches
470,Cenk Tosun\Cenk-Tosun,tr TUR,FW,Everton,28,1991,3.2,2.19,2.16,1.88,0.00,0.31,0.00,0.00,0.00,0.00,0.00,0.00,0.00,0.00,0.00,0.00,0.00,0.00,Matches
471,Andros Townsend\Andros-Townsend,eng ENG,MF,Crystal Palace,28,1991,14.4,1.60,1.60,1.18,0.07,0.00,0.14,0.14,0.07,0.14,0.14,0.14,0.00,0.00,0.00,0.00,0.00,0.00,Matches
472,Adama Traoré\Adama-Traore,es ESP,FWMF,Wolves,23,1996,28.9,3.43,3.42,2.28,0.00,0.62,0.00,0.42,0.10,0.52,0.52,0.38,0.00,0.03,0.00,0.07,0.03,0.00,Matches
473,Mark Travers\Mark-Travers,ie IRL,GK,Bournemouth,20,1999,1.0,0.00,0.00,0.00,0.00,0.00,0.00,0.00,0.00,0.00,0.00,0.00,0.00,0.00,0.00,0.00,0.00,0.00,Matches
474,Trézéguet\Trezeguet,eg EGY,FWMF,Aston Villa,24,1994,21.7,2.17,2.17,1.34,0.09,0.23,0.18,0.18,0.14,0.09,0.09,0.05,0.00,0.00,0.00,0.05,0.00,0.00,Matches
475,Leandro Trossard\Leandro-Trossard,be BEL,FWMF,Brighton,24,1994,22.3,3.59,3.58,2.47,0.40,0.31,0.13,0.13,0.09,0.40,0.40,0.18,0.09,0.04,0.04,0.00,0.00,0.04,Matches
476,Tom Trybull\Tom-Trybull,de GER,MF,Norwich City,26,1993,12.6,0.71,0.72,0.56,0.00,0.08,0.08,0.00,0.00,0.08,0.08,0.08,0.00,0.00,0.00,0.00,0.00,0.00,Matches
477,Axel Tuanzebe\Axel-Tuanzebe,eng ENG,DF,Manchester Utd,21,1997,2.1,0.95,0.95,0.48,0.00,0.00,0.00,0.48,0.00,0.00,0.00,0.00,0.00,0.00,0.00,0.00,0.00,0.00,Matches
478,Yan Valery\Yan-Valery,fr FRA,DF,Southampton,20,1999,8.7,0.80,0.81,0.57,0.11,0.11,0.00,0.00,0.00,0.00,0.00,0.00,0.00,0.00,0.00,0.00,0.00,0.00,Matches
479,Jesús Vallejo\Jesus-Vallejo,es ESP,DF,Wolves,22,1997,1.8,0.00,0.00,0.00,0.00,0.00,0.00,0.00,0.00,0.00,0.00,0.00,0.00,0.00,0.00,0.00,0.00,0.00,Matches
480,Jamie Vardy\Jamie-Vardy,eng ENG,FW,Leicester City,32,1987,33.7,1.93,1.93,1.19,0.00,0.33,0.18,0.15,0.06,0.36,0.36,0.18,0.00,0.06,0.03,0.06,0.00,0.03,Matches
481,Indiana Vassilev\Indiana-Vassilev,us USA,FWMF,Aston Villa,18,2001,0.6,1.67,1.76,1.67,0.00,0.00,0.00,0.00,0.00,0.00,0.00,0.00,0.00,0.00,0.00,0.00,0.00,0.00,Matches
482,Jan Vertonghen\Jan-Vertonghen,be BEL,DF,Tottenham,32,1987,18.3,0.44,0.44,0.38,0.05,0.00,0.00,0.00,0.00,0.05,0.05,0.05,0.00,0.00,0.00,0.00,0.00,0.00,Matches
483,Jannik Vestergaard\Jannik-Vestergaard,dk DEN,DF,Southampton,26,1992,16.6,0.36,0.36,0.36,0.00,0.00,0.00,0.00,0.00,0.06,0.06,0.06,0.00,0.00,0.00,0.00,0.00,0.00,Matches
484,Rúben Vinagre\Ruben-Vinagre,pt POR,DF,Wolves,20,1999,7.2,1.25,1.24,0.83,0.14,0.28,0.00,0.00,0.00,0.00,0.00,0.00,0.00,0.00,0.00,0.00,0.00,0.00,Matches
485,Jake Vokins\Jake-Vokins,eng ENG,DF,Southampton,19,2000,1.0,1.00,1.00,1.00,0.00,0.00,0.00,0.00,0.00,0.00,0.00,0.00,0.00,0.00,0.00,0.00,0.00,0.00,Matches
486,Mario Vranèiæ\Mario-Vrancic,ba BIH,MF,Norwich City,30,1989,7.1,3.10,3.11,2.25,0.00,0.00,0.56,0.28,0.00,0.00,0.00,0.00,0.00,0.00,0.00,0.00,0.00,0.00,Matches
487,Matìj Vydra\Matej-Vydra,cz CZE,FW,Burnley,27,1992,9.1,2.31,2.31,1.43,0.00,0.44,0.11,0.33,0.00,0.33,0.33,0.11,0.00,0.22,0.00,0.00,0.00,0.00,Matches
488,Theo Walcott\Theo-Walcott,eng ENG,MFFW,Everton,30,1989,14.3,2.24,2.24,1.68,0.00,0.21,0.21,0.14,0.00,0.28,0.28,0.21,0.00,0.00,0.07,0.00,0.00,0.00,Matches
489,Kyle Walker\Kyle-Walker,eng ENG,DF,Manchester City,29,1990,26.6,1.84,1.84,1.69,0.00,0.11,0.00,0.04,0.00,0.23,0.23,0.23,0.00,0.00,0.00,0.00,0.00,0.00,Matches
490,Kyle Walker-Peters\Kyle-Walker-Peters,eng ENG,DF,Southampton,22,1997,7.8,0.90,0.90,0.77,0.00,0.00,0.13,0.00,0.00,0.13,0.13,0.00,0.00,0.00,0.13,0.00,0.00,0.00,Matches
491,Kyle Walker-Peters\Kyle-Walker-Peters,eng ENG,DF,Tottenham,22,1997,2.7,2.22,2.24,1.48,0.00,0.00,0.37,0.37,0.00,0.00,0.00,0.00,0.00,0.00,0.00,0.00,0.00,0.00,Matches
492,Aaron Wan-Bissaka\Aaron-Wan-Bissaka,eng ENG,DF,Manchester Utd,21,1997,34.1,1.38,1.38,1.17,0.06,0.15,0.00,0.00,0.00,0.18,0.18,0.15,0.00,0.03,0.00,0.00,0.00,0.00,Matches
493,Victor Wanyama\Victor-Wanyama,ke KEN,MF,Tottenham,28,1991,0.3,3.33,3.60,3.33,0.00,0.00,0.00,0.00,0.00,0.00,0.00,0.00,0.00,0.00,0.00,0.00,0.00,0.00,Matches
494,Joel Ward\Joel-Ward,eng ENG,DF,Crystal Palace,29,1989,26.5,0.34,0.34,0.30,0.00,0.00,0.00,0.00,0.00,0.08,0.08,0.04,0.00,0.00,0.00,0.00,0.00,0.04,Matches
495,James Ward-Prowse\James-Ward-Prowse,eng ENG,MFDF,Southampton,24,1994,38.0,2.79,2.79,1.24,1.18,0.00,0.18,0.08,0.11,0.16,0.16,0.05,0.05,0.00,0.03,0.03,0.00,0.00,Matches
496,Kelland Watts\Kelland-Watts,eng ENG,DF,Newcastle Utd,19,1999,0.2,0.00,0.00,0.00,0.00,0.00,0.00,0.00,0.00,0.00,0.00,0.00,0.00,0.00,0.00,0.00,0.00,0.00,Matches
497,Adam Webster\Adam-Webster,eng ENG,DF,Brighton,24,1995,29.6,0.74,0.74,0.64,0.03,0.03,0.00,0.00,0.03,0.03,0.03,0.03,0.00,0.00,0.00,0.00,0.00,0.00,Matches
498,Danny Welbeck\Danny-Welbeck,eng ENG,FWMF,Watford,28,1990,9.1,0.99,0.99,0.66,0.00,0.22,0.00,0.11,0.00,0.11,0.11,0.00,0.00,0.00,0.00,0.11,0.00,0.00,Matches
499,Ashley Westwood\Ashley-Westwood,eng ENG,MF,Burnley,29,1990,35.0,2.69,2.69,1.71,0.83,0.00,0.06,0.03,0.03,0.26,0.26,0.09,0.14,0.00,0.00,0.00,0.00,0.03,Matches
500,Connor Wickham\Connor-Wickham,eng ENG,FWMF,Crystal Palace,26,1993,1.1,1.82,1.87,1.82,0.00,0.00,0.00,0.00,0.00,0.00,0.00,0.00,0.00,0.00,0.00,0.00,0.00,0.00,Matches
501,Georginio Wijnaldum\Georginio-Wijnaldum,nl NED,MF,Liverpool,28,1990,32.6,1.41,1.41,1.10,0.00,0.15,0.03,0.09,0.03,0.09,0.09,0.09,0.00,0.00,0.00,0.00,0.00,0.00,Matches
502,Jetro Willems\Jetro-Willems,nl NED,DF,Newcastle Utd,25,1994,16.6,2.11,2.11,1.63,0.18,0.24,0.00,0.00,0.06,0.36,0.36,0.24,0.06,0.06,0.00,0.00,0.00,0.00,Matches
503,Brandon Williams\Brandon-Williams,eng ENG,DF,Manchester Utd,18,2000,11.2,2.14,2.15,1.88,0.09,0.09,0.00,0.09,0.00,0.09,0.09,0.00,0.00,0.00,0.00,0.09,0.00,0.00,Matches
504,Neco Williams\Neco-Williams,wal WAL,DF,Liverpool,18,2001,2.6,1.54,1.57,1.15,0.00,0.38,0.00,0.00,0.00,0.00,0.00,0.00,0.00,0.00,0.00,0.00,0.00,0.00,Matches
505,Willian\Willian,br BRA,FW,Chelsea,30,1988,28.9,5.12,5.12,3.39,1.07,0.21,0.14,0.21,0.10,0.48,0.48,0.35,0.03,0.00,0.03,0.03,0.03,0.00,Matches
506,Joe Willock\Joe-Willock,eng ENG,MFFW,Arsenal,19,1999,9.5,3.47,3.47,2.74,0.00,0.32,0.11,0.11,0.21,0.32,0.32,0.32,0.00,0.00,0.00,0.00,0.00,0.00,Matches
507,Jack Wilshere\Jack-Wilshere,eng ENG,MF,West Ham,27,1992,2.4,0.42,0.42,0.42,0.00,0.00,0.00,0.00,0.00,0.42,0.42,0.42,0.00,0.00,0.00,0.00,0.00,0.00,Matches
508,Callum Wilson\Callum-Wilson,eng ENG,FW,Bournemouth,27,1992,32.3,1.80,1.80,1.33,0.00,0.09,0.15,0.22,0.00,0.22,0.22,0.06,0.00,0.03,0.03,0.09,0.00,0.00,Matches
509,Harry Wilson\Harry-Wilson,wal WAL,MFFW,Bournemouth,22,1997,18.3,2.40,2.41,1.64,0.16,0.05,0.11,0.38,0.05,0.16,0.16,0.05,0.00,0.00,0.05,0.05,0.00,0.00,Matches
510,Harry Winks\Harry-Winks,eng ENG,MF,Tottenham,23,1996,24.7,1.54,1.54,1.38,0.12,0.00,0.00,0.00,0.04,0.20,0.20,0.20,0.00,0.00,0.00,0.00,0.00,0.00,Matches
511,Chris Wood\Chris-Wood,nz NZL,FW,Burnley,27,1991,27.1,1.85,1.85,1.18,0.00,0.18,0.15,0.30,0.04,0.15,0.15,0.11,0.00,0.00,0.00,0.00,0.04,0.00,Matches
512,Granit Xhaka\Granit-Xhaka,ch SUI,MF,Arsenal,26,1992,28.7,1.46,1.46,1.15,0.03,0.07,0.03,0.07,0.10,0.14,0.14,0.10,0.00,0.00,0.00,0.03,0.00,0.00,Matches
513,Andriy Yarmolenko\Andriy-Yarmolenko,ua UKR,MFFW,West Ham,29,1989,11.0,3.18,3.18,2.64,0.09,0.27,0.09,0.09,0.00,0.55,0.54,0.36,0.00,0.18,0.00,0.00,0.00,0.00,Matches
514,DeAndre Yedlin\DeAndre-Yedlin,us USA,DF,Newcastle Utd,26,1993,10.4,1.44,1.44,1.25,0.00,0.10,0.00,0.10,0.00,0.00,0.00,0.00,0.00,0.00,0.00,0.00,0.00,0.00,Matches
515,Maya Yoshida\Maya-Yoshida,jp JPN,DF,Southampton,30,1988,6.2,0.32,0.32,0.16,0.00,0.00,0.00,0.00,0.16,0.00,0.00,0.00,0.00,0.00,0.00,0.00,0.00,0.00,Matches
516,Ashley Young\Ashley-Young,eng ENG,DF,Manchester Utd,34,1985,10.6,2.45,2.45,1.04,1.23,0.00,0.00,0.09,0.09,0.00,0.00,0.00,0.00,0.00,0.00,0.00,0.00,0.00,Matches
517,Pablo Zabaleta\Pablo-Zabaleta,ar ARG,DF,West Ham,34,1985,6.6,0.76,0.76,0.76,0.00,0.00,0.00,0.00,0.00,0.00,0.00,0.00,0.00,0.00,0.00,0.00,0.00,0.00,Matches
518,Wilfried Zaha\Wilfried-Zaha,ci CIV,MFFW,Crystal Palace,26,1992,36.4,2.94,2.94,1.70,0.00,0.60,0.14,0.41,0.05,0.22,0.22,0.11,0.00,0.00,0.03,0.05,0.00,0.03,Matches
519,Christoph Zimmermann\Christoph-Zimmermann,de GER,DF,Norwich City,26,1993,15.9,0.25,0.25,0.06,0.00,0.00,0.00,0.00,0.19,0.00,0.00,0.00,0.00,0.00,0.00,0.00,0.00,0.00,Matches
520,Oleksandr Zinchenko\Oleksandr-Zinchenko,ua UKR,DF,Manchester City,22,1996,14.2,2.18,2.19,2.11,0.07,0.00,0.00,0.00,0.00,0.21,0.21,0.21,0.00,0.00,0.00,0.00,0.00,0.00,Matches
521,Richairo Živkoviæ\Richairo-Zivkovic,nl NED,FW,Sheffield Utd,22,1996,1.2,1.67,1.61,1.67,0.00,0.00,0.00,0.00,0.00,0.00,0.00,0.00,0.00,0.00,0.00,0.00,0.00,0.00,Matches
522,Kurt Zouma\Kurt-Zouma,fr FRA,DF,Chelsea,24,1994,26.0,0.54,0.54,0.46,0.00,0.00,0.04,0.04,0.00,0.00,0.00,0.00,0.00,0.00,0.00,0.00,0.00,0.00,Matches
